numero,step_id,dominio,origem,destino,modo_v4,linhas_origem_12_09,quarentena_recente_documentada,situacao_triagem,prioridade,lote_sugerido,semantica,dependencias_logicas,dependencias_fk_prisma,consumidor_local,limite_consumidor,impedimentos,proxima_acao,historico_documentado,schema_divergencias_nulabilidade,destino_linhas_globais_snapshot_14_09,evidencias,regra_v4,simulacao_por_registro_concluida_nesta_triagem,carga_liberada
1,department-insert,departamentos,tb_admin.departamentos,departments,insert,48,0,CANDIDATA_SIMULACAO_DELIMITADA,2,B3-catalogos-e-grupos-delimitados,"Cadastro administrativo de departamento, com nome, cor, status e indicador de solução.",departments; organizations; users.department_id,organizations,localizado,Serviço atual cria e lista departamentos por organização.,"O mapper introduz defaults para color, status e solution; comparar a origem antes de aceitá-los.; Verificar colisão por nome e organização, pois o serviço atual a rejeita.","Simular por identidade e nome+organização, separando campos de origem dos defaults do mapper.","INVENTARIO-V4 marca a regra como comportamento legado confirmado, mas o escopo não traz comprovante privado de simulação por registro.",[],65,docs/migration/v4/scripts/rules/v2.mjs:70; infra/prisma/schema.prisma:240; services/department-service/src/services/departmentService.ts:83; docs/migration/v4.1/INVENTARIO-V4.csv:3; services/department-service/src/app.ts:62; services/department-service/src/services/departmentService.ts:81,docs/migration/v4/scripts/rules/v2.mjs,false,false
2,admin-log-insert,auditoria,tb_admin.logs,logs,insert,475947,2278,HISTORICO_PARCIAL_RECONCILIAR,3,B2-reconciliacao-historica,"Evento administrativo histórico, com autor, ação, referência e data; local legado não é preservado.",logs; users; organizations; entidade referida sem FK formal,organizations; users,parcial,"Há escrita atual de logs, mas não foi localizado consumidor que reconcilie referências históricas arbitrárias.","Autor deve resolver em usuário.; Referência de entidade não geral não tem contrato atual universal.; Para outros eventos sem changes corroborado, o default {} não é prova de representação; L01 o aprova somente para acesso geral tipo 0/1 com referente_id 0.","Separar os eventos gerais L01 (tipo 0/1, referente_id 0) dos demais; reconciliar os remanescentes contra usuário, entidade e changes. Manter o passivo antigo em recorte separado, sem presumir saldo global deduplicado.","L01 já delimitou a representação de acesso geral; a quarentena documenta 2.278 chaves remanescentes com referências, autores ou coincidências pendentes e não inclui o passivo antigo.",[],469240,docs/migration/v4/scripts/rules/admin-business.mjs:302; infra/prisma/schema.prisma:452; services/regularize-service/src/services/regularizeLogService.ts:26; docs/migration/v4.1/MAPEAMENTO.md:178; docs/migration/v4.1/RELATORIO-QUARENTENA-2026-09-13.md:238,docs/migration/v4/scripts/rules/admin-business.mjs,false,false
3,permission-specific-task-completion-merge,permissoes,tb_admin.permissoes,permissions.specific,merge,14,0,RESTRICAO_DE_ESCOPO,9,X-decisao-de-escopo,"Permissão específica por usuário e organização, reduzida ao flag task_completion pela combinação dinâmica legado.",permissions.specific; users; organizations,organizations; users,localizado,Contrato atual administra permissões específicas; não autoriza migrar concessões.,Alteração de permissão é vedada pelo escopo.; Requer identidade de usuário e unicidade por usuário/organização.,"Registrar somente a matriz de decisão para validação futura autorizada, sem simular merge em permissões.",INVENTARIO-V4 pede revalidação incremental U01; não há aprovação de concessões neste escopo.,[],3,docs/migration/v4/scripts/rules/admin-business.mjs:555; infra/prisma/schema.prisma:432; services/user-service/src/services/permissionService.ts:214; docs/migration/v4.1/INVENTARIO-V4.csv:5; services/user-service/src/app.ts:79,docs/migration/v4/scripts/rules/admin-business.mjs,false,false
4,permission-certificado-merge,permissoes,tb_admin.permissoes_certificado,permissions,merge,69,2,RESTRICAO_DE_ESCOPO,9,X-decisao-de-escopo,Nível modular de certificado consolidado na Permission única por usuário e organização.,permissions; users; organizations,organizations; users,localizado,O serviço atual atualiza módulos de acesso.,Concessão ou realinhamento de permissões é vedado.; Requer usuário resolvido e unicidade user_id+organization_id.,"Preservar o diagnóstico como pendência de escopo, sem executar ou aprovar merge.",Quarentena registra 2 linhas fora do escopo por serem merge em permissions.,[],315,docs/migration/v4/scripts/rules/admin-business.mjs:618; infra/prisma/schema.prisma:407; services/user-service/src/services/permissionService.ts:111; docs/migration/v4.1/RELATORIO-QUARENTENA-2026-09-13.md:240; services/user-service/src/app.ts:79,docs/migration/v4/scripts/rules/admin-business.mjs,false,false
5,permission-comercial-merge,permissoes,tb_admin.permissoes_comercial,permissions,merge,17,0,RESTRICAO_DE_ESCOPO,9,X-decisao-de-escopo,Nível modular comercial consolidado na Permission única por usuário e organização.,permissions; users; organizations,organizations; users,localizado,O serviço atual atualiza módulos de acesso.,Concessão ou realinhamento de permissões é vedado.; Requer usuário resolvido e unicidade user_id+organization_id.,"Preservar o diagnóstico como pendência de escopo, sem executar ou aprovar merge.",O inventário pede U01; não há comprovante privado de aprovação desta etapa.,[],315,docs/migration/v4/scripts/rules/admin-business.mjs:618; infra/prisma/schema.prisma:407; services/user-service/src/services/permissionService.ts:111; docs/migration/v4.1/INVENTARIO-V4.csv:8; services/user-service/src/app.ts:79,docs/migration/v4/scripts/rules/admin-business.mjs,false,false
6,permission-contabil-merge,permissoes,tb_admin.permissoes_contabil,permissions,merge,40,2,RESTRICAO_DE_ESCOPO,9,X-decisao-de-escopo,Nível modular contábil consolidado na Permission única por usuário e organização.,permissions; users; organizations,organizations; users,localizado,O serviço atual atualiza módulos de acesso.,Concessão ou realinhamento de permissões é vedado.; Requer usuário resolvido e unicidade user_id+organization_id.,"Preservar o diagnóstico como pendência de escopo, sem executar ou aprovar merge.",Quarentena registra 2 linhas fora do escopo por serem merge em permissions.,[],315,docs/migration/v4/scripts/rules/admin-business.mjs:618; infra/prisma/schema.prisma:407; services/user-service/src/services/permissionService.ts:111; docs/migration/v4.1/RELATORIO-QUARENTENA-2026-09-13.md:241; services/user-service/src/app.ts:79,docs/migration/v4/scripts/rules/admin-business.mjs,false,false
7,permission-financeiro-merge,permissoes,tb_admin.permissoes_financeiro,permissions,merge,12,0,RESTRICAO_DE_ESCOPO,9,X-decisao-de-escopo,Nível modular financeiro consolidado na Permission única por usuário e organização.,permissions; users; organizations,organizations; users,localizado,O serviço atual atualiza módulos de acesso.,Concessão ou realinhamento de permissões é vedado.; Requer usuário resolvido e unicidade user_id+organization_id.,"Preservar o diagnóstico como pendência de escopo, sem executar ou aprovar merge.",O inventário pede U01; não há comprovante privado de aprovação desta etapa.,[],315,docs/migration/v4/scripts/rules/admin-business.mjs:618; infra/prisma/schema.prisma:407; services/user-service/src/services/permissionService.ts:111; docs/migration/v4.1/INVENTARIO-V4.csv:10; services/user-service/src/app.ts:79,docs/migration/v4/scripts/rules/admin-business.mjs,false,false
8,permission-fiscal-merge,permissoes,tb_admin.permissoes_fiscal,permissions,merge,46,4,RESTRICAO_DE_ESCOPO,9,X-decisao-de-escopo,Nível modular fiscal consolidado na Permission única por usuário e organização.,permissions; users; organizations,organizations; users,localizado,O serviço atual atualiza módulos de acesso.,Concessão ou realinhamento de permissões é vedado.; Requer usuário resolvido e unicidade user_id+organization_id.,"Preservar o diagnóstico como pendência de escopo, sem executar ou aprovar merge.",Quarentena registra 4 linhas fora do escopo por serem merge em permissions.,[],315,docs/migration/v4/scripts/rules/admin-business.mjs:618; infra/prisma/schema.prisma:407; services/user-service/src/services/permissionService.ts:111; docs/migration/v4.1/RELATORIO-QUARENTENA-2026-09-13.md:242; services/user-service/src/app.ts:79,docs/migration/v4/scripts/rules/admin-business.mjs,false,false
9,permission-integracao-merge,permissoes,tb_admin.permissoes_integracao,permissions,merge,274,10,RESTRICAO_DE_ESCOPO,9,X-decisao-de-escopo,Nível modular integração consolidado na Permission única por usuário e organização.,permissions; users; organizations,organizations; users,localizado,O serviço atual atualiza módulos de acesso.,Concessão ou realinhamento de permissões é vedado.; Requer usuário resolvido e unicidade user_id+organization_id.,"Preservar o diagnóstico como pendência de escopo, sem executar ou aprovar merge.",Quarentena registra 10 linhas fora do escopo por serem merge em permissions.,[],315,docs/migration/v4/scripts/rules/admin-business.mjs:618; infra/prisma/schema.prisma:407; services/user-service/src/services/permissionService.ts:111; docs/migration/v4.1/RELATORIO-QUARENTENA-2026-09-13.md:243; services/user-service/src/app.ts:79,docs/migration/v4/scripts/rules/admin-business.mjs,false,false
10,permission-marketing-merge,permissoes,tb_admin.permissoes_marketing,permissions,merge,94,1,RESTRICAO_DE_ESCOPO,9,X-decisao-de-escopo,Nível modular marketing consolidado na Permission única por usuário e organização.,permissions; users; organizations,organizations; users,localizado,O serviço atual atualiza módulos de acesso.,Concessão ou realinhamento de permissões é vedado.; Requer usuário resolvido e unicidade user_id+organization_id.,"Preservar o diagnóstico como pendência de escopo, sem executar ou aprovar merge.",Quarentena registra 1 linha fora do escopo por ser merge em permissions.,[],315,docs/migration/v4/scripts/rules/admin-business.mjs:618; infra/prisma/schema.prisma:407; services/user-service/src/services/permissionService.ts:111; docs/migration/v4.1/RELATORIO-QUARENTENA-2026-09-13.md:244; services/user-service/src/app.ts:79,docs/migration/v4/scripts/rules/admin-business.mjs,false,false
11,permission-parcelamento-merge,permissoes,tb_admin.permissoes_parcelamento,permissions,merge,27,1,RESTRICAO_DE_ESCOPO,9,X-decisao-de-escopo,Nível modular parcelamento consolidado na Permission única por usuário e organização.,permissions; users; organizations,organizations; users,localizado,O serviço atual atualiza módulos de acesso.,Concessão ou realinhamento de permissões é vedado.; Requer usuário resolvido e unicidade user_id+organization_id.,"Preservar o diagnóstico como pendência de escopo, sem executar ou aprovar merge.",Quarentena registra 1 linha fora do escopo; o inventário também marca P01 além de U01.,[],315,docs/migration/v4/scripts/rules/admin-business.mjs:618; infra/prisma/schema.prisma:407; services/user-service/src/services/permissionService.ts:111; docs/migration/v4.1/RELATORIO-QUARENTENA-2026-09-13.md:245; services/user-service/src/app.ts:79,docs/migration/v4/scripts/rules/admin-business.mjs,false,false
12,permission-pessoal-merge,permissoes,tb_admin.permissoes_pessoal,permissions,merge,35,2,RESTRICAO_DE_ESCOPO,9,X-decisao-de-escopo,Nível modular pessoal consolidado na Permission única por usuário e organização.,permissions; users; organizations,organizations; users,localizado,O serviço atual atualiza módulos de acesso.,Concessão ou realinhamento de permissões é vedado.; Requer usuário resolvido e unicidade user_id+organization_id.,"Preservar o diagnóstico como pendência de escopo, sem executar ou aprovar merge.",Quarentena registra 2 linhas fora do escopo por serem merge em permissions.,[],315,docs/migration/v4/scripts/rules/admin-business.mjs:618; infra/prisma/schema.prisma:407; services/user-service/src/services/permissionService.ts:111; docs/migration/v4.1/RELATORIO-QUARENTENA-2026-09-13.md:247; services/user-service/src/app.ts:79,docs/migration/v4/scripts/rules/admin-business.mjs,false,false
13,permission-regularize-merge,permissoes,tb_admin.permissoes_regularize,permissions,merge,268,10,RESTRICAO_DE_ESCOPO,9,X-decisao-de-escopo,Nível modular regularize consolidado na Permission única por usuário e organização.,permissions; users; organizations,organizations; users,localizado,O serviço atual atualiza módulos de acesso.,Concessão ou realinhamento de permissões é vedado.; Requer usuário resolvido e unicidade user_id+organization_id.,"Preservar o diagnóstico como pendência de escopo, sem executar ou aprovar merge.",Quarentena registra 10 linhas fora do escopo por serem merge em permissions.,[],315,docs/migration/v4/scripts/rules/admin-business.mjs:618; infra/prisma/schema.prisma:407; services/user-service/src/services/permissionService.ts:111; docs/migration/v4.1/RELATORIO-QUARENTENA-2026-09-13.md:248; services/user-service/src/app.ts:79,docs/migration/v4/scripts/rules/admin-business.mjs,false,false
14,permission-rh-merge,permissoes,tb_admin.permissoes_rh,permissions,merge,253,10,RESTRICAO_DE_ESCOPO,9,X-decisao-de-escopo,Nível modular RH consolidado na Permission única por usuário e organização.,permissions; users; organizations,organizations; users,localizado,O serviço atual atualiza módulos de acesso.,Concessão ou realinhamento de permissões é vedado.; Requer usuário resolvido e unicidade user_id+organization_id.,"Preservar o diagnóstico como pendência de escopo, sem executar ou aprovar merge.",Quarentena registra 10 linhas fora do escopo por serem merge em permissions.,[],315,docs/migration/v4/scripts/rules/admin-business.mjs:618; infra/prisma/schema.prisma:407; services/user-service/src/services/permissionService.ts:111; docs/migration/v4.1/RELATORIO-QUARENTENA-2026-09-13.md:249; services/user-service/src/app.ts:79,docs/migration/v4/scripts/rules/admin-business.mjs,false,false
15,user-insert,usuarios,tb_admin.usuarios,users,insert,316,10,DEPENDENCIAS_OU_CONTRATO_PENDENTES,3,B4-grupos-com-dependencias,"Conta administrativa, credencial, perfil básico e vínculo obrigatório com departamento.",users; departments; organizations; permissions; auth_sessions,departments; organizations; permissions,localizado,"Serviço atual gere usuários, autenticação e permissões associadas.","Para novo usuário, a proveniência da senha deve ser explícita e a transformação usar hash compatível com hashPassword, validado em cópia, sem expor credencial.; Departamento, login, CPF e RG têm vínculos ou unicidades.; Acesso, perfil composto e credencial não estão integralmente validados.; Mapper introduz permission, status e session_version padrão.","Delimitar simulação de identidade, perfil e proveniência de credencial; para candidato novo, validar hash atual em cópia sem criar usuário ou conceder acesso.","Quarentena: 10 novos usuários, 2 colisões de login e datas Domínio zero; acesso, perfil e credencial não estão integralmente validados.","[{""column"": ""organization_id"", ""prisma_nullable"": true, ""snapshot_not_null"": true}]",315,docs/migration/v4/scripts/rules/v2.mjs:87; infra/prisma/schema.prisma:263; services/user-service/src/app.ts:78; services/user-service/src/security/passwordHashService.ts:21; docs/migration/v4.1/MAPEAMENTO.md:205; docs/migration/v4.1/RELATORIO-QUARENTENA-2026-09-13.md:253; services/user-service/src/services/userManagementService.ts:119,docs/migration/v4/scripts/rules/v2.mjs,false,false
16,shared-email-recipient-insert,E-mails compartilhados,tb_cbc.emails,emails,insert,26,4,CANDIDATA_SIMULACAO_DELIMITADA,1,B1-piloto-recente,Destinatário e flags de envio de novo cliente/tarefa paralisada; não é histórico de cliente.,emails; organizations,organizations,localizado,O serviço consulta emails como destinatários de notificação comercial; esta análise não envia emails.,"Comparar email, responsável e flags contra destinos por identidade alternativa.; Preservar explicitamente o texto que a V4 normaliza antes de emitir.; O destino alimenta destinatários futuros; não disparar email nesta análise.","Simular somente as quatro linhas com deduplicação por conteúdo, registrar preservação literal e não acionar envio.",Nenhuma simulação desta etapa no escopo; relatório aponta quatro candidatas ainda não liberadas.,[],22,docs/migration/v4/scripts/rules/remaining.mjs:441; docs/migration/v4.1/RELATORIO-QUARENTENA-2026-09-13.md:259; services/commercial-service/src/services/commercialEmailNotificationService.ts:89,docs/migration/v4/scripts/rules/remaining.mjs,false,false
17,parcelamento-panorama-insert,Parcelamento,tb_cbc.panorama_parcelamentos,parcelamento.panorama,insert,1240,0,DEPENDENCIAS_OU_CONTRATO_PENDENTES,3,B4-grupos-com-dependencias,"Panorama por cliente e competência, com indicadores fiscais; não é reconstrução de fatos de parcelamento.",clients; users; parcelamento.panorama,clients; organizations; users,localizado,Serviço lista e cria panoramas no escopo da organização; a equivalência da identidade legada ainda não foi demonstrada.,Cliente e responsável precisam de reconciliação por identidade; unicidade cliente-competência; não reconstruir fatos por suposição,"Simular em memória a resolução cliente/responsável e a colisão por cliente-competência, sem chamar geração ou criação operacional.",Escopo registra insert sem simulação desta etapa; a quarentena histórica mantém 224 panoramas para preservar estado sem suposição.,[],1226,docs/migration/v4/scripts/rules/parcelamento.mjs:230; infra/prisma/schema.prisma:1569; services/parcelamento-service/src/services/panoramaService.ts:121; docs/migration/v4.1/RELATORIO-QUARENTENA-2026-09-13.md:544,docs/migration/v4/scripts/rules/parcelamento.mjs,false,false
18,cbs-stock-insert,Estoque CBS,tb_cbs.estoque,stock,insert,433,0,DEPENDENCIAS_OU_CONTRATO_PENDENTES,3,B4-grupos-com-dependencias,"Item de estoque CBS, cuja categoria, localização e descrição dependem de tabelas auxiliares legadas.",stock; stock.categories; stock.locations; departments; tb_cbs.estoque_itens; tb_cbs.estoque_categorias_itens; tb_cbs.estoque_andares,departments; organizations; stock.categories; stock.locations,localizado,Consumidor atual exige categoria e localização de TI antes de criar o item.,Auxiliares CBS não têm contrato atual validado; categoria e localização precisam de identidade; não presumir o saldo por fluxo operacional,"Montar matriz de resolução para item, categoria, localização, departamento e saldo sem gravar.","Escopo registra insert sem simulação; INVENTARIO-V4 marca revalidação incremental, não aprovação.",[],75,docs/migration/v4/scripts/rules/remaining.mjs:462; infra/prisma/schema.prisma:1197; services/ti-service/src/services/tiStockService.ts:124; docs/migration/v4.1/INVENTARIO-V4.csv:47,docs/migration/v4/scripts/rules/remaining.mjs,false,false
19,cbs-stock-category-insert,Categorias CBS,tb_cbs.estoque_categorias,stock.categories,insert,65,0,CANDIDATA_SIMULACAO_DELIMITADA,2,B3-catalogos-e-grupos-delimitados,Catálogo de categorias CBS vinculado a departamento de Tecnologia.,stock.categories; departments,departments; organizations,localizado,Serviço atual consulta e cria categorias no departamento de TI.,Resolver departamento como Tecnologia; verificar nome/identidade e colisão no destino; default status=true não prova estado legado,"Simular resolução de departamento e colisões de categoria por organização, preservando o status somente quando comprovado.",Escopo registra insert sem simulação desta etapa.,[],203,docs/migration/v4/scripts/rules/remaining.mjs:539; infra/prisma/schema.prisma:1184; services/ti-service/src/services/tiStockService.ts:430; docs/migration/v4.1/INVENTARIO-V4.csv:49,docs/migration/v4/scripts/rules/remaining.mjs,false,false
20,cbs-stock-entry-insert,Entradas CBS,tb_cbs.estoque_entradas,stock.entries,insert,2215,0,DEPENDENCIAS_OU_CONTRATO_PENDENTES,3,B4-grupos-com-dependencias,"Movimento histórico de entrada associado a item e usuário, cujo saldo posterior não pertence ao evento.",stock.entries; stock; users,organizations; stock; users,localizado,O caminho atual cria a entrada e incrementa quantity; não pode reproduzir histórico.,Item e usuário exigem identidade; data e quantidade precisam de validação; inserção pelo serviço altera saldo,Simular vínculos e recompor saldo esperado fora do serviço; definir estratégia de preservação que não replique incremento.,Escopo registra insert sem simulação; regra não preserva o saldo posterior.,[],736,docs/migration/v4/scripts/rules/remaining.mjs:579; infra/prisma/schema.prisma:1217; services/ti-service/src/services/tiStockService.ts:196; docs/migration/v4/scripts/rules/remaining.mjs:588,docs/migration/v4/scripts/rules/remaining.mjs,false,false
21,cbs-inventory-category-insert,Categorias de inventário CBS,tb_cbs.estoque_inventario,tecnologia.inventoryCategories,insert,26,0,CANDIDATA_SIMULACAO_DELIMITADA,2,B3-catalogos-e-grupos-delimitados,Catálogo legado de tipo de item para categorias de inventário de Tecnologia.,tecnologia.inventoryCategories,organizations,localizado,Serviço atual cria categorias ativas e rejeita nome ativo duplicado na organização.,Confirmar equivalência de tipo_item para name; reconciliar nomes e estado ativo; colisão por nome ativo,Comparar identidade natural nome/tag e colisões de categorias apenas no artefato de simulação.,Escopo registra insert sem simulação desta etapa.,[],48,docs/migration/v4/scripts/rules/remaining.mjs:598; infra/prisma/schema.prisma:2121; docs/migration/v4.1/INVENTARIO-V4.csv:52; services/ti-service/src/services/tiInventoryCategoryService.ts:20,docs/migration/v4/scripts/rules/remaining.mjs,false,false
22,cbs-stock-location-insert,Localizações CBS,tb_cbs.estoque_localizacoes,stock.locations,insert,27,0,DEPENDENCIAS_OU_CONTRATO_PENDENTES,2,B4-grupos-com-dependencias,"Catálogo de localizações CBS, com andar resolvido em tabela auxiliar e departamento de TI.",stock.locations; departments; tb_cbs.estoque_andares,departments; organizations,localizado,Serviço atual cria localização com escopo de departamento.,Andar depende de auxiliar sem contrato atual; resolver departamento; identidade por nome/local pode colidir,"Simular resolução de andar e departamento, e listar colisões por nome antes de qualquer payload.",Escopo registra insert sem simulação desta etapa.,[],22,docs/migration/v4/scripts/rules/remaining.mjs:615; infra/prisma/schema.prisma:1168; services/ti-service/src/services/tiStockService.ts:519; docs/migration/v4.1/INVENTARIO-V4.csv:54,docs/migration/v4/scripts/rules/remaining.mjs,false,false
23,cbs-stock-exit-insert,Saídas CBS,tb_cbs.estoque_saidas,stock.exits,insert,3000,0,DEPENDENCIAS_OU_CONTRATO_PENDENTES,3,B4-grupos-com-dependencias,"Movimento histórico de saída, com solicitante obrigatório, atores opcionais e observação sem destino semântico atual.",stock.exits; stock; stock.locations; users,organizations; stock; stock.locations; users,localizado,O caminho atual reduz quantity e recusa saldo insuficiente.,Vínculos de item e usuários; destino/localização e datas; observação não pode ser deslocada; efeito de saldo do serviço,Simular referências e saldo reconciliado sem chamar a criação de saída; registrar texto não preservável separadamente.,"Escopo registra insert sem simulação; defaults de aprovador, operador e localização não podem fabricar fatos.",[],61,docs/migration/v4/scripts/rules/remaining.mjs:635; infra/prisma/schema.prisma:1232; services/ti-service/src/services/tiStockService.ts:271; docs/migration/v4/scripts/rules/remaining.mjs:651; services/ti-service/src/services/tiStockService.ts:229,docs/migration/v4/scripts/rules/remaining.mjs,false,false
24,certificate-pf-insert,Certificados PF,tb_certificados.pf,certificate.pf,insert,802,8,DEPENDENCIAS_OU_CONTRATO_PENDENTES,3,B4-grupos-com-dependencias,"Certificado pessoal com identidade única, senha e possível arquivo criptografado, além de validade e pagamento.",certificate.pf; certificate file storage; criptografia de arquivo; organização,organizations,localizado,Serviço configura storage e criptografia; presença de consumer não prova compatibilidade do arquivo legado.,"No recorte recente, oito candidatos sem ID têm pagamento zero e um também validade zero; unicidade de identidade; arquivo, metadados e envelope criptográfico não comprovados; senha é dado sensível","Fazer simulação documental por registro de identidade, verificando todas as datas individualmente e a presença de artefato criptografável, sem ler ou emitir segredo.","Escopo registra insert sem simulação; o fato de datas acima é do recorte recente, não da origem inteira; a próxima análise deve verificar cada data por registro.",[],342,docs/migration/v4/scripts/rules/certificates.mjs:22; infra/prisma/schema.prisma:1330; services/certificate-service/src/services/certificatePfService.ts:280; docs/migration/v4.1/RELATORIO-QUARENTENA-2026-09-13.md:270; services/certificate-service/src/server.ts:24,docs/migration/v4/scripts/rules/certificates.mjs,false,false
25,certificate-pj-insert,Certificados PJ,tb_certificados.pj,certificate.pj,insert,803,23,DEPENDENCIAS_OU_CONTRATO_PENDENTES,3,B4-grupos-com-dependencias,"Certificado empresarial com identidade por nome, documento e modelo, senha e possível arquivo criptografado.",certificate.pj; certificate file storage; criptografia de arquivo; organização,organizations,localizado,"Há serviço especializado de arquivo, mas a equivalência do legado não foi comprovada.","No recorte recente, 23 candidatos sem ID incluem 21 com pagamento zero; os outros dois não estão bloqueados somente por associação ao lote; unicidade de identidade; arquivo, metadados e criptografia; senha é dado sensível","Simular somente identidade, verificando todas as datas individualmente e os pré-requisitos de arquivo/criptografia por registro, sem expor conteúdo de certificado ou senha.","Escopo registra insert sem simulação; não há validade zero explicitada para PJ nessas 23 linhas. Os fatos são do recorte recente, não da origem inteira, e todas as datas permanecem para verificação por registro.",[],439,docs/migration/v4/scripts/rules/certificates.mjs:23; infra/prisma/schema.prisma:1292; services/certificate-service/src/services/certificatePjService.ts:269; docs/migration/v4.1/RELATORIO-QUARENTENA-2026-09-13.md:271; services/certificate-service/src/server.ts:24,docs/migration/v4/scripts/rules/certificates.mjs,false,false
26,contabil-client-movement-insert,Responsáveis contábeis,tb_contabil.clientes_mov,contabil.responsibles,insert,368,6,CANDIDATA_SIMULACAO_DELIMITADA,1,B1-piloto-recente,"Marca de cliente com movimento no responsável contábil, vinculada a um único cliente por organização.",clients; contabil.responsibles; users,clients; organizations; users,localizado,O serviço verifica duplicidade por client_id e organização antes de criar.,Resolver o cliente por conteúdo.; Comparar a unicidade por cliente/tenant antes da emissão.,Simular seis linhas após resolver o cliente e confrontar com os responsáveis existentes.,Nenhuma simulação nesta etapa; o relatório mantém seis registros simples como candidatos não liberados.,[],361,docs/migration/v4/scripts/rules/admin-business.mjs:347; docs/migration/v4.1/RELATORIO-QUARENTENA-2026-09-13.md:283; services/contabil-service/src/services/responsibleService.ts:53,docs/migration/v4/scripts/rules/admin-business.mjs,false,false
27,contabil-client-history-insert,Histórico de cliente,tb_contabil.clientes_observacao,clients.history,insert,13,0,DEPENDENCIAS_OU_CONTRATO_PENDENTES,2,B4-grupos-com-dependencias,"Observação contábil histórica do cliente, distinta de log técnico.",clients; clients.history; users; storage de arquivo quando houver,clients; organizations; users,localizado,O serviço trata histórico e arquivo separadamente.,"Validar pai, autor, data civil, conteúdo e eventual arquivo.; Não converter observação em log técnico.",Levantar a regra de autoria/data e simular apenas linhas com cliente e conteúdo reconciliados.,Sem prova de simulação ou aprovação histórica desta etapa no escopo.,[],3459,docs/migration/v4/scripts/rules/admin-business.mjs:361; docs/migration/v4.1/INVENTARIO-V4.csv:67; services/client-service/src/services/clientHistoryService.ts:93,docs/migration/v4/scripts/rules/admin-business.mjs,false,false
28,contabil-control-insert,Controle contábil,tb_contabil.controle,contabil.control,insert,2973,41,HISTORICO_PARCIAL_RECONCILIAR,3,B2-reconciliacao-historica,"Checklist mensal por cliente e competência, com semântica de controle operacional.",clients; contabil.control,clients; organizations,localizado,O consumidor reutiliza o controle existente para o par cliente/competência/organização.,"Há pares já existentes, documentos não unívocos e identidades sem prova.; Não sobrescrever controle existente nem inferir identidade por UUID.",Reconciliar os 41 retidos por par cliente/competência e documento antes de qualquer nova simulação.,Os 169 controles nativos carregados já foram descontados; restam 41 com bloqueios documentados.,[],2966,docs/migration/v4/scripts/rules/admin-business.mjs:408; docs/migration/v4.1/RELATORIO-QUARENTENA-2026-09-13.md:284; services/contabil-service/src/services/controlService.ts:85,docs/migration/v4/scripts/rules/admin-business.mjs,false,false
29,contabil-relationship-insert,Relação contábil,tb_contabil.relacoes,contabil.relationship,insert,136,0,DEPENDENCIAS_OU_CONTRATO_PENDENTES,2,B4-grupos-com-dependencias,Configuração de relacionamento contábil vinculada ao cliente.,clients; contabil.relationship,clients; organizations,localizado,Há verificação de duplicidade no fluxo de criação.,Resolver cliente e identidade de relacionamento por conteúdo.; Confirmar que os valores e defaults do mapper preservam a semântica de origem.,Montar matriz de chave de negócio por cliente e confrontar conteúdo antes da simulação.,Sem simulação comprovada nesta etapa; inventário exige revalidação incremental.,[],135,docs/migration/v4/scripts/rules/admin-business.mjs:451; docs/migration/v4.1/INVENTARIO-V4.csv:74; services/contabil-service/src/services/relationshipService.ts:57,docs/migration/v4/scripts/rules/admin-business.mjs,false,false
30,fiscal-icms-insert,Fiscal ICMS,tb_fiscal.icms,fiscal.icms,insert,368,0,CANDIDATA_SIMULACAO_DELIMITADA,2,B3-catalogos-e-grupos-delimitados,"Catálogo de tributação ICMS identificado por composição fiscal, não por ID legado isolado.",fiscal.icms,organizations,localizado,O serviço verifica a chave de conteúdo antes de criar.,Confrontar chave natural e divergências de payload antes de decidir dono/duplicata.; Campos nulos permitidos não autorizam substituir valores de origem sem decisão.,Simular deduplicação pela chave natural e classificar conflito de payload separadamente.,Sem simulação desta etapa no escopo; inventário marca contrato legado confirmado e revalidação incremental.,[],361,docs/migration/v4/scripts/rules/admin-business.mjs:469; docs/migration/v4.1/INVENTARIO-V4.csv:88; services/fiscal-service/src/services/icmsService.ts:83,docs/migration/v4/scripts/rules/admin-business.mjs,false,false
31,fiscal-ipi-insert,Fiscal IPI,tb_fiscal.ipi,fiscal.ipi,insert,11088,0,CANDIDATA_SIMULACAO_DELIMITADA,2,B3-catalogos-e-grupos-delimitados,"Catálogo IPI por NCM, EX, descrição e alíquota.",fiscal.ipi,organizations,localizado,Existe consulta de duplicidade antes do create.,Confirmar identidade de negócio e colisões por conteúdo.; Distinguir ausências legítimas dos campos opcionais de normalização artificial.,"Executar simulação somente de chave de negócio e conteúdo normalizado, sem emissão.",Sem simulação comprovada nesta etapa; inventário pede revalidação incremental.,[],11088,docs/migration/v4/scripts/rules/admin-business.mjs:496; docs/migration/v4.1/INVENTARIO-V4.csv:89; services/fiscal-service/src/services/ipiService.ts:71,docs/migration/v4/scripts/rules/admin-business.mjs,false,false
32,fiscal-ncm-insert,Fiscal NCM,tb_fiscal.tributacao_pis_cofins,fiscal.ncm,insert,31362,0,CANDIDATA_SIMULACAO_DELIMITADA,2,B3-catalogos-e-grupos-delimitados,"Classificação fiscal NCM com regime, tributação e vigência.",fiscal.ncm,organizations,localizado,O serviço possui checagem de existência antes da criação.,Validar chave fiscal e datas de vigência.; Não preencher campos opcionais a partir de defaults do mapper sem evidência da origem.,Simular por chave de negócio e comparar vigência/conteúdo com o destino.,Sem simulação comprovada nesta etapa; inventário pede revalidação incremental.,[],31362,docs/migration/v4/scripts/rules/admin-business.mjs:511; docs/migration/v4.1/INVENTARIO-V4.csv:95; services/fiscal-service/src/services/ncmService.ts:95,docs/migration/v4/scripts/rules/admin-business.mjs,false,false
33,integration-group-insert,Grupo de clientes,tb_integracao.grupos,clients.group,insert,192,1,DEPENDENCIAS_OU_CONTRATO_PENDENTES,2,B4-grupos-com-dependencias,"Grupo de clientes da Integração, com nome e status, sem vínculo de membro nesta etapa.",clients.group; organizations,organizations,nao_localizado_nos_services,A busca documental anterior não localizou consumidor atual de Group/ClientsGroup.,Confirmar disponibilidade funcional e identidade por conteúdo.; A captura de IDs é parcial e não prova ausência de colisão no destino.,Reconciliar nome/status no destino e registrar a chave de negócio antes da simulação.,Há um grupo Integração retido; nenhuma simulação desta etapa foi provada.,[],302,docs/migration/v4/scripts/rules/integracao-regularize.mjs:425; docs/migration/v4.1/RELATORIO-QUARENTENA-2026-09-13.md:335; infra/prisma/schema.prisma:751,docs/migration/v4/scripts/rules/integracao-regularize.mjs,false,false
34,integration-pa-merge,Faceta PA,tb_integracao.pa,clients.pa,merge,1295,39,DEPENDENCIAS_OU_CONTRATO_PENDENTES,3,B4-grupos-com-dependencias,"Faceta PA de cliente existente; o contrato é merge, não inserção autônoma.",clients; clients.pa,clients; organizations,nao_localizado_nos_services,Não foi localizado consumidor atual da faceta PA nos services revisados.,O merge só é admissível para candidato novo; alterar pai existente permanece vedado.; Ainda requer prova de pai e de ausência/conteúdo da faceta.,"Reconciliar cliente e ausência de faceta; simular composição somente para candidato novo, sem atualizar existente.",39 linhas pendentes no recorte recente documentado; não há simulação e update de existente segue vedado.,[],2,docs/migration/v4/scripts/rules/integracao-regularize.mjs:446; docs/migration/v4.1/RELATORIO-QUARENTENA-2026-09-13.md:337; docs/migration/v4.1/dry-run/matriz-dependencias-schema.json:435,docs/migration/v4/scripts/rules/integracao-regularize.mjs,false,false
35,integration-pa-history-insert,Histórico PA,tb_integracao.pa_historicos,clients.history,insert,3543,49,DEPENDENCIAS_OU_CONTRATO_PENDENTES,3,B4-grupos-com-dependencias,"Histórico de negócio de PA associado ao cliente, não histórico técnico.",clients; clients.history; users; storage de arquivo quando houver,clients; organizations; users,localizado,O fluxo atual exige tratar arquivo e histórico de cliente.,"Validar pai, autor, data civil, arquivo e coincidências de conteúdo.; A captura de IDs é parcial.","Construir recorte de simulação com pai/autor/data/arquivo reconciliados, sem inserir.",49 históricos retidos; nenhum resultado de simulação desta etapa.,[],3459,docs/migration/v4/scripts/rules/integracao-regularize.mjs:513; docs/migration/v4.1/RELATORIO-QUARENTENA-2026-09-13.md:338; services/client-service/src/services/clientHistoryService.ts:93,docs/migration/v4/scripts/rules/integracao-regularize.mjs,false,false
36,project-plan-insert,Plano de projeto,tb_integracao.planos,integracao.projectPlan,insert,6,0,DEPENDENCIAS_OU_CONTRATO_PENDENTES,2,B4-grupos-com-dependencias,"Catálogo de planos reutilizáveis, com nome e cor.",integracao.projectPlan,organizations,localizado,O serviço localiza plano antes de criar.,Reconciliar identidade por conteúdo.; A cor default do mapper não pode encobrir ausência de valor de origem.,Simular colisões por nome/cor e documentar qualquer default necessário.,Sem simulação comprovada nesta etapa; inventário pede revalidação incremental.,[],6,docs/migration/v4/scripts/rules/v2.mjs:443; docs/migration/v4.1/INVENTARIO-V4.csv:155; services/task-service/src/services/projectPlanService.ts:153,docs/migration/v4/scripts/rules/v2.mjs,false,false
37,prospecting-project-insert,Projeto de prospecção,tb_integracao.prospeccao_comercial,integracao.projects,insert,2422,81,DEPENDENCIAS_OU_CONTRATO_PENDENTES,3,B4-grupos-com-dependencias,"Projeto derivado da prospecção comercial, dependente de cliente e de datas/status comerciais.",clients; integracao.projects; tasks,clients; organizations; users,localizado,"Há fluxo atual de projeto, mas ele não prova a representação comercial C01.","A representação V4 não cobre o contrato comercial C01 integral.; No recorte recente documentado, 66 datas de fechamento são zero; zero projetos não autoriza derivação automática.; Não disparar outbox ou email.",Especificar projeção comercial e validar cliente/datas antes de qualquer simulação de projeto.,81 linhas retidas no recorte recente documentado; sem simulação desta etapa.,[],0,docs/migration/v4/scripts/rules/v2.mjs:336; docs/migration/v4.1/RELATORIO-QUARENTENA-2026-09-13.md:339; services/project-service/src/services/projectCrudService.ts:108,docs/migration/v4/scripts/rules/v2.mjs,false,false
38,task-model-lookup,Lookup de modelo de tarefa,tb_integracao.tarefas,integracao.tasksModel,lookup,27038,1619,DEPENDENCIAS_OU_CONTRATO_PENDENTES,3,B4-grupos-com-dependencias,Busca modelo por nome e departamento para reutilizar modelo existente.,integracao.tasksModel; departments; users,departments; organizations; users,localizado,Existe serviço atual de modelos; a busca V4 permanece dependente de resolução de identidade.,Tarefas sem IDs e sem modelos/pais provados na captura.; Lookup pode resultar em zero ou ambiguidade.,"Simular somente a resolução nome+departamento e separar encontrado, zero e ambíguo.","No recorte recente documentado, Integração.tarefas tem 1.619 linhas bloqueadas; não há lookup executado nesta etapa.",[],416,docs/migration/v4/scripts/rules/v2.mjs:624; docs/migration/v4.1/RELATORIO-QUARENTENA-2026-09-13.md:341; infra/prisma/schema.prisma:841; services/task-service/src/services/taskModelService.ts:119,docs/migration/v4/scripts/rules/v2.mjs,false,false
39,task-model-derived,Modelo de tarefa derivado,tb_integracao.tarefas,integracao.tasksModel,derived,27038,1619,DEPENDENCIAS_OU_CONTRATO_PENDENTES,3,B4-grupos-com-dependencias,Modelo ad hoc derivado apenas quando o lookup de modelo não encontra resultado.,integracao.tasksModel; departments; users,departments; organizations; users,localizado,"O destino tem consumidor atual, mas a derivação depende de lookup não executado.","Pais, departamentos e responsáveis não estão reconciliados.; Defaults billing/prevision e type legacy-ad-hoc são artificiais até confronto com a origem.",Resolver primeiro o lookup e revisar cada default antes de simular derivação.,"Não há derivação provada nesta etapa; no recorte recente documentado, as 1.619 tarefas permanecem bloqueadas.",[],416,docs/migration/v4/scripts/rules/v2.mjs:646; docs/migration/v4.1/RELATORIO-QUARENTENA-2026-09-13.md:341; infra/prisma/schema.prisma:841; services/task-service/src/services/taskModelService.ts:119,docs/migration/v4/scripts/rules/v2.mjs,false,false
40,task-project-lookup,Lookup de projeto,tb_integracao.tarefas,integracao.projects,lookup,27038,1619,DEPENDENCIAS_OU_CONTRATO_PENDENTES,3,B4-grupos-com-dependencias,Busca projeto por cliente para associar a tarefa.,clients; integracao.projects,clients; organizations; users,localizado,"Existe consumidor de projeto, porém a regra depende de cliente e projeto unívocos.",Não há projetos na captura e o vínculo de cliente não está provado.; Mais de um projeto por cliente é ambiguidade de lookup.,Simular cardinalidade de projeto por cliente e separar zero/um/muitos.,Nenhum lookup foi executado nesta etapa; a origem de tarefas segue bloqueada.,[],0,docs/migration/v4/scripts/rules/v2.mjs:668; docs/migration/v4.1/RELATORIO-QUARENTENA-2026-09-13.md:341; infra/prisma/schema.prisma:902; services/project-service/src/services/projectCrudService.ts:108,docs/migration/v4/scripts/rules/v2.mjs,false,false
41,task-project-derived,Projeto técnico derivado,tb_integracao.tarefas,integracao.projects,derived,27038,1619,DEPENDENCIAS_OU_CONTRATO_PENDENTES,3,B4-grupos-com-dependencias,Projeto técnico criado somente quando não há projeto encontrado para a tarefa.,clients; integracao.projects,clients; organizations; users,localizado,O serviço atual não valida a legitimidade histórica de derivar projeto técnico.,"Criação de pais antigos está fora do recorte documental.; Nome técnico, status e porcentagem default são valores derivados sem prova no lote.",Não derivar; primeiro definir regra de pai de negócio e validar cliente/projeto.,"Não há derivação comprovada; no recorte recente documentado, tarefas e projetos na captura são zero.",[],0,docs/migration/v4/scripts/rules/v2.mjs:680; docs/migration/v4.1/RELATORIO-QUARENTENA-2026-09-13.md:341; infra/prisma/schema.prisma:902; services/project-service/src/services/projectCrudService.ts:108,docs/migration/v4/scripts/rules/v2.mjs,false,false
42,task-insert,Tarefa Integração,tb_integracao.tarefas,integracao.tasks,insert,27038,1619,DEPENDENCIAS_OU_CONTRATO_PENDENTES,3,B4-grupos-com-dependencias,"Instância de tarefa que exige modelo, projeto, cliente, departamento, responsáveis e datas.",integracao.tasks; integracao.tasksModel; integracao.projects; clients; departments; users,clients; departments; integracao.projects; integracao.tasksModel; organizations; users,localizado,O fluxo atual consulta modelo antes da criação da tarefa.,"No recorte recente documentado, 1.619 tarefas não têm IDs, projetos/tarefas na captura e têm datas zero sobrepostas.; Modelos/projetos derived não comprovam pais de negócio.; Não inferir contratação ou estado comercial.",Manter em quarentena até reconciliar pais e datas; então simular por caso completo.,Nenhuma emissão nesta etapa; migrações diretas listadas no escopo não constituem aprovação de carga.,"[{""column"": ""responsible_id"", ""prisma_nullable"": true, ""snapshot_not_null"": true}]",0,docs/migration/v4/scripts/rules/v2.mjs:696; docs/migration/v4.1/RELATORIO-QUARENTENA-2026-09-13.md:341; services/task-service/src/services/taskCrudService.ts:306,docs/migration/v4/scripts/rules/v2.mjs,false,false
43,task-dependent-insert,Dependência de modelos,tb_integracao.tarefas_dependentes,integracao.tasksDependent,insert,26,0,DEPENDENCIAS_OU_CONTRATO_PENDENTES,3,B4-grupos-com-dependencias,"Aresta entre dois modelos de tarefa express, com espera e observação.",integracao.tasksModel; integracao.tasksDependent,integracao.tasksModel; organizations,localizado,"Há serviço de dependências, mas ambos os modelos precisam ser resolvidos.",Pai e dependente exigem resolução em tarefas_express.; Auto referência é explicitamente quarentenada.,Simular somente depois de reconciliar ambos os modelos e rejeitar auto referências.,Sem simulação comprovada nesta etapa.,[],15,docs/migration/v4/scripts/rules/integracao-regularize.mjs:554; docs/migration/v4/scripts/rules/integracao-regularize.mjs:559; infra/prisma/schema.prisma:867; services/task-service/src/services/taskDependentService.ts:47,docs/migration/v4/scripts/rules/integracao-regularize.mjs,false,false
44,task-model-insert,Modelo express,tb_integracao.tarefas_express,integracao.tasksModel,insert,391,5,CANDIDATA_SIMULACAO_DELIMITADA,1,B1-piloto-recente,Modelo reutilizável de tarefa express; estado de instância não é preservado.,integracao.tasksModel; departments; users,departments; organizations; users,localizado,Há serviço atual para modelos; o vínculo responsável/departamento requer validação.,"Três dos cinco registros têm responsável de outro departamento.; Nos dois restantes faltam identidade, constantes/type, conteúdo e projeção integral.",Diagnosticar as cinco pendências: três incompatibilidades responsável/departamento e duas identidades/constantes/conteúdo ainda não validados; materializar somente o resultado liberado por caso.,Cinco modelos retidos; não há simulação aprovada nesta etapa.,[],416,docs/migration/v4/scripts/rules/v2.mjs:418; docs/migration/v4.1/RELATORIO-QUARENTENA-2026-09-13.md:344; infra/prisma/schema.prisma:841; services/task-service/src/services/taskModelService.ts:119,docs/migration/v4/scripts/rules/v2.mjs,false,false
45,termination-task-model-insert,Modelo de distrato,tb_integracao.tarefas_express_distrato,integracao.tasksModel,insert,0,0,SEM_LINHAS_NA_ORIGEM,8,Z-sem-linhas,Modelo reutilizável de distrato; estado e realizado pertencem à instância e não são preservados.,integracao.tasksModel; departments; users,departments; organizations; users,localizado,O consumidor de modelo existe; a regra requer departamento e responsáveis válidos.,"Resolver departamento e responsáveis, inclusive compatibilidade responsável/departamento.; Billing e prevision default exigem conferência de preservação.","Export de 12/09 sem linhas, recontado nesta triagem; não há payload desta origem a simular nesta captura. Preservar restrições semânticas para outro export.",Sem simulação comprovada nesta etapa.,[],416,docs/migration/v4/scripts/rules/integracao-regularize.mjs:610; docs/migration/v4.1/INVENTARIO-V4.csv:172; infra/prisma/schema.prisma:841; services/task-service/src/services/taskModelService.ts:119,docs/migration/v4/scripts/rules/integracao-regularize.mjs,false,false
46,project-plan-task-insert,Tarefa em plano,tb_integracao.tarefas_planos,integracao.projectPlanTasks,insert,47,0,DEPENDENCIAS_OU_CONTRATO_PENDENTES,3,B4-grupos-com-dependencias,Vínculo ordenado entre plano e modelo de tarefa express.,integracao.projectPlan; integracao.tasksModel; integracao.projectPlanTasks,integracao.projectPlan; integracao.tasksModel; organizations,localizado,"O serviço confirma plano, modelo e posição antes de criar o vínculo.",Plano e modelo express precisam estar reconciliados.; A ordem default zero não deve substituir ordem de origem sem evidência.,Simular somente pares plano/modelo resolvidos e verificar colisão de ordem.,Sem simulação comprovada nesta etapa.,[],4,docs/migration/v4/scripts/rules/v2.mjs:458; docs/migration/v4/scripts/rules/v2.mjs:463; services/task-service/src/services/projectPlanService.ts:328,docs/migration/v4/scripts/rules/v2.mjs,false,false
47,task-regularize-link-insert,Vínculo tarefa-Regularize,tb_integracao.tarefas_regularize,integracao.tasksIntegrationRegularize,insert,13,0,DEPENDENCIAS_OU_CONTRATO_PENDENTES,3,B4-grupos-com-dependencias,Ligação de modelo express a referência Regularize tipada.,integracao.tasksModel; integracao.tasksIntegrationRegularize; regularize.license; regularize.process,integracao.tasksModel; organizations,localizado,"Há serviço atual, mas o tipo e a referência precisam ser resolvidos.",Modelo express ainda depende de reconciliação.; Tipo da referência é lookup obrigatório e pode ser desconhecido ou ambíguo.,"Simular resolução de modelo e referring_type, sem inserir quando houver zero/muitos.",Sem simulação comprovada nesta etapa.,[],0,docs/migration/v4/scripts/rules/integracao-regularize.mjs:724; docs/migration/v4/scripts/rules/integracao-regularize.mjs:742; infra/prisma/schema.prisma:1854; services/task-service/src/services/taskIntegrationRegularizeService.ts:36,docs/migration/v4/scripts/rules/integracao-regularize.mjs,false,false
48,mkt-password-insert,Credenciais Marketing,tb_mkt.senhas,mtk.passwords,insert,55,1,DEPENDENCIAS_OU_CONTRATO_PENDENTES,3,B4-grupos-com-dependencias,"Credencial operacional de Marketing, não mero campo de cadastro.",mtk.passwords; configuração de criptografia; autorização específica de credenciais,organizations,nao_localizado_nos_services,Não foi localizado serviço atual de Marketing; a regra V4 exige capacidade de criptografia antes de classificar a credencial.,Credencial e observação podem conter segredo; emissão/criptografia não validadas; a regra requer contexto de criptografia,"Validar apenas a capacidade de criptografia e o contrato de emissão, sem revelar ou copiar segredo; manter registros sem esses pré-requisitos em quarentena.",Escopo registra insert sem simulação; relatório registra uma credencial sem emissão/criptografia autorizada.,[],0,docs/migration/v4/scripts/rules/remaining.mjs:706; infra/prisma/schema.prisma:1482; docs/migration/v4.1/RELATORIO-QUARENTENA-2026-09-13.md:352; docs/migration/v4.1/MAPEAMENTO.md:619,docs/migration/v4/scripts/rules/remaining.mjs,false,false
49,parcelamento-client-lookup,Clientes Parcelamento,tb_parcelamento.clientes,clients,lookup,13,0,DEPENDENCIAS_OU_CONTRATO_PENDENTES,3,B4-grupos-com-dependencias,"Lookup de cliente legado para servir de pai aos parcelamentos, sem autorização para criar ou mesclar cliente.",clients; parcelamento.installments; parcelamento.panorama,organizations,localizado,"Serviço filtra parcelamentos por client_id, confirmando a dependência sem resolver identidade legada.",Associação inequívoca do cliente; não escolher primeiro candidato nem recriar cliente; vínculos de panorama e parcelas dependem do lookup,Produzir tabela de correspondência somente com evidência de negócio e classificar ambiguidades sem merge.,Escopo registra lookup sem simulação; a quarentena histórica exige reconciliar chaves antes de promover Parcelamento.,[],3100,docs/migration/v4/scripts/rules/parcelamento.mjs:1; infra/prisma/schema.prisma:1519; services/parcelamento-service/src/services/installmentService.ts:143; docs/migration/v4.1/RELATORIO-QUARENTENA-2026-09-13.md:549,docs/migration/v4/scripts/rules/parcelamento.mjs,false,false
50,parcelamento-installment-competency-insert,Competências Parcelamento,tb_parcelamento.competencia,parcelamento.installmentsCompetencies,insert,510,0,DEPENDENCIAS_OU_CONTRATO_PENDENTES,3,B4-grupos-com-dependencias,"Competência mensal filha de parcelamento, com contadores e valor que alimentam agregados do pai.",parcelamento.installmentsCompetencies; parcelamento.installments; clients,organizations; parcelamento.installments,localizado,Criação atual exige pai e unicidade por competência e depois recalcula agregados.,Pai parcelamento precisa existir e estar reconciliado; unicidade pai-competência; serviço recalcula agregados; sem contrato integral do domínio,Simular a árvore pai-competência e comparar agregados calculados fora do serviço antes de qualquer inserção.,Escopo registra insert sem simulação; 117 competências permanecem na lista histórica de revisão.,[],6,docs/migration/v4/scripts/rules/parcelamento.mjs:164; infra/prisma/schema.prisma:1546; services/parcelamento-service/src/services/installmentCompetencyService.ts:158; docs/migration/v4.1/RELATORIO-QUARENTENA-2026-09-13.md:545; services/parcelamento-service/src/services/installmentCompetencyService.ts:130,docs/migration/v4/scripts/rules/parcelamento.mjs,false,false
51,parcelamento-installment-insert,Parcelamentos,tb_parcelamento.parcelamentos,parcelamento.installments,insert,276,0,DEPENDENCIAS_OU_CONTRATO_PENDENTES,3,B4-grupos-com-dependencias,"Processo de parcelamento do cliente, com parcelas, estado e número de acordo potencialmente único.",parcelamento.installments; clients; parcelamento.installmentsCompetencies,clients; organizations,localizado,"Há serviço atual, mas o contrato histórico de processo, parcelas e estado segue sem reconciliação.",Cliente pai; número de acordo único; campos de processo e estado; competências e agregados precisam consistência,Simular payload integral por parcelamento com cliente resolvido e checar unicidade e coerência dos contadores.,Escopo registra insert sem simulação; 51 processos permanecem na revisão histórica.,[],68,docs/migration/v4/scripts/rules/parcelamento.mjs:68; infra/prisma/schema.prisma:1523; services/parcelamento-service/src/services/installmentService.ts:130; docs/migration/v4.1/RELATORIO-QUARENTENA-2026-09-13.md:546,docs/migration/v4/scripts/rules/parcelamento.mjs,false,false
52,tb_pessoal-bem-password-insert,credenciais pessoal,tb_pessoal.bem,pessoal.passwords,insert,96,0,DEPENDENCIAS_OU_CONTRATO_PENDENTES,3,B4-grupos-com-dependencias,"Credencial de serviço BEM vinculada a cliente, com responsável opcional.",pessoal.passwords; clients; users opcional; organizations; chave de criptografia,clients; organizations; users,localizado,Serviço atual cifra e controla acesso às credenciais.,"Cliente deve resolver e a criptografia configurada é pré-requisito do mapper.; Compatibilidade de chave, identidade e conteúdo exige validação privada sem expor segredo.","Delimitar validação futura de chave, identidade e conteúdo, sem ler ou emitir segredo neste recorte.",INVENTARIO-V4 pede revalidação Q01; não há comprovante privado de compatibilidade criptográfica nesta revisão.,[],330,docs/migration/v4/scripts/rules/rh-pessoal.mjs:18; docs/migration/v4/scripts/rules/rh-pessoal.mjs:701; infra/prisma/schema.prisma:1590; services/pessoal-service/src/app.ts:135; services/pessoal-service/src/services/passwordService.ts:104,docs/migration/v4/scripts/rules/rh-pessoal.mjs,false,false
53,tb_pessoal-bsf-password-insert,credenciais pessoal,tb_pessoal.bsf,pessoal.passwords,insert,46,0,DEPENDENCIAS_OU_CONTRATO_PENDENTES,3,B4-grupos-com-dependencias,"Credencial de serviço BSF vinculada a cliente, com responsável opcional.",pessoal.passwords; clients; users opcional; organizations; chave de criptografia,clients; organizations; users,localizado,Serviço atual cifra e controla acesso às credenciais.,"Cliente deve resolver e a criptografia configurada é pré-requisito do mapper.; Compatibilidade de chave, identidade e conteúdo exige validação privada sem expor segredo.","Delimitar validação futura de chave, identidade e conteúdo, sem ler ou emitir segredo neste recorte.",INVENTARIO-V4 pede revalidação Q01; não há comprovante privado de compatibilidade criptográfica nesta revisão.,[],330,docs/migration/v4/scripts/rules/rh-pessoal.mjs:26; docs/migration/v4/scripts/rules/rh-pessoal.mjs:701; infra/prisma/schema.prisma:1590; services/pessoal-service/src/app.ts:135; services/pessoal-service/src/services/passwordService.ts:104,docs/migration/v4/scripts/rules/rh-pessoal.mjs,false,false
54,pessoal-situation-insert,pessoal,tb_pessoal.clientes_situacoes,pessoal.situations,insert,29,1,DEPENDENCIAS_OU_CONTRATO_PENDENTES,3,B4-grupos-com-dependencias,"Situação de cliente com autor de cadastro, possível finalizador e datas de ciclo.",pessoal.situations; clients; users registrado; users finalizador opcional; organizations,clients; organizations; users,localizado,Serviço atual cria e mantém situações de pessoal.,Cliente e autor são obrigatórios.; Data de finalização zero não pode virar null artificialmente.; Há composição de status e datas a comparar.,Simular somente a linha com resolução de cliente/usuários e rejeitar explicitamente a data presente inválida.,Quarentena contém uma linha sem ID e com data_finalizacao zero; a regra G02 impede apagar esse valor.,[],28,docs/migration/v4/scripts/rules/rh-pessoal.mjs:103; infra/prisma/schema.prisma:1673; services/pessoal-service/src/services/situationService.ts:51; docs/migration/v4.1/RELATORIO-QUARENTENA-2026-09-13.md:364; services/pessoal-service/src/app.ts:131,docs/migration/v4/scripts/rules/rh-pessoal.mjs,false,false
55,tb_pessoal-codigos_acesso-password-insert,credenciais pessoal,tb_pessoal.codigos_acesso,pessoal.passwords,insert,15,0,DEPENDENCIAS_OU_CONTRATO_PENDENTES,3,B4-grupos-com-dependencias,"Credenciais de acesso do cliente, incluindo segredo secundário; identificador de certificado não é preservado.",pessoal.passwords; clients; organizations; chave de criptografia,clients; organizations; users,localizado,Serviço atual cifra e controla acesso às credenciais.,"Cliente deve resolver e a criptografia configurada é pré-requisito do mapper.; Compatibilidade de chave, identidade e conteúdo exige validação privada sem expor segredo.","Delimitar validação futura de chave, identidade e conteúdo, sem ler ou emitir segredo neste recorte.",INVENTARIO-V4 pede revalidação Q01; a revisão não dispõe de comprovante privado de compatibilidade criptográfica.,[],330,docs/migration/v4/scripts/rules/rh-pessoal.mjs:34; docs/migration/v4/scripts/rules/rh-pessoal.mjs:701; infra/prisma/schema.prisma:1590; services/pessoal-service/src/app.ts:135; services/pessoal-service/src/services/passwordService.ts:104,docs/migration/v4/scripts/rules/rh-pessoal.mjs,false,false
56,tb_pessoal-contri_assis-password-insert,credenciais pessoal,tb_pessoal.contri_assis,pessoal.passwords,insert,12,1,DEPENDENCIAS_OU_CONTRATO_PENDENTES,3,B4-grupos-com-dependencias,Credencial de contribuição assistencial vinculada a cliente.,pessoal.passwords; clients; organizations; chave de criptografia,clients; organizations; users,localizado,Serviço atual cifra e controla acesso às credenciais.,"Compatibilidade criptográfica, identidade do cliente e comparação de conteúdo não estão comprovadas.","Delimitar validação futura de chave, identidade e conteúdo, sem ler ou emitir segredo neste recorte.",Quarentena: 1 linha; 330 IDs não comprovam ausência de credencial equivalente.,[],330,docs/migration/v4/scripts/rules/rh-pessoal.mjs:47; docs/migration/v4/scripts/rules/rh-pessoal.mjs:701; infra/prisma/schema.prisma:1590; docs/migration/v4.1/RELATORIO-QUARENTENA-2026-09-13.md:365; services/pessoal-service/src/app.ts:135; services/pessoal-service/src/services/passwordService.ts:104,docs/migration/v4/scripts/rules/rh-pessoal.mjs,false,false
57,tb_pessoal-empregador_web-password-insert,credenciais pessoal,tb_pessoal.empregador_web,pessoal.passwords,insert,174,11,DEPENDENCIAS_OU_CONTRATO_PENDENTES,3,B4-grupos-com-dependencias,Credencial de Empregador Web com login e email secundários vinculada a cliente.,pessoal.passwords; clients; organizations; chave de criptografia,clients; organizations; users,localizado,Serviço atual cifra e controla acesso às credenciais.,"Compatibilidade criptográfica, identidade do cliente e comparação de conteúdo não estão comprovadas.","Delimitar validação futura de chave, identidade e conteúdo, sem ler ou emitir segredo neste recorte.",Quarentena: 11 linhas; 330 IDs não comprovam ausência de credencial equivalente.,[],330,docs/migration/v4/scripts/rules/rh-pessoal.mjs:53; docs/migration/v4/scripts/rules/rh-pessoal.mjs:701; infra/prisma/schema.prisma:1590; docs/migration/v4.1/RELATORIO-QUARENTENA-2026-09-13.md:366; services/pessoal-service/src/app.ts:135; services/pessoal-service/src/services/passwordService.ts:104,docs/migration/v4/scripts/rules/rh-pessoal.mjs,false,false
58,pessoal-payroll-insert,pessoal,tb_pessoal.folhas,pessoal.payroll,insert,185,0,CANDIDATA_SIMULACAO_DELIMITADA,2,B3-catalogos-e-grupos-delimitados,"Configuração de folha por cliente, com responsável e sindicato opcionais.",pessoal.payroll; clients; users opcional; pessoal.union opcional; organizations,organizations; pessoal.union; users,localizado,Serviço atual cria folhas no domínio pessoal.,"Cliente deve resolver.; A unicidade é por cliente.; Mapper contém defaults artificiais para flags, texto e employees.","Simular por cliente e sindicato resolvidos, comparando todos os defaults contra valores realmente ausentes na origem.",INVENTARIO-V4 confirma a regra e pede revalidação Q01; não há evidência privada de linha deste recorte.,[],183,docs/migration/v4/scripts/rules/rh-pessoal.mjs:131; infra/prisma/schema.prisma:1620; services/pessoal-service/src/services/payrollService.ts:71; docs/migration/v4.1/INVENTARIO-V4.csv:202; services/pessoal-service/src/app.ts:133,docs/migration/v4/scripts/rules/rh-pessoal.mjs,false,false
59,pessoal-ldd-insert,pessoal,tb_pessoal.ldd,pessoal.ldd,insert,958,0,CANDIDATA_SIMULACAO_DELIMITADA,2,B3-catalogos-e-grupos-delimitados,"Lançamento LDD por cliente, tipo, período, vencimento e saldo.",pessoal.ldd; clients; organizations,clients; organizations,localizado,Serviço atual cria e lista LDD.,"Cliente é obrigatório.; Tipo é texto obrigatório; período, vencimento, saldo e situação pedem comparação de normalização.","Simular por cliente resolvido e tipo válido, sem inferir campos opcionais.",INVENTARIO-V4 confirma a regra e pede revalidação Q01; não há evidência privada de linha deste recorte.,[],955,docs/migration/v4/scripts/rules/rh-pessoal.mjs:187; infra/prisma/schema.prisma:1574; services/pessoal-service/src/services/lddService.ts:44; docs/migration/v4.1/INVENTARIO-V4.csv:204; services/pessoal-service/src/app.ts:122,docs/migration/v4/scripts/rules/rh-pessoal.mjs,false,false
60,pessoal-obligation-insert,pessoal,tb_pessoal.obrigacoes,pessoal.obrigations,insert,1881,0,CANDIDATA_SIMULACAO_DELIMITADA,2,B3-catalogos-e-grupos-delimitados,"Obrigação de pessoal por cliente e competência, com flags e responsável opcional.",pessoal.obrigations; clients; users opcional; organizations,clients; organizations; users,localizado,Serviço atual cria obrigações.,"Cliente e competência são necessários.; Há unicidade por organização, cliente e competência.","Simular a chave composta e as flags nullable, sem transformar valores presentes em ausentes.",INVENTARIO-V4 confirma a regra e pede revalidação Q01; não há evidência privada de linha deste recorte.,[],1867,docs/migration/v4/scripts/rules/rh-pessoal.mjs:206; infra/prisma/schema.prisma:1650; services/pessoal-service/src/services/obligationService.ts:97; docs/migration/v4.1/INVENTARIO-V4.csv:205; services/pessoal-service/src/app.ts:134,docs/migration/v4/scripts/rules/rh-pessoal.mjs,false,false
61,pessoal-union-insert,pessoal,tb_pessoal.sindicato,pessoal.union,insert,22,0,CANDIDATA_SIMULACAO_DELIMITADA,2,B3-catalogos-e-grupos-delimitados,"Cadastro de sindicato por nome, CNPJ e data-base opcional.",pessoal.union; organizations; pessoal.payroll via union_id,organizations,localizado,Serviço atual cria sindicatos.,Nome e CNPJ são obrigatórios.; A identidade alternativa é nome+CNPJ+data-base por organização.,Simular unicidade composta antes das folhas que a referenciam.,INVENTARIO-V4 confirma a regra e pede revalidação Q01; não há evidência privada de linha deste recorte.,[],22,docs/migration/v4/scripts/rules/rh-pessoal.mjs:239; infra/prisma/schema.prisma:1608; services/pessoal-service/src/services/unionService.ts:131; docs/migration/v4.1/INVENTARIO-V4.csv:206; services/pessoal-service/src/app.ts:132,docs/migration/v4/scripts/rules/rh-pessoal.mjs,false,false
62,license-insert,Alvarás,tb_regularize.alvaras,regularize.license,insert,342,2,DEPENDENCIAS_OU_CONTRATO_PENDENTES,3,B4-grupos-com-dependencias,"Alvará Regularize com cliente, responsável, status e datas; arquivo de protocolo não possui coluna escalar equivalente.",clients; users; integracao.tasks; regularize.license; storage de protocolo,clients; integracao.tasks; organizations; users,localizado,O serviço consulta licença antes de criar.,"No recorte recente documentado, as duas linhas têm data da última consulta zero e outros campos vazios.; Não apagar data inválida nem omitir arquivo sem decisão de storage.; Cliente/responsável e conteúdo do destino ainda precisam ser confrontados.",Manter em quarentena e preparar simulação só após tratar datas inválidas e referências.,Duas linhas bloqueadas no recorte recente documentado; não há simulação desta etapa.,[],242,docs/migration/v4/scripts/rules/v2.mjs:475; docs/migration/v4.1/RELATORIO-QUARENTENA-2026-09-13.md:374; services/regularize-service/src/services/licenseService.ts:48,docs/migration/v4/scripts/rules/v2.mjs,false,false
63,credential-site-gov-br,Site de credencial,tb_regularize.clientes_senhas,regularize.passowordsSites,derived,875,25,DEPENDENCIAS_OU_CONTRATO_PENDENTES,3,B4-grupos-com-dependencias,Site derivado Gov.br para credenciais Regularize.,regularize.passowordsSites; regularize.passwordsRegularize; clients; criptografia atual,organizations,localizado,O fluxo atual criptografa credenciais; existência de tabela não autoriza carga.,"Credencial exige contrato de identidade e criptografia.; Exige validar cliente, site, identidade composta e criptografia sem expor conteúdo.","Simular identidade do site Gov.br por serviço, tipo e contexto, deduplicando antes de qualquer associação.",25 linhas de origem com emissão 1:N; nenhuma simulação ou aprovação de credencial nesta etapa.,[],9,docs/migration/v4/scripts/rules/v2.mjs:1044; docs/migration/v4.1/RELATORIO-QUARENTENA-2026-09-13.md:378; services/regularize-service/src/services/passwordService.ts:54,docs/migration/v4/scripts/rules/v2.mjs,false,false
64,credential-site-regularize,Site de credencial,tb_regularize.clientes_senhas,regularize.passowordsSites,derived,875,25,DEPENDENCIAS_OU_CONTRATO_PENDENTES,3,B4-grupos-com-dependencias,Site derivado Regularize para credenciais Regularize.,regularize.passowordsSites; regularize.passwordsRegularize; clients; criptografia atual,organizations,localizado,O serviço cifra login e senha.,Credencial exige contrato de identidade e criptografia.; Validar site/cliente/identidade composta e não criar site duplicado.,"Simular identidade do site Regularize por serviço, tipo e contexto, deduplicando antes de qualquer associação.",Sem simulação nesta etapa; fonte compartilhada tem 25 linhas.,[],9,docs/migration/v4/scripts/rules/v2.mjs:1050; docs/migration/v4.1/RELATORIO-QUARENTENA-2026-09-13.md:378; infra/prisma/schema.prisma:1692; services/regularize-service/src/services/passwordService.ts:54,docs/migration/v4/scripts/rules/v2.mjs,false,false
65,credential-site-simples,Site de credencial,tb_regularize.clientes_senhas,regularize.passowordsSites,derived,875,25,DEPENDENCIAS_OU_CONTRATO_PENDENTES,3,B4-grupos-com-dependencias,Site derivado Simples para credenciais Regularize.,regularize.passowordsSites; regularize.passwordsRegularize; clients; criptografia atual,organizations,localizado,O fluxo atual cifra credenciais.,Credencial exige contrato de identidade e criptografia.; Validar site/cliente/identidade composta e evitar duplicação.,"Simular identidade do site Simples por serviço, tipo e contexto, deduplicando antes de qualquer associação.",Sem simulação nesta etapa; fonte compartilhada tem 25 linhas.,[],9,docs/migration/v4/scripts/rules/v2.mjs:1050; docs/migration/v4.1/RELATORIO-QUARENTENA-2026-09-13.md:378; infra/prisma/schema.prisma:1692; services/regularize-service/src/services/passwordService.ts:54,docs/migration/v4/scripts/rules/v2.mjs,false,false
66,credential-site-bacen,Site de credencial,tb_regularize.clientes_senhas,regularize.passowordsSites,derived,875,25,DEPENDENCIAS_OU_CONTRATO_PENDENTES,3,B4-grupos-com-dependencias,Site derivado Bacen para credenciais Regularize.,regularize.passowordsSites; regularize.passwordsRegularize; clients; criptografia atual,organizations,localizado,O fluxo atual cifra credenciais.,Credencial exige contrato de identidade e criptografia.; Validar par login/senha e identidade de site sem expor conteúdo.,"Simular identidade do site Bacen por serviço, tipo e contexto, deduplicando antes de qualquer associação.",Sem simulação nesta etapa; fonte compartilhada tem 25 linhas.,[],9,docs/migration/v4/scripts/rules/v2.mjs:1050; docs/migration/v4.1/RELATORIO-QUARENTENA-2026-09-13.md:378; infra/prisma/schema.prisma:1692; services/regularize-service/src/services/passwordService.ts:54,docs/migration/v4/scripts/rules/v2.mjs,false,false
67,credential-site-mei,Site de credencial,tb_regularize.clientes_senhas,regularize.passowordsSites,derived,875,25,DEPENDENCIAS_OU_CONTRATO_PENDENTES,3,B4-grupos-com-dependencias,Site derivado MEI para credenciais Regularize.,regularize.passowordsSites; regularize.passwordsRegularize; clients; criptografia atual,organizations,localizado,O fluxo atual cifra credenciais.,Credencial exige contrato de identidade e criptografia.; Validar site/cliente/identidade composta e evitar duplicação.,"Simular identidade do site MEI por serviço, tipo e contexto, deduplicando antes de qualquer associação.",Sem simulação nesta etapa; fonte compartilhada tem 25 linhas.,[],9,docs/migration/v4/scripts/rules/v2.mjs:1050; docs/migration/v4.1/RELATORIO-QUARENTENA-2026-09-13.md:378; infra/prisma/schema.prisma:1692; services/regularize-service/src/services/passwordService.ts:54,docs/migration/v4/scripts/rules/v2.mjs,false,false
68,credential-site-sefaz,Site de credencial,tb_regularize.clientes_senhas,regularize.passowordsSites,derived,875,25,DEPENDENCIAS_OU_CONTRATO_PENDENTES,3,B4-grupos-com-dependencias,Site derivado SEFAZ para credenciais Regularize.,regularize.passowordsSites; regularize.passwordsRegularize; clients; criptografia atual,organizations,localizado,O fluxo atual cifra credenciais.,Credencial exige contrato de identidade e criptografia.; Validar par inscrição estadual/senha e identidade de site sem expor conteúdo.,"Simular identidade do site SEFAZ por serviço, tipo e contexto, deduplicando antes de qualquer associação.",Sem simulação nesta etapa; fonte compartilhada tem 25 linhas.,[],9,docs/migration/v4/scripts/rules/v2.mjs:1050; docs/migration/v4.1/RELATORIO-QUARENTENA-2026-09-13.md:378; infra/prisma/schema.prisma:1692; services/regularize-service/src/services/passwordService.ts:54,docs/migration/v4/scripts/rules/v2.mjs,false,false
69,credential-site-webiss-master,Site de credencial,tb_regularize.clientes_senhas,regularize.passowordsSites,derived,875,25,DEPENDENCIAS_OU_CONTRATO_PENDENTES,3,B4-grupos-com-dependencias,Site derivado WebISS Master para credenciais Regularize.,regularize.passowordsSites; regularize.passwordsRegularize; clients; criptografia atual,organizations,localizado,O fluxo atual cifra credenciais.,Credencial exige contrato de identidade e criptografia.; Validar site/cliente/identidade composta e evitar duplicação.,"Simular identidade do site WebISS Master por serviço, tipo e contexto, deduplicando antes de qualquer associação.",Sem simulação nesta etapa; fonte compartilhada tem 25 linhas.,[],9,docs/migration/v4/scripts/rules/v2.mjs:1050; docs/migration/v4.1/RELATORIO-QUARENTENA-2026-09-13.md:378; infra/prisma/schema.prisma:1692; services/regularize-service/src/services/passwordService.ts:54,docs/migration/v4/scripts/rules/v2.mjs,false,false
70,credential-site-webiss-cpf,Site de credencial,tb_regularize.clientes_senhas,regularize.passowordsSites,derived,875,25,DEPENDENCIAS_OU_CONTRATO_PENDENTES,3,B4-grupos-com-dependencias,Site derivado WebISS CPF compartilhado por dois slots possíveis.,regularize.passowordsSites; regularize.passwordsRegularize; clients; criptografia atual,organizations,localizado,O fluxo atual cifra credenciais.,Credencial exige contrato de identidade e criptografia.; Os dois slots exigem identidade composta para não colidir nem duplicar site.,"Simular identidade do site WebISS CPF por serviço, tipo e contexto compartilhado, deduplicando antes dos dois slots.",Sem simulação nesta etapa; fonte compartilhada tem 25 linhas.,[],9,docs/migration/v4/scripts/rules/v2.mjs:1050; docs/migration/v4.1/RELATORIO-QUARENTENA-2026-09-13.md:378; infra/prisma/schema.prisma:1692; services/regularize-service/src/services/passwordService.ts:54,docs/migration/v4/scripts/rules/v2.mjs,false,false
71,credential-site-seifsa,Site de credencial,tb_regularize.clientes_senhas,regularize.passowordsSites,derived,875,25,DEPENDENCIAS_OU_CONTRATO_PENDENTES,3,B4-grupos-com-dependencias,Site derivado SEIFSA para credenciais Regularize.,regularize.passowordsSites; regularize.passwordsRegularize; clients; criptografia atual,organizations,localizado,O fluxo atual cifra credenciais.,Credencial exige contrato de identidade e criptografia.; Validar par usuário/senha e identidade de site sem expor conteúdo.,"Simular identidade do site SEIFSA por serviço, tipo e contexto, deduplicando antes de qualquer associação.",Sem simulação nesta etapa; fonte compartilhada tem 25 linhas.,[],9,docs/migration/v4/scripts/rules/v2.mjs:1050; docs/migration/v4.1/RELATORIO-QUARENTENA-2026-09-13.md:378; infra/prisma/schema.prisma:1692; services/regularize-service/src/services/passwordService.ts:54,docs/migration/v4/scripts/rules/v2.mjs,false,false
72,credential-slot-gov-br,Credencial Gov.br,tb_regularize.clientes_senhas,regularize.passwordsRegularize,insert,875,25,DEPENDENCIAS_OU_CONTRATO_PENDENTES,3,B4-grupos-com-dependencias,Slot de credencial Gov.br associado a cliente e site derivado.,clients; regularize.passowordsSites; regularize.passwordsRegularize; criptografia atual,clients; organizations; regularize.passowordsSites,localizado,O serviço cifra login e senha no create.,"Credencial exige contrato de identidade e criptografia.; Validar cliente, site, unicidade e compatibilidade criptográfica sem revelar conteúdo.","Verificar presença e status dos campos Gov.br, resolver cliente/site, validar cifragem e usar discriminador estável do slot.",Nenhuma simulação desta etapa; a fonte tem emissão 1:N por slot.,[],3615,docs/migration/v4/scripts/rules/v2.mjs:1066; docs/migration/v4.1/RELATORIO-QUARENTENA-2026-09-13.md:378; infra/prisma/schema.prisma:1707; services/regularize-service/src/services/passwordService.ts:54,docs/migration/v4/scripts/rules/v2.mjs,false,false
73,credential-slot-regularize,Credencial Regularize,tb_regularize.clientes_senhas,regularize.passwordsRegularize,insert,875,25,DEPENDENCIAS_OU_CONTRATO_PENDENTES,3,B4-grupos-com-dependencias,Slot de credencial Regularize associado a cliente e site derivado.,clients; regularize.passowordsSites; regularize.passwordsRegularize; criptografia atual,clients; organizations; regularize.passowordsSites,localizado,O serviço cifra login e senha no create.,"Credencial exige contrato de identidade e criptografia.; Validar cliente, site, unicidade e criptografia sem revelar conteúdo.","Verificar presença e status dos campos Regularize, resolver cliente/site, validar cifragem e usar discriminador estável do slot.",Nenhuma simulação desta etapa; a fonte tem emissão 1:N por slot.,[],3615,docs/migration/v4/scripts/rules/v2.mjs:1066; docs/migration/v4.1/RELATORIO-QUARENTENA-2026-09-13.md:378; infra/prisma/schema.prisma:1707; services/regularize-service/src/services/passwordService.ts:54,docs/migration/v4/scripts/rules/v2.mjs,false,false
74,credential-slot-simples,Credencial Simples,tb_regularize.clientes_senhas,regularize.passwordsRegularize,insert,875,25,DEPENDENCIAS_OU_CONTRATO_PENDENTES,3,B4-grupos-com-dependencias,Slot de credencial Simples associado a cliente e site derivado.,clients; regularize.passowordsSites; regularize.passwordsRegularize; criptografia atual,clients; organizations; regularize.passowordsSites,localizado,O serviço cifra login e senha no create.,"Credencial exige contrato de identidade e criptografia.; Validar cliente, site, unicidade e criptografia sem revelar conteúdo.","Verificar presença e status dos campos Simples, resolver cliente/site, validar cifragem e usar discriminador estável do slot.",Nenhuma simulação desta etapa; a fonte tem emissão 1:N por slot.,[],3615,docs/migration/v4/scripts/rules/v2.mjs:1066; docs/migration/v4.1/RELATORIO-QUARENTENA-2026-09-13.md:378; infra/prisma/schema.prisma:1707; services/regularize-service/src/services/passwordService.ts:54,docs/migration/v4/scripts/rules/v2.mjs,false,false
75,credential-slot-bacen,Credencial Bacen,tb_regularize.clientes_senhas,regularize.passwordsRegularize,insert,875,25,DEPENDENCIAS_OU_CONTRATO_PENDENTES,3,B4-grupos-com-dependencias,Slot de credencial Bacen associado a cliente e site derivado.,clients; regularize.passowordsSites; regularize.passwordsRegularize; criptografia atual,clients; organizations; regularize.passowordsSites,localizado,O serviço cifra login e senha no create.,"Credencial exige contrato de identidade e criptografia.; Validar cliente, site, unicidade e criptografia sem revelar conteúdo.","Verificar presença e status do par Bacen, resolver cliente/site, validar cifragem e usar discriminador estável do slot.",Nenhuma simulação desta etapa; a fonte tem emissão 1:N por slot.,[],3615,docs/migration/v4/scripts/rules/v2.mjs:1066; docs/migration/v4.1/RELATORIO-QUARENTENA-2026-09-13.md:378; infra/prisma/schema.prisma:1707; services/regularize-service/src/services/passwordService.ts:54,docs/migration/v4/scripts/rules/v2.mjs,false,false
76,credential-slot-mei,Credencial MEI,tb_regularize.clientes_senhas,regularize.passwordsRegularize,insert,875,25,DEPENDENCIAS_OU_CONTRATO_PENDENTES,3,B4-grupos-com-dependencias,Slot de credencial MEI associado a cliente e site derivado.,clients; regularize.passowordsSites; regularize.passwordsRegularize; criptografia atual,clients; organizations; regularize.passowordsSites,localizado,O serviço cifra login e senha no create.,"Credencial exige contrato de identidade e criptografia.; Validar cliente, site, unicidade e criptografia sem revelar conteúdo.","Verificar presença e status dos campos MEI, resolver cliente/site, validar cifragem e usar discriminador estável do slot.",Nenhuma simulação desta etapa; a fonte tem emissão 1:N por slot.,[],3615,docs/migration/v4/scripts/rules/v2.mjs:1066; docs/migration/v4.1/RELATORIO-QUARENTENA-2026-09-13.md:378; infra/prisma/schema.prisma:1707; services/regularize-service/src/services/passwordService.ts:54,docs/migration/v4/scripts/rules/v2.mjs,false,false
77,credential-slot-sefaz,Credencial SEFAZ,tb_regularize.clientes_senhas,regularize.passwordsRegularize,insert,875,25,DEPENDENCIAS_OU_CONTRATO_PENDENTES,3,B4-grupos-com-dependencias,Slot de credencial SEFAZ associado a cliente e site derivado.,clients; regularize.passowordsSites; regularize.passwordsRegularize; criptografia atual,clients; organizations; regularize.passowordsSites,localizado,O serviço cifra login e senha no create.,"Credencial exige contrato de identidade e criptografia.; Validar cliente, site, unicidade e criptografia sem revelar conteúdo.","Verificar presença e status do par SEFAZ, resolver cliente/site, validar cifragem e usar discriminador estável do slot.",Nenhuma simulação desta etapa; a fonte tem emissão 1:N por slot.,[],3615,docs/migration/v4/scripts/rules/v2.mjs:1066; docs/migration/v4.1/RELATORIO-QUARENTENA-2026-09-13.md:378; infra/prisma/schema.prisma:1707; services/regularize-service/src/services/passwordService.ts:54,docs/migration/v4/scripts/rules/v2.mjs,false,false
78,credential-slot-webiss-master,Credencial WebISS Master,tb_regularize.clientes_senhas,regularize.passwordsRegularize,insert,875,25,DEPENDENCIAS_OU_CONTRATO_PENDENTES,3,B4-grupos-com-dependencias,Slot de credencial WebISS Master associado a cliente e site derivado.,clients; regularize.passowordsSites; regularize.passwordsRegularize; criptografia atual,clients; organizations; regularize.passowordsSites,localizado,O serviço cifra login e senha no create.,"Credencial exige contrato de identidade e criptografia.; Validar cliente, site, unicidade e criptografia sem revelar conteúdo.","Verificar presença e status dos campos WebISS Master, resolver cliente/site, validar cifragem e usar discriminador estável do slot.",Nenhuma simulação desta etapa; a fonte tem emissão 1:N por slot.,[],3615,docs/migration/v4/scripts/rules/v2.mjs:1066; docs/migration/v4.1/RELATORIO-QUARENTENA-2026-09-13.md:378; infra/prisma/schema.prisma:1707; services/regularize-service/src/services/passwordService.ts:54,docs/migration/v4/scripts/rules/v2.mjs,false,false
79,credential-slot-webiss-cpf-1,Credencial WebISS CPF,tb_regularize.clientes_senhas,regularize.passwordsRegularize,insert,875,25,DEPENDENCIAS_OU_CONTRATO_PENDENTES,3,B4-grupos-com-dependencias,"Primeiro slot WebISS CPF, associado ao site compartilhado WebISS CPF.",clients; regularize.passowordsSites; regularize.passwordsRegularize; criptografia atual,clients; organizations; regularize.passowordsSites,localizado,O serviço cifra login e senha no create.,Credencial exige contrato de identidade e criptografia.; Requer identidade composta que diferencie os dois slots compartilhando site.,"Verificar presença e status do primeiro par WebISS CPF, resolver cliente/site, validar cifragem e fixar discriminador estável cpf-1.",Nenhuma simulação desta etapa; a fonte tem emissão 1:N por slot.,[],3615,docs/migration/v4/scripts/rules/v2.mjs:1066; docs/migration/v4.1/RELATORIO-QUARENTENA-2026-09-13.md:378; infra/prisma/schema.prisma:1707; services/regularize-service/src/services/passwordService.ts:54,docs/migration/v4/scripts/rules/v2.mjs,false,false
80,credential-slot-webiss-cpf-2,Credencial WebISS CPF,tb_regularize.clientes_senhas,regularize.passwordsRegularize,insert,875,25,DEPENDENCIAS_OU_CONTRATO_PENDENTES,3,B4-grupos-com-dependencias,"Segundo slot WebISS CPF, associado ao site compartilhado WebISS CPF.",clients; regularize.passowordsSites; regularize.passwordsRegularize; criptografia atual,clients; organizations; regularize.passowordsSites,localizado,O serviço cifra login e senha no create.,Credencial exige contrato de identidade e criptografia.; Requer identidade composta que diferencie os dois slots compartilhando site.,"Verificar presença e status do segundo par WebISS CPF, resolver cliente/site, validar cifragem e fixar discriminador estável cpf-2.",Nenhuma simulação desta etapa; a fonte tem emissão 1:N por slot.,[],3615,docs/migration/v4/scripts/rules/v2.mjs:1066; docs/migration/v4.1/RELATORIO-QUARENTENA-2026-09-13.md:378; infra/prisma/schema.prisma:1707; services/regularize-service/src/services/passwordService.ts:54,docs/migration/v4/scripts/rules/v2.mjs,false,false
81,credential-slot-seifsa,Credencial SEIFSA,tb_regularize.clientes_senhas,regularize.passwordsRegularize,insert,875,25,DEPENDENCIAS_OU_CONTRATO_PENDENTES,3,B4-grupos-com-dependencias,Slot de credencial SEIFSA associado a cliente e site derivado.,clients; regularize.passowordsSites; regularize.passwordsRegularize; criptografia atual,clients; organizations; regularize.passowordsSites,localizado,O serviço cifra login e senha no create.,"Credencial exige contrato de identidade e criptografia.; Validar cliente, site, unicidade e criptografia sem revelar conteúdo.","Verificar presença e status do par SEIFSA, resolver cliente/site, validar cifragem e usar discriminador estável do slot.",Nenhuma simulação desta etapa; a fonte tem emissão 1:N por slot.,[],3615,docs/migration/v4/scripts/rules/v2.mjs:1066; docs/migration/v4.1/RELATORIO-QUARENTENA-2026-09-13.md:378; infra/prisma/schema.prisma:1707; services/regularize-service/src/services/passwordService.ts:54,docs/migration/v4/scripts/rules/v2.mjs,false,false
82,regularize-group-insert,Grupo Regularize,tb_regularize.grupos,clients.group,insert,116,5,DEPENDENCIAS_OU_CONTRATO_PENDENTES,2,B4-grupos-com-dependencias,"Grupo Regularize de clientes, com nome e situação convertida em status booleano.",clients.group; organizations,organizations,nao_localizado_nos_services,Não há consumidor atual de Group/ClientsGroup localizado nos services.,Confirmar identidade por conteúdo e disponibilidade funcional.; A captura de IDs não prova ausência de colisão no destino.,Simular nome/status com deduplicação por conteúdo antes de qualquer emissão.,Cinco grupos Regularize retidos; sem simulação nesta etapa.,[],302,docs/migration/v4/scripts/rules/integracao-regularize.mjs:808; docs/migration/v4.1/RELATORIO-QUARENTENA-2026-09-13.md:381; infra/prisma/schema.prisma:751,docs/migration/v4/scripts/rules/integracao-regularize.mjs,false,false
83,regularize-group-member-insert,Membro de grupo,tb_regularize.grupos_integrantes,clients.clientsGroup,insert,352,14,DEPENDENCIAS_OU_CONTRATO_PENDENTES,3,B4-grupos-com-dependencias,Vínculo entre grupo Regularize e cliente canônico.,clients; clients.group; clients.clientsGroup,clients; clients.group; organizations,nao_localizado_nos_services,Não há consumidor atual de Group/ClientsGroup localizado nos services.,Resolver grupo e cliente real por conteúdo.; Comparar o par group_id/client_id e não inferir ausência por IDs.,Simular apenas pares de grupo/cliente reconciliados e separar colisões.,14 vínculos retidos; sem simulação nesta etapa.,[],333,docs/migration/v4/scripts/rules/integracao-regularize.mjs:830; docs/migration/v4.1/RELATORIO-QUARENTENA-2026-09-13.md:382; infra/prisma/schema.prisma:762,docs/migration/v4/scripts/rules/integracao-regularize.mjs,false,false
84,guidance-process-lookup,Lookup de processo,tb_regularize.orientaoes_processual,regularize.process,lookup,457,16,DEPENDENCIAS_OU_CONTRATO_PENDENTES,3,B4-grupos-com-dependencias,Busca processo existente para orientar a orientação processual.,regularize.process; regularize.proceduralGuidances; clients; users,clients; clients.pf; integracao.tasks; organizations; users,localizado,O serviço consulta processo antes de operar sobre orientação.,"Processos não estão reconciliados e orientações exigem pai real.; Conteúdo, arquivo e agregados não foram validados.",Simular resolução de processo e registrar zero/um/muitos antes da orientação.,16 orientações pendentes; lookup não executado nesta etapa.,[],443,docs/migration/v4/scripts/rules/v2.mjs:819; docs/migration/v4.1/RELATORIO-QUARENTENA-2026-09-13.md:384; services/regularize-service/src/services/guidanceService.ts:226,docs/migration/v4/scripts/rules/v2.mjs,false,false
85,guidance-process-derived,Processo derivado,tb_regularize.orientaoes_processual,regularize.process,derived,457,16,DEPENDENCIAS_OU_CONTRATO_PENDENTES,3,B4-grupos-com-dependencias,Processo técnico derivado quando a orientação não encontra processo existente.,regularize.process; clients; users,clients; clients.pf; integracao.tasks; organizations; users,localizado,"Há serviço de processo, sem prova de que derivação preserve os campos legados.","Não criar pai técnico sem processo, clientes, usuários, status e datas reconciliados.; Defaults do processo podem ocultar campos sem equivalente.",Suspender derivação e fechar contrato integral de processo antes de simular.,Nenhuma derivação comprovada; processos possuem bloqueios documentados.,[],443,docs/migration/v4/scripts/rules/v2.mjs:819; docs/migration/v4.1/RELATORIO-QUARENTENA-2026-09-13.md:390; services/regularize-service/src/services/processService.ts:41,docs/migration/v4/scripts/rules/v2.mjs,false,false
86,guidance-insert,Orientação processual,tb_regularize.orientaoes_processual,regularize.proceduralGuidances,insert,457,16,DEPENDENCIAS_OU_CONTRATO_PENDENTES,3,B4-grupos-com-dependencias,"Orientação vinculada a processo, contendo campos processuais e agregados JSON de atividades e sócios.",regularize.process; regularize.proceduralGuidances; atividades agregadas; sócios agregados; storage de arquivo quando houver,organizations; regularize.process,localizado,O serviço cria orientação e mantém agregados no mesmo pai.,"Validar processo, campos, arquivo e composição integral de atividades/sócios.; Não usar defaults sem prova.",Criar somente uma simulação de pai novo quando todo o agregado estiver reconciliado.,16 orientações pendentes; conteúdo de 146 orientações não foi capturado.,[],146,docs/migration/v4/scripts/rules/v2.mjs:819; docs/migration/v4.1/RELATORIO-QUARENTENA-2026-09-13.md:384; services/regularize-service/src/services/guidanceService.ts:38,docs/migration/v4/scripts/rules/v2.mjs,false,false
87,guidance-activities-aggregate,Atividades de orientação,tb_regularize.orientaoes_processual.atividades,regularize.proceduralGuidances,aggregate,2615,118,DEPENDENCIAS_OU_CONTRATO_PENDENTES,3,B4-grupos-com-dependencias,"Atividades que compõem JSON da orientação, não entidade autônoma de destino.",regularize.proceduralGuidances; regularize.process,organizations; regularize.process,localizado,O consumidor atual atualiza o agregado de uma orientação existente.,Acrescentar a pai existente seria UPDATE vedado.; Pai novo ainda não foi validado com composição integral.,Manter como contribuição de um pai novo futuro; não emitir aggregate isolado.,118 atividades retidas; não há simulação desta etapa.,[],146,docs/migration/v4/scripts/rules/integracao-regularize.mjs:955; docs/migration/v4.1/RELATORIO-QUARENTENA-2026-09-13.md:385; services/regularize-service/src/services/guidanceService.ts:124,docs/migration/v4/scripts/rules/integracao-regularize.mjs,false,false
88,guidance-partners-aggregate,Sócios de orientação,tb_regularize.orientaoes_processual.socios,regularize.proceduralGuidances,aggregate,559,25,DEPENDENCIAS_OU_CONTRATO_PENDENTES,3,B4-grupos-com-dependencias,"Sócios que compõem JSON da orientação, não relação societária autônoma.",regularize.proceduralGuidances; regularize.process,organizations; regularize.process,localizado,O consumidor atual atualiza o agregado de uma orientação existente.,Acrescentar a pai existente seria UPDATE vedado.; Pai novo ainda não foi validado com composição integral.,Manter como contribuição de um pai novo futuro; não emitir aggregate isolado.,25 sócios retidos; não há simulação desta etapa.,[],146,docs/migration/v4/scripts/rules/v2.mjs:819; docs/migration/v4.1/RELATORIO-QUARENTENA-2026-09-13.md:386; services/regularize-service/src/services/guidanceService.ts:179,docs/migration/v4/scripts/rules/v2.mjs,false,false
89,regularize-partner-insert,Relação societária,tb_regularize.pf_empresas,regularize.partners,insert,1461,24,DEPENDENCIAS_OU_CONTRATO_PENDENTES,3,B4-grupos-com-dependencias,Relação PF/PJ com participação e período de vigência.,clients.pf; clients; regularize.partners,clients; clients.pf; organizations,localizado,O serviço verifica relação existente antes de criar.,"No recorte recente documentado, 23 relações têm saída zero; o caso restante ainda requer PF/PJ, participação, datas, chave e conteúdo.; Não tratar ausência de UUID como aprovação.","Reconciliar PF/PJ e períodos, então simular dono/duplicata/conflito por par.",24 relações retidas no recorte recente documentado; nenhuma simulação nesta etapa.,[],935,docs/migration/v4/scripts/rules/integracao-regularize.mjs:867; docs/migration/v4.1/RELATORIO-QUARENTENA-2026-09-13.md:389; services/regularize-service/src/services/partnersService.ts:47,docs/migration/v4/scripts/rules/integracao-regularize.mjs,false,false
90,process-insert,Processo Regularize,tb_regularize.processos,regularize.process,insert,1160,43,DEPENDENCIAS_OU_CONTRATO_PENDENTES,3,B4-grupos-com-dependencias,"Processo de regularização com cliente, responsáveis, estado e datas; vários campos legados não têm equivalente.",clients; clients.pf; users; integracao.tasks; regularize.process,clients; clients.pf; integracao.tasks; organizations; users,localizado,Há serviço de processo com verificação antes da criação.,"No recorte recente documentado, 32 finalizações zero e campos fiscais/notificação zero exigem decisão de destino ou descarte por campo.; Faltam clientes, usuários, status, datas e comparação de conteúdo.; Não há mapper integral V4.1 validado.",Fechar matriz de preservação por campo e reconciliar referências antes de simular qualquer processo.,43 processos retidos; nenhuma simulação desta etapa.,[],443,docs/migration/v4/scripts/rules/v2.mjs:513; docs/migration/v4.1/RELATORIO-QUARENTENA-2026-09-13.md:390; services/regularize-service/src/services/processService.ts:41,docs/migration/v4/scripts/rules/v2.mjs,false,false
91,municipal-tax-insert,Taxas municipais,tb_regularize.taxas_municipais,regularize.municipalTaxes,insert,8,0,DEPENDENCIAS_OU_CONTRATO_PENDENTES,3,B4-grupos-com-dependencias,Controle anual de TFF/TLP/TLL por cliente; o mapper preserva subconjunto e aplica defaults a outros campos.,clients; regularize.municipalTaxes,clients; organizations,localizado,O serviço consulta registro municipal antes de criar.,"Resolver cliente regularize/integracao.; Confirmar campos TLL e valores booleanos/numéricos hoje cobertos por defaults, sem perda silenciosa.",Comparar matriz de campos de origem/destino e simular só clientes reconciliados.,Sem simulação comprovada nesta etapa; inventário pede revalidação incremental.,[],8,docs/migration/v4/scripts/rules/v2.mjs:575; docs/migration/v4.1/INVENTARIO-V4.csv:239; services/regularize-service/src/services/municipalTaxesService.ts:77,docs/migration/v4/scripts/rules/v2.mjs,false,false
92,user-allergies-merge,perfil RH,tb_rh.alergias,users,aggregate,26,2,DEPENDENCIAS_OU_CONTRATO_PENDENTES,3,B4-grupos-com-dependencias,Agregado JSON de alergias associado a usuário via colaborador.,users; tb_rh.colaboradores; tb_admin.usuarios,departments; organizations; permissions,parcial,"O usuário é gerido pelo serviço atual, mas não foi localizado fluxo específico que aprove composição histórica do JSON.","Pode compor apenas candidato User novo, antes de INSERT; para usuário existente a ação é UPDATE vedado e deve só comparar/preservar.; Conteúdo do campo não está na captura documental.","Validar o vínculo U01 e compor alergias somente no candidato novo ainda não persistido; para destino existente, registrar comparação sem merge ou no-op artificial.",Quarentena: 2 alergias e 1 contato; comparação vazia não comprova preservação.,"[{""column"": ""organization_id"", ""prisma_nullable"": true, ""snapshot_not_null"": true}]",315,docs/migration/v4/scripts/rules/rh-pessoal.mjs:253; infra/prisma/schema.prisma:291; services/user-service/src/app.ts:78; docs/migration/v4.1/MAPEAMENTO.md:154; docs/migration/v4.1/MAPEAMENTO.md:208; docs/migration/v4.1/RELATORIO-QUARENTENA-2026-09-13.md:397,docs/migration/v4/scripts/rules/rh-pessoal.mjs,false,false
93,collaborator-user-merge,perfil RH,tb_rh.colaboradores,users,merge,305,10,DEPENDENCIAS_OU_CONTRATO_PENDENTES,3,B4-grupos-com-dependencias,Perfil de colaborador mesclado no usuário administrativo identificado por user_id.,users; tb_admin.usuarios; departments; tb_rh.cargos,departments; organizations; permissions,parcial,"Usuários e usuários operacionais são atendidos, mas merge histórico de perfil altera users.","Pode compor perfil apenas no candidato User novo; se a identidade já existe, o destino deve ser comparado e preservado, pois merge seria UPDATE vedado.; Datas Domínio presentes como zero não podem ser removidas.; CPF, RG, login e departamento exigem preservação de unicidades e vínculos.","Validar U01 e compor o perfil no candidato novo ligado; para usuário existente, registrar somente a comparação e manter datas inválidas em quarentena.","Quarentena: 10 perfis têm nascimento, admissão e demissão Domínio zero.","[{""column"": ""organization_id"", ""prisma_nullable"": true, ""snapshot_not_null"": true}]",315,docs/migration/v4/scripts/rules/v2.mjs:117; infra/prisma/schema.prisma:263; services/user-service/src/app.ts:78; docs/migration/v4.1/MAPEAMENTO.md:151; docs/migration/v4.1/MAPEAMENTO.md:208; docs/migration/v4.1/RELATORIO-QUARENTENA-2026-09-13.md:398; services/rh-service/src/app.ts:78,docs/migration/v4/scripts/rules/v2.mjs,false,false
94,collaborator-job-title-merge,perfil RH,tb_rh.colaboradores,users,merge,305,10,DEPENDENCIAS_OU_CONTRATO_PENDENTES,3,B4-grupos-com-dependencias,Cargo legado é resolvido pelo nome e mesclado em users.job_title.,users; tb_admin.usuarios; tb_rh.cargos,departments; organizations; permissions,parcial,"Usuários e usuários operacionais são atendidos, mas a atualização histórica de job_title é merge em users.","Pode compor job_title apenas no candidato User novo; se a identidade já existe, o destino deve ser comparado e preservado, pois merge seria UPDATE vedado.; Lookup de cargo precisa resultar em nome e não preserva cargo vazio ou zero.","Resolver cargo→nome e compor somente o candidato novo; para usuário existente, registrar a comparação sem atualizar job_title.",Compartilha a origem de 10 colaboradores bloqueados; não há aprovação individual de merge de cargo.,"[{""column"": ""organization_id"", ""prisma_nullable"": true, ""snapshot_not_null"": true}]",315,docs/migration/v4/scripts/rules/v2.mjs:151; infra/prisma/schema.prisma:286; services/user-service/src/app.ts:78; docs/migration/v4.1/MAPEAMENTO.md:151; docs/migration/v4.1/MAPEAMENTO.md:208; docs/migration/v4.1/INVENTARIO-V4.csv:246; services/rh-service/src/app.ts:78,docs/migration/v4/scripts/rules/v2.mjs,false,false
95,user-emergency-contacts-merge,perfil RH,tb_rh.contatos_emergencia,users,aggregate,186,1,DEPENDENCIAS_OU_CONTRATO_PENDENTES,3,B4-grupos-com-dependencias,Agregado JSON de contatos de emergência associado a usuário via colaborador.,users; tb_rh.colaboradores; tb_admin.usuarios,departments; organizations; permissions,parcial,"O usuário é gerido pelo serviço atual, mas não foi localizado fluxo específico que aprove composição histórica do JSON.","Pode compor apenas candidato User novo, antes de INSERT; para usuário existente a ação é UPDATE vedado e deve só comparar/preservar.; Conteúdo do campo não está na captura documental.","Validar o vínculo U01 e compor contatos somente no candidato novo ainda não persistido; para destino existente, registrar comparação sem merge ou no-op artificial.",Quarentena registra 1 contato no agregado ainda não aprovado.,"[{""column"": ""organization_id"", ""prisma_nullable"": true, ""snapshot_not_null"": true}]",315,docs/migration/v4/scripts/rules/rh-pessoal.mjs:259; infra/prisma/schema.prisma:292; services/user-service/src/app.ts:78; docs/migration/v4.1/MAPEAMENTO.md:154; docs/migration/v4.1/MAPEAMENTO.md:208; docs/migration/v4.1/RELATORIO-QUARENTENA-2026-09-13.md:399,docs/migration/v4/scripts/rules/rh-pessoal.mjs,false,false
96,rh-holiday-insert,RH,tb_rh.feriados,rh.holidays,insert,0,0,SEM_LINHAS_NA_ORIGEM,8,Z-sem-linhas,Feriado organizacional com nome e data obrigatórios.,rh.holidays; organizations,organizations,localizado,Serviço RH cria e lista feriados.,Nome e data devem ser válidos; a revisão não possui recorte de conteúdo para comprovar normalização ou duplicidade.,"Export de 12/09 sem linhas, recontado nesta triagem; não há payload desta origem a simular nesta captura. Preservar restrições semânticas para outro export.",INVENTARIO-V4 confirma a regra e pede Q01; não há comprovante privado de simulação por registro.,[],2,docs/migration/v4/scripts/rules/rh-pessoal.mjs:266; infra/prisma/schema.prisma:1961; services/rh-service/src/services/holidayService.ts:57; docs/migration/v4.1/INVENTARIO-V4.csv:250; services/rh-service/src/app.ts:83,docs/migration/v4/scripts/rules/rh-pessoal.mjs,false,false
97,rh-point-config-insert,ponto RH,tb_rh.pontos,rh.pointConfig,insert,39,1,DEPENDENCIAS_OU_CONTRATO_PENDENTES,3,B4-grupos-com-dependencias,"Configuração individual de ponto com quatro horários, saldo e assinatura.",rh.pointConfig; users; tb_rh.colaboradores; organizations,organizations; users,localizado,Serviço RH consulta configuração por usuário.,user_id é único.; Horários exigem âncora válida.; work_days recebe default artificial e saldo/assinatura precisam comparação de conteúdo.,"Simular resolução de colaborador e unicidade user_id, marcando separadamente a justificativa de work_days e dos horários.","Quarentena: 1 configuração; faltam conteúdo de usuário, 15 configurações, horários, saldo e justificativa do default.",[],15,docs/migration/v4/scripts/rules/rh-pessoal.mjs:278; infra/prisma/schema.prisma:1869; services/rh-service/src/services/pointConfigService.ts:98; docs/migration/v4.1/RELATORIO-QUARENTENA-2026-09-13.md:400; services/rh-service/src/app.ts:74,docs/migration/v4/scripts/rules/rh-pessoal.mjs,false,false
98,rh-time-bank-release-insert,ponto RH,tb_rh.pontos_adicionais_folhas,rh.timeBankReleases,insert,2,0,DEPENDENCIAS_OU_CONTRATO_PENDENTES,3,B4-grupos-com-dependencias,"Lançamento de banco de horas com colaborador, autor, minutos, motivo e aprovação histórica.",rh.timeBankReleases; users colaborador; users autor; tb_rh.colaboradores; organizations,organizations; users,localizado,Serviço cria lançamentos e possui fluxo operacional de aprovação.,Colaborador e autor são obrigatórios.; A aprovação tem efeito operacional e não pode ser reproduzida sem validar saldo e semântica.,"Mapear e comparar os dois usuários, minutos e estado histórico em simulação sem chamar aprovação operacional.",Não há comprovante privado de linha para esta etapa; o inventário somente pede Q01.,[],2,docs/migration/v4/scripts/rules/rh-pessoal.mjs:309; infra/prisma/schema.prisma:1903; services/rh-service/src/services/timeBankReleaseService.ts:103; docs/migration/v4.1/INVENTARIO-V4.csv:256; services/rh-service/src/app.ts:84; services/rh-service/src/services/timeBankReleaseService.ts:62,docs/migration/v4/scripts/rules/rh-pessoal.mjs,false,false
99,rh-time-sheet-insert,ponto RH,tb_rh.pontos_folhas,rh.timeSheets,insert,80,0,DEPENDENCIAS_OU_CONTRATO_PENDENTES,3,B4-grupos-com-dependencias,"Folha de ponto por colaborador, período, assinatura e status derivado da assinatura.",rh.timeSheets; users; tb_rh.colaboradores; organizations; rh.points como fonte de totais operacionais,organizations; users,localizado,Serviço cria folhas e deriva detalhes de ponto.,Início e fim são obrigatórios.; status é derivado e days/totals recebem null artificial.; Compatibilidade com pontos e assinatura não está comprovada.,"Simular por usuário e intervalo, confrontando assinatura/status e recusando inferir totais.",INVENTARIO-V4 pede Q01; não há comprovante privado de conteúdo para a folha.,[],80,docs/migration/v4/scripts/rules/rh-pessoal.mjs:335; infra/prisma/schema.prisma:1886; services/rh-service/src/services/timeSheetService.ts:263; docs/migration/v4.1/INVENTARIO-V4.csv:257; services/rh-service/src/app.ts:87,docs/migration/v4/scripts/rules/rh-pessoal.mjs,false,false
100,rh-point-insert,ponto RH,tb_rh.pontos_registros,rh.points,insert,2379,90,DEPENDENCIAS_OU_CONTRATO_PENDENTES,3,B4-grupos-com-dependencias,Registro de ponto com instantes derivados de data+horários e saldo de banco composto de campos legados.,rh.points; users; tb_rh.colaboradores; rh.pointConfig; organizations,organizations; users,localizado,Serviço RH lista e calcula resumos de ponto.,Data e entrada são obrigatórias.; Fuso e horários devem ser validados.; Saldo e assinatura são derivados; não atualizar configuração ao importar.,"Simular por usuário e instante, comparando saldo e assinatura sem executar fluxo de ponto nem ajustar configuração.","Quarentena: 90 pontos com usuário localizado; ainda faltam dados, fuso, saldo e comparação de conteúdo de 2.241 pontos.",[],2241,docs/migration/v4/scripts/rules/rh-pessoal.mjs:356; infra/prisma/schema.prisma:1919; services/rh-service/src/services/pointService.ts:326; docs/migration/v4.1/RELATORIO-QUARENTENA-2026-09-13.md:401; services/rh-service/src/app.ts:75,docs/migration/v4/scripts/rules/rh-pessoal.mjs,false,false
101,rh-time-clock-request-insert,ponto RH,tb_rh.pontos_solicitacoes,rh.timeClockRequest,insert,146,8,DEPENDENCIAS_OU_CONTRATO_PENDENTES,3,B4-grupos-com-dependencias,"Solicitação de ajuste de ponto com pai ponto, solicitante, aprovador opcional, status e anexo.",rh.timeClockRequest; rh.points; users solicitante; users aprovador opcional; tb_rh.colaboradores; organizations,organizations; rh.points; users,localizado,Serviço cria solicitações e possui aprovação operacional.,"Ponto-pai, usuário e justificativa são obrigatórios.; Anexo, horários, status e aprovador carecem de conteúdo.; Não executar aprovação que altera pontos e saldo.","Simular as referências pai/usuários e semântica de status, excluindo qualquer aprovação operacional.","Quarentena: 8 ajustes, sem conteúdo do pai, aprovador, horários, status e anexos.",[],138,docs/migration/v4/scripts/rules/rh-pessoal.mjs:388; infra/prisma/schema.prisma:1938; services/rh-service/src/services/timeClockRequestService.ts:124; docs/migration/v4.1/RELATORIO-QUARENTENA-2026-09-13.md:402; services/rh-service/src/app.ts:76; services/rh-service/src/services/timeClockRequestService.ts:62,docs/migration/v4/scripts/rules/rh-pessoal.mjs,false,false
102,rh-score-insert,avaliacao RH,tb_rh.score,rh.score,insert,205,51,DEPENDENCIAS_OU_CONTRATO_PENDENTES,3,B4-grupos-com-dependencias,"Score trimestral por colaborador, com componentes e escore final de precedência dupla.",rh.score; users; tb_rh.colaboradores; rh.score_nitro; rh.score_evaluations; organizations,organizations; users,localizado,Serviço RH consulta detalhes e atualiza Nitro do score.,"Usuário e trimestre formam identidade única.; Final pode usar fallback e defaults artificiais.; Agregado, Nitro e identidade por conteúdo ainda não estão validados.",Simular a chave usuário+trimestre e as contribuições de componentes antes de considerar dependentes.,"Quarentena: 51 scores novos; 47 usuários localizados, 4 não, e faltam agregado/Nitro e identidade por conteúdo.",[],155,docs/migration/v4/scripts/rules/rh-pessoal.mjs:421; infra/prisma/schema.prisma:1972; services/rh-service/src/services/scoreQuarterService.ts:322; docs/migration/v4.1/RELATORIO-QUARENTENA-2026-09-13.md:403; services/rh-service/src/app.ts:81,docs/migration/v4/scripts/rules/rh-pessoal.mjs,false,false
103,rh-score-evaluation-insert,avaliacao RH,tb_rh.score_avaliacoes,rh.score_evaluations,insert,1515,357,DEPENDENCIAS_OU_CONTRATO_PENDENTES,3,B4-grupos-com-dependencias,"Avaliação de score com pai trimestral, avaliador opcional, tipo, status e respostas JSON.",rh.score_evaluations; rh.score; users avaliador opcional; rh.score_questions; organizations,organizations; rh.score; users,localizado,Serviço atual submete avaliações e altera o agregado de score.,"Score, perguntas, respostas, tipo e autoria devem resolver.; Atribuição individual de líderes não está comprovada.; Não usar permissão atual para inventar autoria histórica.","Montar simulação de pai, autor, perguntas e respostas, mantendo avaliações sem identidade em quarentena.",Quarentena: 357 avaliações; 102 LEADER sem atribuição individual comprovada.,[],8,docs/migration/v4/scripts/rules/rh-pessoal.mjs:444; infra/prisma/schema.prisma:2021; services/rh-service/src/services/scoreEvaluationService.ts:247; docs/migration/v4.1/RELATORIO-QUARENTENA-2026-09-13.md:404; services/rh-service/src/app.ts:82,docs/migration/v4/scripts/rules/rh-pessoal.mjs,false,false
104,rh-score-nitro-insert,avaliacao RH,tb_rh.score_nitro,rh.score_nitro,insert,48,0,DEPENDENCIAS_OU_CONTRATO_PENDENTES,3,B4-grupos-com-dependencias,"Métricas Nitro 1:1 do score trimestral, com bônus e inversão de sinal derivados de valores legados.",rh.score_nitro; rh.score; tb_rh.colaboradores; organizations,organizations; rh.score,localizado,Serviço atual atualiza métricas Nitro.,Score-pai precisa resolver.; Métricas têm derivação e defaults artificiais.; Não há prova de que o Nitro existente representa os pais novos.,"Simular a resolução score por colaborador+trimestre e recalcular somente como comparação, sem atualizar métricas.",A quarentena do score informa que Nitro de outros scores não supre pais novos; não há validação por conteúdo desta etapa.,[],49,docs/migration/v4/scripts/rules/rh-pessoal.mjs:458; infra/prisma/schema.prisma:1993; services/rh-service/src/services/scoreNitroService.ts:132; docs/migration/v4.1/RELATORIO-QUARENTENA-2026-09-13.md:403; services/rh-service/src/app.ts:88,docs/migration/v4/scripts/rules/rh-pessoal.mjs,false,false
105,rh-score-question-insert,avaliacao RH,tb_rh.score_perguntas,rh.score_questions,insert,26,0,CANDIDATA_SIMULACAO_DELIMITADA,2,B3-catalogos-e-grupos-delimitados,"Pergunta de score com texto, tipo, estado e question_id derivado do identificador legado.",rh.score_questions; organizations; rh.score_evaluations,organizations,localizado,Serviço atual cria e lista perguntas.,Texto e tipo são obrigatórios.; question_id é derivado e deve ser comparado; active recebe default quando origem ausente.,"Simular tipo normalizado e question_id derivado, verificando colisões antes de qualquer dependente avaliação.",INVENTARIO-V4 confirma a regra e pede Q01; não há comprovante privado de linha desta etapa.,[],30,docs/migration/v4/scripts/rules/rh-pessoal.mjs:509; infra/prisma/schema.prisma:2009; services/rh-service/src/services/scoreQuestionService.ts:49; docs/migration/v4.1/INVENTARIO-V4.csv:275; services/rh-service/src/app.ts:80,docs/migration/v4/scripts/rules/rh-pessoal.mjs,false,false
106,rh-request-insert,solicitacoes RH,tb_rh.solicitacoes,rh.requests,insert,936,4,HISTORICO_PARCIAL_RECONCILIAR,3,B2-reconciliacao-historica,"Solicitação RH com solicitante, categoria, responsável opcional, urgência, status e datas.",rh.requests; rh.request_categories; users solicitante; users responsável opcional; tb_rh.colaboradores; rh.request_messages; organizations,organizations; rh.request_categories; users,localizado,Serviço atual cria e atualiza solicitações.,"Solicitante e categoria devem resolver.; Responsável não pode igualar solicitante.; O mapper permite responsável ausente, mas o schema local e a coluna física divergem em nulabilidade; isso impede presumir executor ou payload validado até resolver compatibilidade.; Anexo e coincidências de identidade da quarentena exigem reconciliação.","Fazer simulação diagnóstica somente leitura das 4 chaves, incluindo a compatibilidade de nulabilidade; não presumir executor/payload válido nem reaplicar os 17 já descontados.","Quarentena: 4 novos pedidos, 3 coincidências de identidade e 1 grupo com anexo não validado; 17 já aprovados foram descontados.","[{""column"": ""assigned_to_user_id"", ""prisma_nullable"": false, ""snapshot_not_null"": false}]",927,docs/migration/v4/scripts/rules/rh-pessoal.mjs:798; infra/prisma/schema.prisma:2038; services/rh-service/src/services/requestService.ts:129; docs/migration/v4.1/RELATORIO-QUARENTENA-2026-09-13.md:405; docs/migration/v4.1/reports/triagem-122-2026-09-14/destinos-triagem.json:3552; services/rh-service/src/app.ts:79,docs/migration/v4/scripts/rules/rh-pessoal.mjs,false,false
107,rh-request-category-insert,solicitacoes RH,tb_rh.solicitacoes_categorias,rh.request_categories,insert,7,0,CANDIDATA_SIMULACAO_DELIMITADA,2,B3-catalogos-e-grupos-delimitados,Categoria de solicitação RH com nome e estado ativo.,rh.request_categories; organizations; rh.requests,organizations,localizado,Serviço atual cria e lista categorias.,Nome é obrigatório.; active recebe default quando o valor legado faltar; não há prova privada de conteúdo ou colisão.,Simular nomes normalizados por organização e colocar colisões em revisão antes das solicitações dependentes.,INVENTARIO-V4 confirma a regra e pede Q01; não há comprovante privado de linha desta etapa.,[],10,docs/migration/v4/scripts/rules/rh-pessoal.mjs:525; infra/prisma/schema.prisma:2059; services/rh-service/src/services/categoryService.ts:55; docs/migration/v4.1/INVENTARIO-V4.csv:277; services/rh-service/src/app.ts:77,docs/migration/v4/scripts/rules/rh-pessoal.mjs,false,false
108,rh-request-message-insert,solicitacoes RH,tb_rh.solicitacoes_mensagens,rh.request_messages,insert,1945,10,HISTORICO_PARCIAL_RECONCILIAR,3,B2-reconciliacao-historica,"Mensagem de solicitação RH, com pai, remetente, tipo, leitura e data; destinatário legado é derivado e não preservado.",rh.request_messages; rh.requests; users remetente; tb_rh.colaboradores; organizations,organizations; rh.requests; users,localizado,Serviço atual cria e lista mensagens por solicitação.,Pai e remetente devem resolver.; Anexo não é mapeado pela regra.; Leitura não carrega leitor e os grupos remanescentes não foram aprovados.,"Reconciliar somente as 10 mensagens remanescentes com pedido-pai, remetente, semântica e anexo; excluir as 4 complementares já carregadas.","Quarentena: 10 mensagens restantes, com grupos não aprovados, problemas semânticos, leitura sem leitor e anexo; não pertencem às 4 já carregadas.",[],1914,docs/migration/v4/scripts/rules/rh-pessoal.mjs:538; infra/prisma/schema.prisma:2070; services/rh-service/src/services/messageService.ts:62; docs/migration/v4.1/RELATORIO-QUARENTENA-2026-09-13.md:406; services/rh-service/src/app.ts:86,docs/migration/v4/scripts/rules/rh-pessoal.mjs,false,false
109,technology-stock-category-derived,Categorias estoque TI,tb_tecnologia.estoque,stock.categories,derived,179,0,DEPENDENCIAS_OU_CONTRATO_PENDENTES,3,B4-grupos-com-dependencias,"Categoria derivada por nome normalizado a partir de item de estoque de TI, com deduplicação N:1.",stock.categories; departments; tb_tecnologia.estoque,departments; organizations,localizado,"Há consumidor de categorias, mas a identidade derivada exige deduplicação e departamento comprovado.",Nome normalizado pode colidir; resolver departamento de Tecnologia; default status=true é artificial se não houver prova,Simular chaves normalizadas e decisão owner/duplicate antes de emitir categoria derivada.,Escopo registra derivação sem simulação desta etapa.,[],203,docs/migration/v4/scripts/rules/tecnologia.mjs:214; docs/migration/v4/scripts/rules/tecnologia.mjs:279; infra/prisma/schema.prisma:1184; services/ti-service/src/services/tiStockService.ts:430,docs/migration/v4/scripts/rules/tecnologia.mjs,false,false
110,technology-stock-location-derived,Localizações estoque TI,tb_tecnologia.estoque,stock.locations,derived,179,0,DEPENDENCIAS_OU_CONTRATO_PENDENTES,3,B4-grupos-com-dependencias,"Localização derivada de referência legada, nome resolvido e deduplicação por organização.",stock.locations; departments; tb_cbs.estoque_localizacoes; tb_tecnologia.estoque,departments; organizations,localizado,"O consumidor atual existe, mas a derivação depende da localização CBS auxiliar.",Referência para localização CBS; nome e andar resolvidos; deduplicação; departamento de Tecnologia,"Simular resolução da localização e chaves deduplicadas, isolando referências ausentes.",Escopo registra derivação sem simulação desta etapa.,[],22,docs/migration/v4/scripts/rules/tecnologia.mjs:232; docs/migration/v4/scripts/rules/tecnologia.mjs:299; infra/prisma/schema.prisma:1168; services/ti-service/src/services/tiStockService.ts:519,docs/migration/v4/scripts/rules/tecnologia.mjs,false,false
111,technology-stock-item-insert,Estoque TI,tb_tecnologia.estoque,stock,insert,179,0,DEPENDENCIAS_OU_CONTRATO_PENDENTES,3,B4-grupos-com-dependencias,"Item de estoque TI dependente das categoria e localização derivadas, com saldo atual como atributo do item.",stock; stock.categories; stock.locations; departments,departments; organizations; stock.categories; stock.locations,localizado,Serviço atual valida categoria e localização antes de criar item.,Categorias/localizações derivadas; quantidade e status; nome derivado de categoria pode não ser equivalente ao item; departamento,"Simular os três produtos da regra como conjunto, conferindo identidade, saldo e deduplicação dos pais.",Escopo registra insert sem simulação desta etapa.,[],75,docs/migration/v4/scripts/rules/tecnologia.mjs:256; docs/migration/v4/scripts/rules/tecnologia.mjs:314; infra/prisma/schema.prisma:1197; services/ti-service/src/services/tiStockService.ts:124,docs/migration/v4/scripts/rules/tecnologia.mjs,false,false
112,technology-stock-entry-insert,Entradas estoque TI,tb_tecnologia.estoque_entradas,stock.entries,insert,885,20,DEPENDENCIAS_OU_CONTRATO_PENDENTES,3,B4-grupos-com-dependencias,Entrada histórica de estoque TI; o saldo posterior é derivado e não pertence ao evento.,stock.entries; stock; users,organizations; stock; users,localizado,Criação atual incrementa o saldo do item na mesma transação.,Item e usuário; data e quantidade; serviço produz efeito de saldo; composição de saldo não comprovada,"Simular referência e reconciliação de saldo fora do serviço, sem replay de movimento.",Escopo registra insert sem simulação; relatório aponta 20 entradas pendentes.,[],736,docs/migration/v4/scripts/rules/tecnologia.mjs:14; infra/prisma/schema.prisma:1217; services/ti-service/src/services/tiStockService.ts:217; docs/migration/v4.1/RELATORIO-QUARENTENA-2026-09-13.md:412; services/ti-service/src/services/tiStockService.ts:196,docs/migration/v4/scripts/rules/tecnologia.mjs,false,false
113,technology-stock-exit-insert,Saídas estoque TI,tb_tecnologia.estoque_saidas,stock.exits,insert,874,24,DEPENDENCIAS_OU_CONTRATO_PENDENTES,3,B4-grupos-com-dependencias,"Saída histórica de estoque TI, com solicitante e possíveis aprovador/operador; observação não tem campo correspondente.",stock.exits; stock; stock.locations; users,organizations; stock; stock.locations; users,localizado,Criação atual reduz saldo e aplica proteção de saldo insuficiente.,"Item, usuários e localização; data/quantidade; observação sem equivalência; efeito de saldo","Simular vínculos e saldo fora do serviço, mantendo observação sem conversão indevida.",Escopo registra insert sem simulação; relatório aponta 24 saídas pendentes.,[],61,docs/migration/v4/scripts/rules/tecnologia.mjs:41; infra/prisma/schema.prisma:1232; services/ti-service/src/services/tiStockService.ts:271; docs/migration/v4.1/RELATORIO-QUARENTENA-2026-09-13.md:413; services/ti-service/src/services/tiStockService.ts:229,docs/migration/v4/scripts/rules/tecnologia.mjs,false,false
114,technology-inventory-assigned-insert,Inventário TI atribuído,tb_tecnologia.inventario,tecnologia.inventory,insert,663,3,DEPENDENCIAS_OU_CONTRATO_PENDENTES,3,B4-grupos-com-dependencias,"Ativo de inventário atribuído, com categoria, possível usuário, responsável de TI e datas de entrega/devolução.",tecnologia.inventory; tecnologia.inventoryCategories; users,organizations; tecnologia.inventoryCategories; tecnologia.inventoryLocations; users,localizado,"Serviço cria ativo após validar categoria, localização, usuário, responsável e asset_code único.",Categoria por identidade natural; usuário e responsável; asset_code único; data de devolução zero e estado não inferível,"Simular categoria, pessoas, asset_code e datas válidas por registro, sem atribuir termo ou estado inexistente.",Escopo registra insert sem simulação; três atribuições sem ID foram bloqueadas por devolução zero no recorte histórico.,[],0,docs/migration/v4/scripts/rules/tecnologia.mjs:84; infra/prisma/schema.prisma:2144; docs/migration/v4.1/RELATORIO-QUARENTENA-2026-09-13.md:414; services/ti-service/src/services/tiInventoryService.ts:79,docs/migration/v4/scripts/rules/tecnologia.mjs,false,false
115,technology-inventory-location-item-insert,Inventário TI por local,tb_tecnologia.inventario_itens,tecnologia.inventory,insert,42,1,DEPENDENCIAS_OU_CONTRATO_PENDENTES,3,B4-grupos-com-dependencias,"Ativo de inventário em localização, sem usuário atribuído, com categoria, responsável e asset_code.",tecnologia.inventory; tecnologia.inventoryLocations; tecnologia.inventoryCategories; users,organizations; tecnologia.inventoryCategories; tecnologia.inventoryLocations; users,localizado,"Serviço atual cria ativo e valida localização, categoria, responsável e unicidade de asset_code.",Localização/categoria por identidade natural; responsável; asset_code único; conteúdo e datas,"Simular resolução de localização, categoria, responsável e unicidade do asset_code.",Escopo registra insert sem simulação; uma linha permaneceu pendente de conteúdo e identidades naturais.,[],0,docs/migration/v4/scripts/rules/tecnologia.mjs:130; infra/prisma/schema.prisma:2144; docs/migration/v4.1/RELATORIO-QUARENTENA-2026-09-13.md:415; services/ti-service/src/services/tiInventoryService.ts:79,docs/migration/v4/scripts/rules/tecnologia.mjs,false,false
116,technology-inventory-location-insert,Localizações inventário TI,tb_tecnologia.inventario_loc,tecnologia.inventoryLocations,insert,21,0,CANDIDATA_SIMULACAO_DELIMITADA,2,B3-catalogos-e-grupos-delimitados,Catálogo de localização de inventário com nome e estado ativo.,tecnologia.inventoryLocations,organizations,localizado,Serviço atual cria localização ativa e recusa duplicidade por nome ativo.,Confirmar equivalência de nome; default active=true não substitui estado legado; verificar colisões,"Simular nomes, status e colisões de localizações sem emissão de payload.",Escopo registra insert sem simulação desta etapa.,[],21,docs/migration/v4/scripts/rules/tecnologia.mjs:369; infra/prisma/schema.prisma:2133; docs/migration/v4.1/INVENTARIO-V4.csv:287; services/ti-service/src/services/tiInventoryLocationService.ts:20,docs/migration/v4/scripts/rules/tecnologia.mjs,false,false
117,technology-inventory-category-insert,Categorias inventário TI,tb_tecnologia.opcoes,tecnologia.inventoryCategories,insert,31,0,CANDIDATA_SIMULACAO_DELIMITADA,2,B3-catalogos-e-grupos-delimitados,"Catálogo de categoria de inventário, com nome, tag e atividade.",tecnologia.inventoryCategories,organizations,localizado,Serviço atual cria categoria ativa e recusa duplicidade por nome ativo.,Confirmar equivalência nome/tag; default active=true não demonstra estado legado; verificar colisões,"Simular identidade natural nome/tag, estado e colisões antes de formar candidatos.",Escopo registra insert sem simulação desta etapa.,[],48,docs/migration/v4/scripts/rules/tecnologia.mjs:401; infra/prisma/schema.prisma:2121; docs/migration/v4.1/INVENTARIO-V4.csv:288; services/ti-service/src/services/tiInventoryCategoryService.ts:20,docs/migration/v4/scripts/rules/tecnologia.mjs,false,false
118,technology-password-insert,Credenciais TI,tb_tecnologia.senhas,tecnologia.passwords_users,insert,179,0,DEPENDENCIAS_OU_CONTRATO_PENDENTES,3,B4-grupos-com-dependencias,"Credencial operacional de TI associada a usuário, local e segredo.",tecnologia.passwords_users; users; configuração de criptografia; autorização específica de credenciais,organizations; users,localizado,Serviço atual cifra o valor na criação e associa a credencial a usuário da organização.,Segredo e possível observação sensível; usuário deve ser reconciliado; a exclusão histórica vale somente para as 80 linhas sem password; compatibilidade de criptografia e emissão precisam prova,"Validar presença e compatibilidade de criptografia e emissão por registro, sem revelar conteúdo; manter separadas as linhas historicamente excluídas por ausência de password.","Escopo registra insert sem simulação; 80 senhas sem password foram excluídas operacionalmente. O snapshot de 14/09 tem zero linhas globais no destino, sem provar ausência de identidade alternativa.",[],170,docs/migration/v4/scripts/rules/tecnologia.mjs:440; infra/prisma/schema.prisma:2087; docs/migration/v4.1/RELATORIO-QUARENTENA-2026-09-13.md:550; docs/migration/v4.1/reports/triagem-122-2026-09-14/destinos-triagem.json:1618; services/ti-service/src/services/tiPasswordService.ts:145,docs/migration/v4/scripts/rules/tecnologia.mjs,false,false
119,technology-term-insert,Termos TI,tb_tecnologia.termos,tecnologia.terms,insert,203,3,CANDIDATA_SIMULACAO_DELIMITADA,1,B1-piloto-recente,"Termo de entrega/uso de equipamento, com pessoa, documento, departamento, itens e assinatura opcional.",tecnologia.terms; users; departments,organizations; users,localizado,Serviço atual cria termos; a simulação documental ainda precisa demonstrar equivalência dos campos legados.,"Comparar conteúdo dos termos; reconciliar usuário, documento e departamento; definir convenção de data; não inferir assinatura","Simular os três candidatos contra a captura de termos, preservando signed_at nulo quando cabível e sem declarar documento assinado.","Escopo registra insert sem simulação; é um dos quatro pequenos grupos priorizados, mas ainda sem lote validado.",[],200,docs/migration/v4/scripts/rules/tecnologia.mjs:498; infra/prisma/schema.prisma:2168; docs/migration/v4.1/RELATORIO-QUARENTENA-2026-09-13.md:418; docs/migration/v4.1/RELATORIO-QUARENTENA-2026-09-13.md:647; services/ti-service/src/services/tiTermService.ts:100,docs/migration/v4/scripts/rules/tecnologia.mjs,false,false
120,workspace-ti-request-insert,Chamados TI,tb_workspace.solicitacoes,tecnologia.requests,insert,6,1,DEPENDENCIAS_OU_CONTRATO_PENDENTES,3,B4-grupos-com-dependencias,"Solicitação TI com requerente, possível atribuído, categoria, urgência, status e datas; pai das mensagens.",tecnologia.requests; tecnologia.request_categories; users; departments; tecnologia.request_messages,organizations; tecnologia.request_categories; users,localizado,"Serviço atual cria chamado com checagem de categoria, pessoas e permissões; não deve ser usado para replay histórico.","Requerente, atribuído e categoria; departamento TI; status/urgência/datas e conteúdo; não disparar criação operacional","Simular os seis pedidos da origem como grupos com seus filhos, distinguindo o recorte recente de um pedido e o snapshot de destino de cinco linhas, sem chamar o serviço.","Escopo registra insert sem simulação; relatório afirma que o mapper depende de corpus antigo e não valida o incremento. Contagens de origem total, recorte recente e snapshot de destino não são intercambiáveis.",[],5,docs/migration/v4/scripts/rules/remaining.mjs:840; infra/prisma/schema.prisma:2190; docs/migration/v4.1/RELATORIO-QUARENTENA-2026-09-13.md:431; docs/migration/v4.1/MAPEAMENTO.md:617; services/ti-service/src/services/tiRequestService.ts:113,docs/migration/v4/scripts/rules/remaining.mjs,false,false
121,workspace-ti-category-insert,Categorias chamados TI,tb_workspace.solicitacoes_categorias,tecnologia.request_categories,insert,1,0,CANDIDATA_SIMULACAO_DELIMITADA,2,B3-catalogos-e-grupos-delimitados,"Catálogo de categorias de chamados, com departamento legado validado como TI e estado ativo.",tecnologia.request_categories; departments; tecnologia.requests,organizations,localizado,Serviço atual cria categoria de chamado; a identidade legado-destino segue a validar.,Confirmar departamento de Tecnologia; nome e estado; categoria é pai de chamados e requer identidade estável,"Simular categorias TI com departamento comprovado e colisões por nome, sem criar chamadas.",Escopo registra insert sem simulação desta etapa.,[],3,docs/migration/v4/scripts/rules/remaining.mjs:823; infra/prisma/schema.prisma:2216; docs/migration/v4.1/INVENTARIO-V4.csv:312; services/ti-service/src/services/tiRequestCategoryService.ts:30,docs/migration/v4/scripts/rules/remaining.mjs,false,false
122,workspace-ti-message-insert,Mensagens chamados TI,tb_workspace.solicitacoes_mensagens,tecnologia.request_messages,insert,2,0,DEPENDENCIAS_OU_CONTRATO_PENDENTES,3,B4-grupos-com-dependencias,"Mensagem filha de chamado TI, com autor, tipo e data; destinatário e recibo de leitura não possuem equivalência no destino.",tecnologia.request_messages; tecnologia.requests; users,organizations; tecnologia.requests; users,localizado,Serviço atual cria mensagem de chamado; replay pode afetar fluxo operacional e anexos.,Pai chamado e autor; mapa de tipo e data; destinatário/leitura funcionais colocam a linha em quarentena; anexo exige referência válida,"Simular mensagens somente junto ao chamado validado, classificando destinatário, leitura e anexo sem reproduzir transições.",Escopo registra insert sem simulação; mensagens não são aprovadas isoladamente do pedido pai.,[],1,docs/migration/v4/scripts/rules/remaining.mjs:869; infra/prisma/schema.prisma:2227; docs/migration/v4/scripts/rules/remaining.mjs:877; docs/migration/v4.1/MAPEAMENTO.md:529; services/ti-service/src/services/tiMessageService.ts:43,docs/migration/v4/scripts/rules/remaining.mjs,false,false
