sourceTable,stepId,destinationTable,mode,sourceColumn,destinationColumn,status,transformation,nullHandling,referenceRole,sensitivity,reason,ruleOrigin,contractDigest
tb_admin.departamentos,department-insert,departments,insert,color,color,mapped,normalize_color,normalize_empty_to_null_or_quarantine_when_required,none,none,Comportamento legado e contrato atual comprovam este mapeamento de coluna.,v2:tb_admin.departamentos,548199c5dcd1f3187968818035425921e0423e7f9c3be6dbf5376f635a6343c8
tb_admin.departamentos,department-insert,departments,insert,id,id,mapped,uuid_v5,normalize_empty_to_null_or_quarantine_when_required,identity,none,Comportamento legado e contrato atual comprovam este mapeamento de coluna.,v2:tb_admin.departamentos,548199c5dcd1f3187968818035425921e0423e7f9c3be6dbf5376f635a6343c8
tb_admin.departamentos,department-insert,departments,insert,nome,name,mapped,normalize_text,normalize_empty_to_null_or_quarantine_when_required,none,none,Comportamento legado e contrato atual comprovam este mapeamento de coluna.,v2:tb_admin.departamentos,548199c5dcd1f3187968818035425921e0423e7f9c3be6dbf5376f635a6343c8
tb_admin.departamentos,department-insert,departments,insert,parceiros,solution,mapped,normalize_boolean,normalize_empty_to_null_or_quarantine_when_required,none,none,Comportamento legado e contrato atual comprovam este mapeamento de coluna.,v2:tb_admin.departamentos,548199c5dcd1f3187968818035425921e0423e7f9c3be6dbf5376f635a6343c8
tb_admin.departamentos,department-insert,departments,insert,status,status,mapped,normalize_department_status,normalize_empty_to_null_or_quarantine_when_required,none,none,Comportamento legado e contrato atual comprovam este mapeamento de coluna.,v2:tb_admin.departamentos,548199c5dcd1f3187968818035425921e0423e7f9c3be6dbf5376f635a6343c8
tb_admin.logs,admin-log-insert,logs,insert,data,date,mapped,normalize_required_datetime,normalize_empty_to_null_or_quarantine_when_required,none,none,Comportamento legado e contrato atual comprovam este mapeamento de coluna.,admin-business:tb_admin.logs,b9ecf2b67eb98155ed0a2fe4aa6c7bcd7d68bc6b88855f8b81442f8b35510f42
tb_admin.logs,admin-log-insert,logs,insert,id,id,mapped,uuid_v5_from_full_source_table_and_legacy_id,normalize_empty_to_null_or_quarantine_when_required,none,none,Comportamento legado e contrato atual comprovam este mapeamento de coluna.,admin-business:tb_admin.logs,b9ecf2b67eb98155ed0a2fe4aa6c7bcd7d68bc6b88855f8b81442f8b35510f42
tb_admin.logs,admin-log-insert,logs,insert,local,,not_preserved,discard_without_persisting_value,not_applicable,none,personal,O local legado é metadado de rede/contexto sem campo equivalente; não é comprimido no JSON changes.,admin-business:tb_admin.logs,b9ecf2b67eb98155ed0a2fe4aa6c7bcd7d68bc6b88855f8b81442f8b35510f42
tb_admin.logs,admin-log-insert,logs,insert,referente,referring,mapped,normalize_required_text,normalize_empty_to_null_or_quarantine_when_required,none,none,Comportamento legado e contrato atual comprovam este mapeamento de coluna.,admin-business:tb_admin.logs,b9ecf2b67eb98155ed0a2fe4aa6c7bcd7d68bc6b88855f8b81442f8b35510f42
tb_admin.logs,admin-log-insert,logs,insert,referente_id,referring_id,mapped,normalize_reference_text,normalize_empty_to_null_or_quarantine_when_required,none,none,Comportamento legado e contrato atual comprovam este mapeamento de coluna.,admin-business:tb_admin.logs,b9ecf2b67eb98155ed0a2fe4aa6c7bcd7d68bc6b88855f8b81442f8b35510f42
tb_admin.logs,admin-log-insert,logs,insert,tipo,action,mapped,normalize_required_text,normalize_empty_to_null_or_quarantine_when_required,none,none,Comportamento legado e contrato atual comprovam este mapeamento de coluna.,admin-business:tb_admin.logs,b9ecf2b67eb98155ed0a2fe4aa6c7bcd7d68bc6b88855f8b81442f8b35510f42
tb_admin.logs,admin-log-insert,logs,insert,usuario_id,user_id,mapped,resolve_user_reference,quarantine_when_reference_is_missing_or_ambiguous,foreign_key,none,Comportamento legado e contrato atual comprovam este mapeamento de coluna.,admin-business:tb_admin.logs,b9ecf2b67eb98155ed0a2fe4aa6c7bcd7d68bc6b88855f8b81442f8b35510f42
tb_admin.permissoes_certificado,permission-certificado-merge,permissions,merge,id,,not_preserved,discard_without_persisting_value,not_applicable,none,none,A identidade da linha modular é consolidada na linha única de Permission por usuário e organização.,admin-business:tb_admin.permissoes_certificado,8e21ff3d7805cb7c7393bd691d15f1b09298bf04626bf58f02742b1bf810eb31
tb_admin.permissoes_certificado,permission-certificado-merge,permissions,merge,permissao,certificado,mapped,normalize_legacy_permission_level_plus_one,normalize_empty_to_null_or_quarantine_when_required,none,none,"A normalização atual converte o sentinela legado -1 em 0 e os cargos legados 0, 1 e 2 nos níveis atuais 1, 2 e 3.",admin-business:tb_admin.permissoes_certificado,8e21ff3d7805cb7c7393bd691d15f1b09298bf04626bf58f02742b1bf810eb31
tb_admin.permissoes_certificado,permission-certificado-merge,permissions,merge,user_id,user_id,mapped,resolve_user_reference,quarantine_when_reference_is_missing_or_ambiguous,foreign_key,none,Comportamento legado e contrato atual comprovam este mapeamento de coluna.,admin-business:tb_admin.permissoes_certificado,8e21ff3d7805cb7c7393bd691d15f1b09298bf04626bf58f02742b1bf810eb31
tb_admin.permissoes_comercial,permission-comercial-merge,permissions,merge,id,,not_preserved,discard_without_persisting_value,not_applicable,none,none,A identidade da linha modular é consolidada na linha única de Permission por usuário e organização.,admin-business:tb_admin.permissoes_comercial,d8567dd9092b36e5c195e586a6429dc2ec65fe8d633134e0d07e31949168a24a
tb_admin.permissoes_comercial,permission-comercial-merge,permissions,merge,permissao,comercial,mapped,normalize_legacy_permission_level_plus_one,normalize_empty_to_null_or_quarantine_when_required,none,none,"A normalização atual converte o sentinela legado -1 em 0 e os cargos legados 0, 1 e 2 nos níveis atuais 1, 2 e 3.",admin-business:tb_admin.permissoes_comercial,d8567dd9092b36e5c195e586a6429dc2ec65fe8d633134e0d07e31949168a24a
tb_admin.permissoes_comercial,permission-comercial-merge,permissions,merge,user_id,user_id,mapped,resolve_user_reference,quarantine_when_reference_is_missing_or_ambiguous,foreign_key,none,Comportamento legado e contrato atual comprovam este mapeamento de coluna.,admin-business:tb_admin.permissoes_comercial,d8567dd9092b36e5c195e586a6429dc2ec65fe8d633134e0d07e31949168a24a
tb_admin.permissoes_contabil,permission-contabil-merge,permissions,merge,id,,not_preserved,discard_without_persisting_value,not_applicable,none,none,A identidade da linha modular é consolidada na linha única de Permission por usuário e organização.,admin-business:tb_admin.permissoes_contabil,4ed489d7ab7d5678c2c89dc3671510b390699031d5b31d5875449e85a47701d6
tb_admin.permissoes_contabil,permission-contabil-merge,permissions,merge,permissao,contabil,mapped,normalize_legacy_permission_level_plus_one,normalize_empty_to_null_or_quarantine_when_required,none,none,"A normalização atual converte o sentinela legado -1 em 0 e os cargos legados 0, 1 e 2 nos níveis atuais 1, 2 e 3.",admin-business:tb_admin.permissoes_contabil,4ed489d7ab7d5678c2c89dc3671510b390699031d5b31d5875449e85a47701d6
tb_admin.permissoes_contabil,permission-contabil-merge,permissions,merge,user_id,user_id,mapped,resolve_user_reference,quarantine_when_reference_is_missing_or_ambiguous,foreign_key,none,Comportamento legado e contrato atual comprovam este mapeamento de coluna.,admin-business:tb_admin.permissoes_contabil,4ed489d7ab7d5678c2c89dc3671510b390699031d5b31d5875449e85a47701d6
tb_admin.permissoes_financeiro,permission-financeiro-merge,permissions,merge,id,,not_preserved,discard_without_persisting_value,not_applicable,none,none,A identidade da linha modular é consolidada na linha única de Permission por usuário e organização.,admin-business:tb_admin.permissoes_financeiro,7d70d4d9d47a1cd7fe5f097aab572bd146f1db4cd6a313058047e975e0845625
tb_admin.permissoes_financeiro,permission-financeiro-merge,permissions,merge,permissao,financeiro,mapped,normalize_legacy_permission_level_plus_one,normalize_empty_to_null_or_quarantine_when_required,none,none,"A normalização atual converte o sentinela legado -1 em 0 e os cargos legados 0, 1 e 2 nos níveis atuais 1, 2 e 3.",admin-business:tb_admin.permissoes_financeiro,7d70d4d9d47a1cd7fe5f097aab572bd146f1db4cd6a313058047e975e0845625
tb_admin.permissoes_financeiro,permission-financeiro-merge,permissions,merge,user_id,user_id,mapped,resolve_user_reference,quarantine_when_reference_is_missing_or_ambiguous,foreign_key,none,Comportamento legado e contrato atual comprovam este mapeamento de coluna.,admin-business:tb_admin.permissoes_financeiro,7d70d4d9d47a1cd7fe5f097aab572bd146f1db4cd6a313058047e975e0845625
tb_admin.permissoes_fiscal,permission-fiscal-merge,permissions,merge,id,,not_preserved,discard_without_persisting_value,not_applicable,none,none,A identidade da linha modular é consolidada na linha única de Permission por usuário e organização.,admin-business:tb_admin.permissoes_fiscal,5b7d18913e7e0bbeb6f0debf7350da52c1c9d76ca0014c36c6443a0be87e9fcd
tb_admin.permissoes_fiscal,permission-fiscal-merge,permissions,merge,permissao,fiscal,mapped,normalize_legacy_permission_level_plus_one,normalize_empty_to_null_or_quarantine_when_required,none,none,"A normalização atual converte o sentinela legado -1 em 0 e os cargos legados 0, 1 e 2 nos níveis atuais 1, 2 e 3.",admin-business:tb_admin.permissoes_fiscal,5b7d18913e7e0bbeb6f0debf7350da52c1c9d76ca0014c36c6443a0be87e9fcd
tb_admin.permissoes_fiscal,permission-fiscal-merge,permissions,merge,user_id,user_id,mapped,resolve_user_reference,quarantine_when_reference_is_missing_or_ambiguous,foreign_key,none,Comportamento legado e contrato atual comprovam este mapeamento de coluna.,admin-business:tb_admin.permissoes_fiscal,5b7d18913e7e0bbeb6f0debf7350da52c1c9d76ca0014c36c6443a0be87e9fcd
tb_admin.permissoes_integracao,permission-integracao-merge,permissions,merge,id,,not_preserved,discard_without_persisting_value,not_applicable,none,none,A identidade da linha modular é consolidada na linha única de Permission por usuário e organização.,admin-business:tb_admin.permissoes_integracao,1c2b6a3312494d6624f8ff8e2cf8ca0ea5f975eff35420a76b1448478344ee1b
tb_admin.permissoes_integracao,permission-integracao-merge,permissions,merge,permissao,integracao,mapped,normalize_legacy_permission_level_plus_one,normalize_empty_to_null_or_quarantine_when_required,none,none,"A normalização atual converte o sentinela legado -1 em 0 e os cargos legados 0, 1 e 2 nos níveis atuais 1, 2 e 3.",admin-business:tb_admin.permissoes_integracao,1c2b6a3312494d6624f8ff8e2cf8ca0ea5f975eff35420a76b1448478344ee1b
tb_admin.permissoes_integracao,permission-integracao-merge,permissions,merge,user_id,user_id,mapped,resolve_user_reference,quarantine_when_reference_is_missing_or_ambiguous,foreign_key,none,Comportamento legado e contrato atual comprovam este mapeamento de coluna.,admin-business:tb_admin.permissoes_integracao,1c2b6a3312494d6624f8ff8e2cf8ca0ea5f975eff35420a76b1448478344ee1b
tb_admin.permissoes_marketing,permission-marketing-merge,permissions,merge,id,,not_preserved,discard_without_persisting_value,not_applicable,none,none,A identidade da linha modular é consolidada na linha única de Permission por usuário e organização.,admin-business:tb_admin.permissoes_marketing,48a1804acc6f0bad8ec1082edf1b420a847362df6f64e55279000aeeb5ee23d6
tb_admin.permissoes_marketing,permission-marketing-merge,permissions,merge,permissao,marketing,mapped,normalize_legacy_permission_level_plus_one,normalize_empty_to_null_or_quarantine_when_required,none,none,"A normalização atual converte o sentinela legado -1 em 0 e os cargos legados 0, 1 e 2 nos níveis atuais 1, 2 e 3.",admin-business:tb_admin.permissoes_marketing,48a1804acc6f0bad8ec1082edf1b420a847362df6f64e55279000aeeb5ee23d6
tb_admin.permissoes_marketing,permission-marketing-merge,permissions,merge,user_id,user_id,mapped,resolve_user_reference,quarantine_when_reference_is_missing_or_ambiguous,foreign_key,none,Comportamento legado e contrato atual comprovam este mapeamento de coluna.,admin-business:tb_admin.permissoes_marketing,48a1804acc6f0bad8ec1082edf1b420a847362df6f64e55279000aeeb5ee23d6
tb_admin.permissoes_parcelamento,permission-parcelamento-merge,permissions,merge,id,,not_preserved,discard_without_persisting_value,not_applicable,none,none,A identidade da linha modular é consolidada na linha única de Permission por usuário e organização.,admin-business:tb_admin.permissoes_parcelamento,85732fc752fa5b04c13aa96834a89d388909512d4cc704fc57cfdbabade6c75c
tb_admin.permissoes_parcelamento,permission-parcelamento-merge,permissions,merge,permissao,parcelamento,mapped,normalize_legacy_permission_level_plus_one,normalize_empty_to_null_or_quarantine_when_required,none,none,"A normalização atual converte o sentinela legado -1 em 0 e os cargos legados 0, 1 e 2 nos níveis atuais 1, 2 e 3.",admin-business:tb_admin.permissoes_parcelamento,85732fc752fa5b04c13aa96834a89d388909512d4cc704fc57cfdbabade6c75c
tb_admin.permissoes_parcelamento,permission-parcelamento-merge,permissions,merge,user_id,user_id,mapped,resolve_user_reference,quarantine_when_reference_is_missing_or_ambiguous,foreign_key,none,Comportamento legado e contrato atual comprovam este mapeamento de coluna.,admin-business:tb_admin.permissoes_parcelamento,85732fc752fa5b04c13aa96834a89d388909512d4cc704fc57cfdbabade6c75c
tb_admin.permissoes_pessoal,permission-pessoal-merge,permissions,merge,id,,not_preserved,discard_without_persisting_value,not_applicable,none,none,A identidade da linha modular é consolidada na linha única de Permission por usuário e organização.,admin-business:tb_admin.permissoes_pessoal,99ab65966f3cc7d29eccbbcab947569d8ab166622d846ea9d161ece6ab9755dc
tb_admin.permissoes_pessoal,permission-pessoal-merge,permissions,merge,permissao,pessoal,mapped,normalize_legacy_permission_level_plus_one,normalize_empty_to_null_or_quarantine_when_required,none,none,"A normalização atual converte o sentinela legado -1 em 0 e os cargos legados 0, 1 e 2 nos níveis atuais 1, 2 e 3.",admin-business:tb_admin.permissoes_pessoal,99ab65966f3cc7d29eccbbcab947569d8ab166622d846ea9d161ece6ab9755dc
tb_admin.permissoes_pessoal,permission-pessoal-merge,permissions,merge,user_id,user_id,mapped,resolve_user_reference,quarantine_when_reference_is_missing_or_ambiguous,foreign_key,none,Comportamento legado e contrato atual comprovam este mapeamento de coluna.,admin-business:tb_admin.permissoes_pessoal,99ab65966f3cc7d29eccbbcab947569d8ab166622d846ea9d161ece6ab9755dc
tb_admin.permissoes_regularize,permission-regularize-merge,permissions,merge,id,,not_preserved,discard_without_persisting_value,not_applicable,none,none,A identidade da linha modular é consolidada na linha única de Permission por usuário e organização.,admin-business:tb_admin.permissoes_regularize,7b686c2b97bf627512905b92d3ebeee365284136c2c9bb392a2b8c8764d275fd
tb_admin.permissoes_regularize,permission-regularize-merge,permissions,merge,permissao,regularize,mapped,normalize_legacy_permission_level_plus_one,normalize_empty_to_null_or_quarantine_when_required,none,none,"A normalização atual converte o sentinela legado -1 em 0 e os cargos legados 0, 1 e 2 nos níveis atuais 1, 2 e 3.",admin-business:tb_admin.permissoes_regularize,7b686c2b97bf627512905b92d3ebeee365284136c2c9bb392a2b8c8764d275fd
tb_admin.permissoes_regularize,permission-regularize-merge,permissions,merge,user_id,user_id,mapped,resolve_user_reference,quarantine_when_reference_is_missing_or_ambiguous,foreign_key,none,Comportamento legado e contrato atual comprovam este mapeamento de coluna.,admin-business:tb_admin.permissoes_regularize,7b686c2b97bf627512905b92d3ebeee365284136c2c9bb392a2b8c8764d275fd
tb_admin.permissoes_rh,permission-rh-merge,permissions,merge,id,,not_preserved,discard_without_persisting_value,not_applicable,none,none,A identidade da linha modular é consolidada na linha única de Permission por usuário e organização.,admin-business:tb_admin.permissoes_rh,452258ce773a30c74fbcb2e16a15c2d544ab5d362005b45aea246227901e51d2
tb_admin.permissoes_rh,permission-rh-merge,permissions,merge,permissao,rh,mapped,normalize_legacy_permission_level_plus_one,normalize_empty_to_null_or_quarantine_when_required,none,none,"A normalização atual converte o sentinela legado -1 em 0 e os cargos legados 0, 1 e 2 nos níveis atuais 1, 2 e 3.",admin-business:tb_admin.permissoes_rh,452258ce773a30c74fbcb2e16a15c2d544ab5d362005b45aea246227901e51d2
tb_admin.permissoes_rh,permission-rh-merge,permissions,merge,user_id,user_id,mapped,resolve_user_reference,quarantine_when_reference_is_missing_or_ambiguous,foreign_key,none,Comportamento legado e contrato atual comprovam este mapeamento de coluna.,admin-business:tb_admin.permissoes_rh,452258ce773a30c74fbcb2e16a15c2d544ab5d362005b45aea246227901e51d2
tb_admin.permissoes_triagem,permission-triagem-merge,permissions,merge,id,,not_preserved,discard_without_persisting_value,not_applicable,none,none,A identidade da linha modular é consolidada na linha única de Permission por usuário e organização.,admin-business:tb_admin.permissoes_triagem,6a7831ce40dcfa9f095444abb4cee1fb6d7eb5375d1772868831f76d422effe5
tb_admin.permissoes_triagem,permission-triagem-merge,permissions,merge,permissao,triagem,mapped,normalize_legacy_permission_level_plus_one,normalize_empty_to_null_or_quarantine_when_required,none,none,"A normalização atual converte o sentinela legado -1 em 0 e os cargos legados 0, 1 e 2 nos níveis atuais 1, 2 e 3.",admin-business:tb_admin.permissoes_triagem,6a7831ce40dcfa9f095444abb4cee1fb6d7eb5375d1772868831f76d422effe5
tb_admin.permissoes_triagem,permission-triagem-merge,permissions,merge,user_id,user_id,mapped,resolve_user_reference,quarantine_when_reference_is_missing_or_ambiguous,foreign_key,none,Comportamento legado e contrato atual comprovam este mapeamento de coluna.,admin-business:tb_admin.permissoes_triagem,6a7831ce40dcfa9f095444abb4cee1fb6d7eb5375d1772868831f76d422effe5
tb_admin.usuarios,user-insert,users,insert,cargo,permission,mapped,normalize_integer,normalize_empty_to_null_or_quarantine_when_required,none,personal,Comportamento legado e contrato atual comprovam este mapeamento de coluna.,v2:tb_admin.usuarios,37300e477d3aea07fd0ad95fc909e19f1ffda0f35595f44c93ccfa83c194bbf3
tb_admin.usuarios,user-insert,users,insert,departamento_id,department_id,mapped,resolve_department_reference,normalize_empty_to_null_or_quarantine_when_required,foreign_key,none,Comportamento legado e contrato atual comprovam este mapeamento de coluna.,v2:tb_admin.usuarios,37300e477d3aea07fd0ad95fc909e19f1ffda0f35595f44c93ccfa83c194bbf3
tb_admin.usuarios,user-insert,users,insert,id,id,mapped,uuid_v5,normalize_empty_to_null_or_quarantine_when_required,identity,none,Comportamento legado e contrato atual comprovam este mapeamento de coluna.,v2:tb_admin.usuarios,37300e477d3aea07fd0ad95fc909e19f1ffda0f35595f44c93ccfa83c194bbf3
tb_admin.usuarios,user-insert,users,insert,img,photo_url,mapped,normalize_legacy_asset_reference,normalize_empty_to_null_or_quarantine_when_required,none,none,Comportamento legado e contrato atual comprovam este mapeamento de coluna.,v2:tb_admin.usuarios,37300e477d3aea07fd0ad95fc909e19f1ffda0f35595f44c93ccfa83c194bbf3
tb_admin.usuarios,user-insert,users,insert,nome,full_name,mapped,normalize_text,normalize_empty_to_null_or_quarantine_when_required,none,none,Comportamento legado e contrato atual comprovam este mapeamento de coluna.,v2:tb_admin.usuarios,37300e477d3aea07fd0ad95fc909e19f1ffda0f35595f44c93ccfa83c194bbf3
tb_admin.usuarios,user-insert,users,insert,nome,name,mapped,normalize_text,normalize_empty_to_null_or_quarantine_when_required,none,none,Comportamento legado e contrato atual comprovam este mapeamento de coluna.,v2:tb_admin.usuarios,37300e477d3aea07fd0ad95fc909e19f1ffda0f35595f44c93ccfa83c194bbf3
tb_admin.usuarios,user-insert,users,insert,password,password,mapped,select_bcrypt_migration_strategy,normalize_empty_to_null_or_quarantine_when_required,none,credential,Seletor executável preserva bcrypt válido e aplica bcrypt_hash_legacy_plaintext somente a texto legado não vazio.,v2:tb_admin.usuarios,37300e477d3aea07fd0ad95fc909e19f1ffda0f35595f44c93ccfa83c194bbf3
tb_admin.usuarios,user-insert,users,insert,status,status,mapped,normalize_status,normalize_empty_to_null_or_quarantine_when_required,none,none,Comportamento legado e contrato atual comprovam este mapeamento de coluna.,v2:tb_admin.usuarios,37300e477d3aea07fd0ad95fc909e19f1ffda0f35595f44c93ccfa83c194bbf3
tb_admin.usuarios,user-insert,users,insert,user,login,mapped,normalize_login,normalize_empty_to_null_or_quarantine_when_required,none,credential,Comportamento legado e contrato atual comprovam este mapeamento de coluna.,v2:tb_admin.usuarios,37300e477d3aea07fd0ad95fc909e19f1ffda0f35595f44c93ccfa83c194bbf3
tb_cbc.emails,shared-email-recipient-insert,emails,insert,cliente_novo_integracao,new_client_sending,mapped,normalize_boolean,normalize_empty_to_null_or_quarantine_when_required,none,none,A coluna cliente_novo_integracao alimenta new_client_sending conforme o contrato atual validado.,remaining:tb_cbc.emails,c6e09081aefbcc330996fa5335bec32bce4cf5eb4420ad4bd8eb64e58e85a799
tb_cbc.emails,shared-email-recipient-insert,emails,insert,email,email,mapped,normalize_required_email,normalize_empty_to_null_or_quarantine_when_required,none,personal,A coluna email alimenta email conforme o contrato atual validado.,remaining:tb_cbc.emails,c6e09081aefbcc330996fa5335bec32bce4cf5eb4420ad4bd8eb64e58e85a799
tb_cbc.emails,shared-email-recipient-insert,emails,insert,id,id,mapped,uuid_v5_from_full_source_table_and_legacy_id,normalize_empty_to_null_or_quarantine_when_required,none,none,A coluna id alimenta id conforme o contrato atual validado.,remaining:tb_cbc.emails,c6e09081aefbcc330996fa5335bec32bce4cf5eb4420ad4bd8eb64e58e85a799
tb_cbc.emails,shared-email-recipient-insert,emails,insert,responsavel,responsible,mapped,normalize_required_text,normalize_empty_to_null_or_quarantine_when_required,none,personal,A coluna responsavel alimenta responsible conforme o contrato atual validado.,remaining:tb_cbc.emails,c6e09081aefbcc330996fa5335bec32bce4cf5eb4420ad4bd8eb64e58e85a799
tb_cbc.emails,shared-email-recipient-insert,emails,insert,tarefa_paralisada_integracao,task_stalled_sending,mapped,normalize_boolean,normalize_empty_to_null_or_quarantine_when_required,none,none,A coluna tarefa_paralisada_integracao alimenta task_stalled_sending conforme o contrato atual validado.,remaining:tb_cbc.emails,c6e09081aefbcc330996fa5335bec32bce4cf5eb4420ad4bd8eb64e58e85a799
tb_cbc.panorama_parcelamentos,parcelamento-panorama-insert,parcelamento.panorama,insert,cliente_id,client_id,mapped,resolve_client_reference,resolve_unique_or_quarantine,foreign_key,none,A coluna legada cliente_id alimenta client_id pelo contrato atual comprovado.,parcelamento:tb_cbc.panorama_parcelamentos,d20e19db1bcc42beb03ee1f89fc24c48f3c2274d90178d46f750f834617f3e5b
tb_cbc.panorama_parcelamentos,parcelamento-panorama-insert,parcelamento.panorama,insert,cnd_estadual,cnd_state,mapped,normalize_boolean_code,normalize_empty_to_null_or_quarantine_when_required,none,none,A coluna legada cnd_estadual alimenta cnd_state pelo contrato atual comprovado.,parcelamento:tb_cbc.panorama_parcelamentos,d20e19db1bcc42beb03ee1f89fc24c48f3c2274d90178d46f750f834617f3e5b
tb_cbc.panorama_parcelamentos,parcelamento-panorama-insert,parcelamento.panorama,insert,cnd_federal,cnd_federal,mapped,normalize_boolean_code,normalize_empty_to_null_or_quarantine_when_required,none,none,A coluna legada cnd_federal alimenta cnd_federal pelo contrato atual comprovado.,parcelamento:tb_cbc.panorama_parcelamentos,d20e19db1bcc42beb03ee1f89fc24c48f3c2274d90178d46f750f834617f3e5b
tb_cbc.panorama_parcelamentos,parcelamento-panorama-insert,parcelamento.panorama,insert,cnd_fgts,cnd_fgts,mapped,normalize_boolean_code,normalize_empty_to_null_or_quarantine_when_required,none,none,A coluna legada cnd_fgts alimenta cnd_fgts pelo contrato atual comprovado.,parcelamento:tb_cbc.panorama_parcelamentos,d20e19db1bcc42beb03ee1f89fc24c48f3c2274d90178d46f750f834617f3e5b
tb_cbc.panorama_parcelamentos,parcelamento-panorama-insert,parcelamento.panorama,insert,cnd_municipal,cnd_municipal,mapped,normalize_boolean_code,normalize_empty_to_null_or_quarantine_when_required,none,none,A coluna legada cnd_municipal alimenta cnd_municipal pelo contrato atual comprovado.,parcelamento:tb_cbc.panorama_parcelamentos,d20e19db1bcc42beb03ee1f89fc24c48f3c2274d90178d46f750f834617f3e5b
tb_cbc.panorama_parcelamentos,parcelamento-panorama-insert,parcelamento.panorama,insert,cnd_trabalhista,cnd_labor,mapped,normalize_boolean_code,normalize_empty_to_null_or_quarantine_when_required,none,none,A coluna legada cnd_trabalhista alimenta cnd_labor pelo contrato atual comprovado.,parcelamento:tb_cbc.panorama_parcelamentos,d20e19db1bcc42beb03ee1f89fc24c48f3c2274d90178d46f750f834617f3e5b
tb_cbc.panorama_parcelamentos,parcelamento-panorama-insert,parcelamento.panorama,insert,comp,competence,mapped,normalize_year_month,normalize_empty_to_null_or_quarantine_when_required,none,none,A coluna legada comp alimenta competence pelo contrato atual comprovado.,parcelamento:tb_cbc.panorama_parcelamentos,d20e19db1bcc42beb03ee1f89fc24c48f3c2274d90178d46f750f834617f3e5b
tb_cbc.panorama_parcelamentos,parcelamento-panorama-insert,parcelamento.panorama,insert,id,id,mapped,uuid_v5_from_full_source_table_and_legacy_id,normalize_empty_to_null_or_quarantine_when_required,none,none,A coluna legada id alimenta id pelo contrato atual comprovado.,parcelamento:tb_cbc.panorama_parcelamentos,d20e19db1bcc42beb03ee1f89fc24c48f3c2274d90178d46f750f834617f3e5b
tb_cbc.panorama_parcelamentos,parcelamento-panorama-insert,parcelamento.panorama,insert,protestos,protests,mapped,normalize_boolean_code,normalize_empty_to_null_or_quarantine_when_required,none,none,A coluna legada protestos alimenta protests pelo contrato atual comprovado.,parcelamento:tb_cbc.panorama_parcelamentos,d20e19db1bcc42beb03ee1f89fc24c48f3c2274d90178d46f750f834617f3e5b
tb_cbc.panorama_parcelamentos,parcelamento-panorama-insert,parcelamento.panorama,insert,responsavel_id,responsavel_id,mapped,resolve_user_reference,resolve_unique_or_quarantine,foreign_key,none,A coluna legada responsavel_id alimenta responsavel_id pelo contrato atual comprovado.,parcelamento:tb_cbc.panorama_parcelamentos,d20e19db1bcc42beb03ee1f89fc24c48f3c2274d90178d46f750f834617f3e5b
tb_cbc.panorama_parcelamentos,parcelamento-panorama-insert,parcelamento.panorama,insert,situacao_fiscal_estadual,state_tax_situation,mapped,normalize_boolean_code,normalize_empty_to_null_or_quarantine_when_required,none,none,A coluna legada situacao_fiscal_estadual alimenta state_tax_situation pelo contrato atual comprovado.,parcelamento:tb_cbc.panorama_parcelamentos,d20e19db1bcc42beb03ee1f89fc24c48f3c2274d90178d46f750f834617f3e5b
tb_cbc.panorama_parcelamentos,parcelamento-panorama-insert,parcelamento.panorama,insert,situacao_fiscal_federal,federal_tax_situation,mapped,normalize_boolean_code,normalize_empty_to_null_or_quarantine_when_required,none,none,A coluna legada situacao_fiscal_federal alimenta federal_tax_situation pelo contrato atual comprovado.,parcelamento:tb_cbc.panorama_parcelamentos,d20e19db1bcc42beb03ee1f89fc24c48f3c2274d90178d46f750f834617f3e5b
tb_cbs.estoque,cbs-stock-insert,stock,insert,andar,,not_preserved,not_emitted_no_equivalent_current_column,A coluna não produz valor de destino.,none,none,O andar é validado pela localização e não constitui coluna independente em stock.,remaining:tb_cbs.estoque,da47d9a8c6d1f1db4285aecddd0482e39dd9aa97cc7643ad0b73ee4ecf43c087
tb_cbs.estoque,cbs-stock-insert,stock,insert,departamento_id,department_id,mapped,resolve_explicit_department_reference,normalize_empty_to_null_or_quarantine_when_required,foreign_key,none,A referência é resolvida exclusivamente pelo vínculo legado explícito.,remaining:tb_cbs.estoque,da47d9a8c6d1f1db4285aecddd0482e39dd9aa97cc7643ad0b73ee4ecf43c087
tb_cbs.estoque,cbs-stock-insert,stock,insert,id,id,mapped,uuid_v5_from_full_source_table_and_legacy_id,normalize_empty_to_null_or_quarantine_when_required,none,none,A coluna id alimenta id conforme o contrato atual validado.,remaining:tb_cbs.estoque,da47d9a8c6d1f1db4285aecddd0482e39dd9aa97cc7643ad0b73ee4ecf43c087
tb_cbs.estoque,cbs-stock-insert,stock,insert,localizacao,location_id,mapped,resolve_explicit_stock_location_reference,normalize_empty_to_null_or_quarantine_when_required,foreign_key,none,A referência é resolvida exclusivamente pelo vínculo legado explícito.,remaining:tb_cbs.estoque,da47d9a8c6d1f1db4285aecddd0482e39dd9aa97cc7643ad0b73ee4ecf43c087
tb_cbs.estoque,cbs-stock-insert,stock,insert,produto_id,category_id,mapped,resolve_item_category_join,normalize_empty_to_null_or_quarantine_when_required,foreign_key,none,A referência é resolvida exclusivamente pelo vínculo legado explícito.,remaining:tb_cbs.estoque,da47d9a8c6d1f1db4285aecddd0482e39dd9aa97cc7643ad0b73ee4ecf43c087
tb_cbs.estoque,cbs-stock-insert,stock,insert,produto_id,description,mapped,resolve_stock_item_description,normalize_empty_to_null_or_quarantine_when_required,foreign_key,none,A referência é resolvida exclusivamente pelo vínculo legado explícito.,remaining:tb_cbs.estoque,da47d9a8c6d1f1db4285aecddd0482e39dd9aa97cc7643ad0b73ee4ecf43c087
tb_cbs.estoque,cbs-stock-insert,stock,insert,produto_id,name,mapped,resolve_stock_item_name,normalize_empty_to_null_or_quarantine_when_required,foreign_key,none,A referência é resolvida exclusivamente pelo vínculo legado explícito.,remaining:tb_cbs.estoque,da47d9a8c6d1f1db4285aecddd0482e39dd9aa97cc7643ad0b73ee4ecf43c087
tb_cbs.estoque,cbs-stock-insert,stock,insert,produto_id,status,mapped,map_legacy_stock_item_zero_active_status,normalize_empty_to_null_or_quarantine_when_required,foreign_key,none,A referência é resolvida exclusivamente pelo vínculo legado explícito.,remaining:tb_cbs.estoque,da47d9a8c6d1f1db4285aecddd0482e39dd9aa97cc7643ad0b73ee4ecf43c087
tb_cbs.estoque,cbs-stock-insert,stock,insert,quantidade,quantity,mapped,normalize_non_negative_integer,normalize_empty_to_null_or_quarantine_when_required,none,none,A coluna quantidade alimenta quantity conforme o contrato atual validado.,remaining:tb_cbs.estoque,da47d9a8c6d1f1db4285aecddd0482e39dd9aa97cc7643ad0b73ee4ecf43c087
tb_cbs.estoque_categorias,cbs-stock-category-insert,stock.categories,insert,departamento_id,department_id,mapped,resolve_explicit_department_reference,normalize_empty_to_null_or_quarantine_when_required,foreign_key,none,A referência é resolvida exclusivamente pelo vínculo legado explícito.,remaining:tb_cbs.estoque_categorias,bc75dbc08e4cb0e3264f2459c0a7aba76bc58604f374a974e6a6f9f7432274d2
tb_cbs.estoque_categorias,cbs-stock-category-insert,stock.categories,insert,id,id,mapped,uuid_v5_from_full_source_table_and_legacy_id,normalize_empty_to_null_or_quarantine_when_required,none,none,A coluna id alimenta id conforme o contrato atual validado.,remaining:tb_cbs.estoque_categorias,bc75dbc08e4cb0e3264f2459c0a7aba76bc58604f374a974e6a6f9f7432274d2
tb_cbs.estoque_categorias,cbs-stock-category-insert,stock.categories,insert,nome,name,mapped,normalize_required_text,normalize_empty_to_null_or_quarantine_when_required,none,none,A coluna nome alimenta name conforme o contrato atual validado.,remaining:tb_cbs.estoque_categorias,bc75dbc08e4cb0e3264f2459c0a7aba76bc58604f374a974e6a6f9f7432274d2
tb_cbs.estoque_entradas,cbs-stock-entry-insert,stock.entries,insert,data_entrada,entry_date,mapped,normalize_required_datetime,normalize_empty_to_null_or_quarantine_when_required,none,none,A coluna data_entrada alimenta entry_date conforme o contrato atual validado.,remaining:tb_cbs.estoque_entradas,7b21593cfd834d191e1a075ce2293ec2ea099d1ac4b0df3f0fea49e6f63b6927
tb_cbs.estoque_entradas,cbs-stock-entry-insert,stock.entries,insert,estoque,,not_preserved,not_emitted_no_equivalent_current_column,A coluna não produz valor de destino.,none,none,O saldo posterior é derivado dos movimentos e não é duplicado no evento atual.,remaining:tb_cbs.estoque_entradas,7b21593cfd834d191e1a075ce2293ec2ea099d1ac4b0df3f0fea49e6f63b6927
tb_cbs.estoque_entradas,cbs-stock-entry-insert,stock.entries,insert,id,id,mapped,uuid_v5_from_full_source_table_and_legacy_id,normalize_empty_to_null_or_quarantine_when_required,none,none,A coluna id alimenta id conforme o contrato atual validado.,remaining:tb_cbs.estoque_entradas,7b21593cfd834d191e1a075ce2293ec2ea099d1ac4b0df3f0fea49e6f63b6927
tb_cbs.estoque_entradas,cbs-stock-entry-insert,stock.entries,insert,produto_id,stock_id,mapped,resolve_explicit_cbs_stock_reference,normalize_empty_to_null_or_quarantine_when_required,foreign_key,none,A referência é resolvida exclusivamente pelo vínculo legado explícito.,remaining:tb_cbs.estoque_entradas,7b21593cfd834d191e1a075ce2293ec2ea099d1ac4b0df3f0fea49e6f63b6927
tb_cbs.estoque_entradas,cbs-stock-entry-insert,stock.entries,insert,quantidade,quantity,mapped,normalize_positive_integer,normalize_empty_to_null_or_quarantine_when_required,none,none,A coluna quantidade alimenta quantity conforme o contrato atual validado.,remaining:tb_cbs.estoque_entradas,7b21593cfd834d191e1a075ce2293ec2ea099d1ac4b0df3f0fea49e6f63b6927
tb_cbs.estoque_entradas,cbs-stock-entry-insert,stock.entries,insert,repositor,entry_by_user_id,mapped,resolve_explicit_user_reference,normalize_empty_to_null_or_quarantine_when_required,foreign_key,none,A referência é resolvida exclusivamente pelo vínculo legado explícito.,remaining:tb_cbs.estoque_entradas,7b21593cfd834d191e1a075ce2293ec2ea099d1ac4b0df3f0fea49e6f63b6927
tb_cbs.estoque_inventario,cbs-inventory-category-insert,tecnologia.inventoryCategories,insert,id,id,mapped,uuid_v5_from_full_source_table_and_legacy_id,normalize_empty_to_null_or_quarantine_when_required,none,none,A coluna id alimenta id conforme o contrato atual validado.,remaining:tb_cbs.estoque_inventario,584a6cc03eb2f5cde4d845edfb01f45cb096a9c3c0030988866f10ef7bddcf09
tb_cbs.estoque_inventario,cbs-inventory-category-insert,tecnologia.inventoryCategories,insert,status,active,mapped,normalize_active_status,normalize_empty_to_null_or_quarantine_when_required,none,none,A coluna status alimenta active conforme o contrato atual validado.,remaining:tb_cbs.estoque_inventario,584a6cc03eb2f5cde4d845edfb01f45cb096a9c3c0030988866f10ef7bddcf09
tb_cbs.estoque_inventario,cbs-inventory-category-insert,tecnologia.inventoryCategories,insert,tag,tag,mapped,normalize_optional_text,normalize_empty_to_null_or_quarantine_when_required,none,none,A coluna tag alimenta tag conforme o contrato atual validado.,remaining:tb_cbs.estoque_inventario,584a6cc03eb2f5cde4d845edfb01f45cb096a9c3c0030988866f10ef7bddcf09
tb_cbs.estoque_inventario,cbs-inventory-category-insert,tecnologia.inventoryCategories,insert,tipo_item,name,mapped,normalize_required_text,normalize_empty_to_null_or_quarantine_when_required,none,none,A coluna tipo_item alimenta name conforme o contrato atual validado.,remaining:tb_cbs.estoque_inventario,584a6cc03eb2f5cde4d845edfb01f45cb096a9c3c0030988866f10ef7bddcf09
tb_cbs.estoque_localizacoes,cbs-stock-location-insert,stock.locations,insert,andar,floor,mapped,resolve_and_normalize_legacy_floor,normalize_empty_to_null_or_quarantine_when_required,foreign_key,none,A referência é resolvida exclusivamente pelo vínculo legado explícito.,remaining:tb_cbs.estoque_localizacoes,14b747b6eb34073505cbfef416870e3dac0960e0adc59cd650c55aa5416efdfa
tb_cbs.estoque_localizacoes,cbs-stock-location-insert,stock.locations,insert,departamento_id,department_id,mapped,resolve_explicit_department_reference,normalize_empty_to_null_or_quarantine_when_required,foreign_key,none,A referência é resolvida exclusivamente pelo vínculo legado explícito.,remaining:tb_cbs.estoque_localizacoes,14b747b6eb34073505cbfef416870e3dac0960e0adc59cd650c55aa5416efdfa
tb_cbs.estoque_localizacoes,cbs-stock-location-insert,stock.locations,insert,id,id,mapped,uuid_v5_from_full_source_table_and_legacy_id,normalize_empty_to_null_or_quarantine_when_required,none,none,A coluna id alimenta id conforme o contrato atual validado.,remaining:tb_cbs.estoque_localizacoes,14b747b6eb34073505cbfef416870e3dac0960e0adc59cd650c55aa5416efdfa
tb_cbs.estoque_localizacoes,cbs-stock-location-insert,stock.locations,insert,nome,name,mapped,normalize_required_text,normalize_empty_to_null_or_quarantine_when_required,none,none,A coluna nome alimenta name conforme o contrato atual validado.,remaining:tb_cbs.estoque_localizacoes,14b747b6eb34073505cbfef416870e3dac0960e0adc59cd650c55aa5416efdfa
tb_cbs.estoque_saidas,cbs-stock-exit-insert,stock.exits,insert,autorizador,approver_id,mapped,resolve_optional_user_reference,normalize_empty_to_null_or_quarantine_when_required,foreign_key,none,A referência é resolvida exclusivamente pelo vínculo legado explícito.,remaining:tb_cbs.estoque_saidas,fed307f882a6e1d8e08a2cb6a83ff5cbc4a8319236777674696b55f690aa0452
tb_cbs.estoque_saidas,cbs-stock-exit-insert,stock.exits,insert,data_saida,exit_date,mapped,normalize_required_datetime,normalize_empty_to_null_or_quarantine_when_required,none,none,A coluna data_saida alimenta exit_date conforme o contrato atual validado.,remaining:tb_cbs.estoque_saidas,fed307f882a6e1d8e08a2cb6a83ff5cbc4a8319236777674696b55f690aa0452
tb_cbs.estoque_saidas,cbs-stock-exit-insert,stock.exits,insert,destino,destination,mapped,normalize_optional_text,normalize_empty_to_null_or_quarantine_when_required,none,personal,A coluna destino alimenta destination conforme o contrato atual validado.,remaining:tb_cbs.estoque_saidas,fed307f882a6e1d8e08a2cb6a83ff5cbc4a8319236777674696b55f690aa0452
tb_cbs.estoque_saidas,cbs-stock-exit-insert,stock.exits,insert,estoque,,not_preserved,not_emitted_no_equivalent_current_column,A coluna não produz valor de destino.,none,none,O saldo posterior é derivado dos movimentos e não é duplicado no evento atual.,remaining:tb_cbs.estoque_saidas,fed307f882a6e1d8e08a2cb6a83ff5cbc4a8319236777674696b55f690aa0452
tb_cbs.estoque_saidas,cbs-stock-exit-insert,stock.exits,insert,id,id,mapped,uuid_v5_from_full_source_table_and_legacy_id,normalize_empty_to_null_or_quarantine_when_required,none,none,A coluna id alimenta id conforme o contrato atual validado.,remaining:tb_cbs.estoque_saidas,fed307f882a6e1d8e08a2cb6a83ff5cbc4a8319236777674696b55f690aa0452
tb_cbs.estoque_saidas,cbs-stock-exit-insert,stock.exits,insert,obs,,not_preserved,not_emitted_no_equivalent_current_column,A coluna não produz valor de destino.,none,personal,stock.exits não possui observação; o texto não é deslocado para destination.,remaining:tb_cbs.estoque_saidas,fed307f882a6e1d8e08a2cb6a83ff5cbc4a8319236777674696b55f690aa0452
tb_cbs.estoque_saidas,cbs-stock-exit-insert,stock.exits,insert,operador,operator_id,mapped,resolve_optional_user_reference,normalize_empty_to_null_or_quarantine_when_required,foreign_key,none,A referência é resolvida exclusivamente pelo vínculo legado explícito.,remaining:tb_cbs.estoque_saidas,fed307f882a6e1d8e08a2cb6a83ff5cbc4a8319236777674696b55f690aa0452
tb_cbs.estoque_saidas,cbs-stock-exit-insert,stock.exits,insert,produto_id,stock_id,mapped,resolve_explicit_cbs_stock_reference,normalize_empty_to_null_or_quarantine_when_required,foreign_key,none,A referência é resolvida exclusivamente pelo vínculo legado explícito.,remaining:tb_cbs.estoque_saidas,fed307f882a6e1d8e08a2cb6a83ff5cbc4a8319236777674696b55f690aa0452
tb_cbs.estoque_saidas,cbs-stock-exit-insert,stock.exits,insert,quantidade,quantity,mapped,normalize_positive_integer,normalize_empty_to_null_or_quarantine_when_required,none,none,A coluna quantidade alimenta quantity conforme o contrato atual validado.,remaining:tb_cbs.estoque_saidas,fed307f882a6e1d8e08a2cb6a83ff5cbc4a8319236777674696b55f690aa0452
tb_cbs.estoque_saidas,cbs-stock-exit-insert,stock.exits,insert,solicitante,requester_id,mapped,resolve_explicit_user_reference,normalize_empty_to_null_or_quarantine_when_required,foreign_key,none,A referência é resolvida exclusivamente pelo vínculo legado explícito.,remaining:tb_cbs.estoque_saidas,fed307f882a6e1d8e08a2cb6a83ff5cbc4a8319236777674696b55f690aa0452
tb_certificados.pf,certificate-pf-insert,certificate.pf,insert,arquivo,file_encryption_iv,mapped,derive_aes_gcm_iv,private_channel_or_quarantine,none,secret,"O valor secreto nunca integra evidência, relatório ou quarentena e só segue pelo canal privado comprovado.",certificates:tb_certificados.pf,15dd872a8b2175e7d221e71d9524639b72c9b0b3134e221a616dbceab9e301ca
tb_certificados.pf,certificate-pf-insert,certificate.pf,insert,arquivo,file_encryption_key_version,mapped,derive_configured_encryption_key_version,private_channel_or_quarantine,none,secret,"O valor secreto nunca integra evidência, relatório ou quarentena e só segue pelo canal privado comprovado.",certificates:tb_certificados.pf,15dd872a8b2175e7d221e71d9524639b72c9b0b3134e221a616dbceab9e301ca
tb_certificados.pf,certificate-pf-insert,certificate.pf,insert,arquivo,file_encryption_tag,mapped,derive_aes_gcm_authentication_tag,private_channel_or_quarantine,none,secret,"O valor secreto nunca integra evidência, relatório ou quarentena e só segue pelo canal privado comprovado.",certificates:tb_certificados.pf,15dd872a8b2175e7d221e71d9524639b72c9b0b3134e221a616dbceab9e301ca
tb_certificados.pf,certificate-pf-insert,certificate.pf,insert,arquivo,file_mime_type,mapped,derive_validated_certificate_mime_type,private_channel_or_quarantine,none,secret,"O valor secreto nunca integra evidência, relatório ou quarentena e só segue pelo canal privado comprovado.",certificates:tb_certificados.pf,15dd872a8b2175e7d221e71d9524639b72c9b0b3134e221a616dbceab9e301ca
tb_certificados.pf,certificate-pf-insert,certificate.pf,insert,arquivo,file_original_name,mapped,derive_verified_original_name,private_channel_or_quarantine,none,secret,"O valor secreto nunca integra evidência, relatório ou quarentena e só segue pelo canal privado comprovado.",certificates:tb_certificados.pf,15dd872a8b2175e7d221e71d9524639b72c9b0b3134e221a616dbceab9e301ca
tb_certificados.pf,certificate-pf-insert,certificate.pf,insert,arquivo,file_path,mapped,store_encrypted_certificate_object_path,private_channel_or_quarantine,none,secret,"O valor secreto nunca integra evidência, relatório ou quarentena e só segue pelo canal privado comprovado.",certificates:tb_certificados.pf,15dd872a8b2175e7d221e71d9524639b72c9b0b3134e221a616dbceab9e301ca
tb_certificados.pf,certificate-pf-insert,certificate.pf,insert,arquivo,file_sha256,mapped,derive_plaintext_sha256_before_encryption,private_channel_or_quarantine,none,secret,"O valor secreto nunca integra evidência, relatório ou quarentena e só segue pelo canal privado comprovado.",certificates:tb_certificados.pf,15dd872a8b2175e7d221e71d9524639b72c9b0b3134e221a616dbceab9e301ca
tb_certificados.pf,certificate-pf-insert,certificate.pf,insert,arquivo,file_size_bytes,mapped,derive_verified_plaintext_size,private_channel_or_quarantine,none,secret,"O valor secreto nunca integra evidência, relatório ou quarentena e só segue pelo canal privado comprovado.",certificates:tb_certificados.pf,15dd872a8b2175e7d221e71d9524639b72c9b0b3134e221a616dbceab9e301ca
tb_certificados.pf,certificate-pf-insert,certificate.pf,insert,arquivo,file_storage_bucket,mapped,derive_configured_storage_bucket,private_channel_or_quarantine,none,secret,"O valor secreto nunca integra evidência, relatório ou quarentena e só segue pelo canal privado comprovado.",certificates:tb_certificados.pf,15dd872a8b2175e7d221e71d9524639b72c9b0b3134e221a616dbceab9e301ca
tb_certificados.pf,certificate-pf-insert,certificate.pf,insert,arquivo,file_storage_provider,mapped,derive_configured_storage_provider,private_channel_or_quarantine,none,secret,"O valor secreto nunca integra evidência, relatório ou quarentena e só segue pelo canal privado comprovado.",certificates:tb_certificados.pf,15dd872a8b2175e7d221e71d9524639b72c9b0b3134e221a616dbceab9e301ca
tb_certificados.pf,certificate-pf-insert,certificate.pf,insert,arquivo,file_uploaded_at,mapped,derive_storage_upload_timestamp,private_channel_or_quarantine,none,secret,"O valor secreto nunca integra evidência, relatório ou quarentena e só segue pelo canal privado comprovado.",certificates:tb_certificados.pf,15dd872a8b2175e7d221e71d9524639b72c9b0b3134e221a616dbceab9e301ca
tb_certificados.pf,certificate-pf-insert,certificate.pf,insert,arquivo,file_uploaded_by_user_id,mapped,resolve_storage_uploader_user,private_channel_or_quarantine,none,secret,"O valor secreto nunca integra evidência, relatório ou quarentena e só segue pelo canal privado comprovado.",certificates:tb_certificados.pf,15dd872a8b2175e7d221e71d9524639b72c9b0b3134e221a616dbceab9e301ca
tb_certificados.pf,certificate-pf-insert,certificate.pf,insert,cliente,client_castelo_status,mapped,normalize_boolean,normalize_empty_to_null_or_quarantine_when_required,none,none,A coluna legada cliente alimenta client_castelo_status pelo contrato privado validado.,certificates:tb_certificados.pf,15dd872a8b2175e7d221e71d9524639b72c9b0b3134e221a616dbceab9e301ca
tb_certificados.pf,certificate-pf-insert,certificate.pf,insert,cnpj,cnpj,mapped,normalize_optional_document,normalize_empty_to_null_or_quarantine_when_required,none,personal,A coluna legada cnpj alimenta cnpj pelo contrato privado validado.,certificates:tb_certificados.pf,15dd872a8b2175e7d221e71d9524639b72c9b0b3134e221a616dbceab9e301ca
tb_certificados.pf,certificate-pf-insert,certificate.pf,insert,contato,contact_info,mapped,normalize_optional_text,normalize_empty_to_null_or_quarantine_when_required,none,personal,A coluna legada contato alimenta contact_info pelo contrato privado validado.,certificates:tb_certificados.pf,15dd872a8b2175e7d221e71d9524639b72c9b0b3134e221a616dbceab9e301ca
tb_certificados.pf,certificate-pf-insert,certificate.pf,insert,cpf,cpf,mapped,normalize_document,normalize_empty_to_null_or_quarantine_when_required,none,personal,A coluna legada cpf alimenta cpf pelo contrato privado validado.,certificates:tb_certificados.pf,15dd872a8b2175e7d221e71d9524639b72c9b0b3134e221a616dbceab9e301ca
tb_certificados.pf,certificate-pf-insert,certificate.pf,insert,data_pagamento,payment_date,mapped,normalize_optional_date,normalize_empty_to_null_or_quarantine_when_required,none,none,A coluna legada data_pagamento alimenta payment_date pelo contrato privado validado.,certificates:tb_certificados.pf,15dd872a8b2175e7d221e71d9524639b72c9b0b3134e221a616dbceab9e301ca
tb_certificados.pf,certificate-pf-insert,certificate.pf,insert,empresa,enterprise,mapped,normalize_optional_text,normalize_empty_to_null_or_quarantine_when_required,none,personal,A coluna legada empresa alimenta enterprise pelo contrato privado validado.,certificates:tb_certificados.pf,15dd872a8b2175e7d221e71d9524639b72c9b0b3134e221a616dbceab9e301ca
tb_certificados.pf,certificate-pf-insert,certificate.pf,insert,id,id,mapped,uuid_v5_from_full_source_table_and_legacy_id,normalize_empty_to_null_or_quarantine_when_required,none,none,A coluna legada id alimenta id pelo contrato privado validado.,certificates:tb_certificados.pf,15dd872a8b2175e7d221e71d9524639b72c9b0b3134e221a616dbceab9e301ca
tb_certificados.pf,certificate-pf-insert,certificate.pf,insert,modelo,model,mapped,normalize_required_text,normalize_empty_to_null_or_quarantine_when_required,none,none,A coluna legada modelo alimenta model pelo contrato privado validado.,certificates:tb_certificados.pf,15dd872a8b2175e7d221e71d9524639b72c9b0b3134e221a616dbceab9e301ca
tb_certificados.pf,certificate-pf-insert,certificate.pf,insert,nome,name,mapped,normalize_required_text,normalize_empty_to_null_or_quarantine_when_required,none,personal,A coluna legada nome alimenta name pelo contrato privado validado.,certificates:tb_certificados.pf,15dd872a8b2175e7d221e71d9524639b72c9b0b3134e221a616dbceab9e301ca
tb_certificados.pf,certificate-pf-insert,certificate.pf,insert,obs,notes,mapped,normalize_optional_text,normalize_empty_to_null_or_quarantine_when_required,none,personal,A coluna legada obs alimenta notes pelo contrato privado validado.,certificates:tb_certificados.pf,15dd872a8b2175e7d221e71d9524639b72c9b0b3134e221a616dbceab9e301ca
tb_certificados.pf,certificate-pf-insert,certificate.pf,insert,pagamento,was_paid,mapped,normalize_boolean,normalize_empty_to_null_or_quarantine_when_required,none,none,A coluna legada pagamento alimenta was_paid pelo contrato privado validado.,certificates:tb_certificados.pf,15dd872a8b2175e7d221e71d9524639b72c9b0b3134e221a616dbceab9e301ca
tb_certificados.pf,certificate-pf-insert,certificate.pf,insert,possui,has_certificate,mapped,derive_from_verified_encrypted_file,normalize_empty_to_null_or_quarantine_when_required,none,none,A coluna legada possui alimenta has_certificate pelo contrato privado validado.,certificates:tb_certificados.pf,15dd872a8b2175e7d221e71d9524639b72c9b0b3134e221a616dbceab9e301ca
tb_certificados.pf,certificate-pf-insert,certificate.pf,insert,senha,password,mapped,preserve_private_certificate_password,private_channel_or_quarantine,none,secret,"O valor secreto nunca integra evidência, relatório ou quarentena e só segue pelo canal privado comprovado.",certificates:tb_certificados.pf,15dd872a8b2175e7d221e71d9524639b72c9b0b3134e221a616dbceab9e301ca
tb_certificados.pf,certificate-pf-insert,certificate.pf,insert,status,,not_preserved,not_preserved,not_applicable,none,none,O contrato atual não possui status ativo/inativo; somente linhas ativas podem ser emitidas sem alterar semântica.,certificates:tb_certificados.pf,15dd872a8b2175e7d221e71d9524639b72c9b0b3134e221a616dbceab9e301ca
tb_certificados.pf,certificate-pf-insert,certificate.pf,insert,validade,expiration_date,mapped,normalize_required_date,normalize_empty_to_null_or_quarantine_when_required,none,none,A coluna legada validade alimenta expiration_date pelo contrato privado validado.,certificates:tb_certificados.pf,15dd872a8b2175e7d221e71d9524639b72c9b0b3134e221a616dbceab9e301ca
tb_certificados.pf,certificate-pf-insert,certificate.pf,insert,valor_pagamento,payment_amount,mapped,normalize_optional_non_negative_number,normalize_empty_to_null_or_quarantine_when_required,none,none,A coluna legada valor_pagamento alimenta payment_amount pelo contrato privado validado.,certificates:tb_certificados.pf,15dd872a8b2175e7d221e71d9524639b72c9b0b3134e221a616dbceab9e301ca
tb_certificados.pj,certificate-pj-insert,certificate.pj,insert,arquivo,file_encryption_iv,mapped,derive_aes_gcm_iv,private_channel_or_quarantine,none,secret,"O valor secreto nunca integra evidência, relatório ou quarentena e só segue pelo canal privado comprovado.",certificates:tb_certificados.pj,0ccbc8b141d82cac7e5ee44a886b50da358d0848a0d83545afbf084b1a9e9c3b
tb_certificados.pj,certificate-pj-insert,certificate.pj,insert,arquivo,file_encryption_key_version,mapped,derive_configured_encryption_key_version,private_channel_or_quarantine,none,secret,"O valor secreto nunca integra evidência, relatório ou quarentena e só segue pelo canal privado comprovado.",certificates:tb_certificados.pj,0ccbc8b141d82cac7e5ee44a886b50da358d0848a0d83545afbf084b1a9e9c3b
tb_certificados.pj,certificate-pj-insert,certificate.pj,insert,arquivo,file_encryption_tag,mapped,derive_aes_gcm_authentication_tag,private_channel_or_quarantine,none,secret,"O valor secreto nunca integra evidência, relatório ou quarentena e só segue pelo canal privado comprovado.",certificates:tb_certificados.pj,0ccbc8b141d82cac7e5ee44a886b50da358d0848a0d83545afbf084b1a9e9c3b
tb_certificados.pj,certificate-pj-insert,certificate.pj,insert,arquivo,file_mime_type,mapped,derive_validated_certificate_mime_type,private_channel_or_quarantine,none,secret,"O valor secreto nunca integra evidência, relatório ou quarentena e só segue pelo canal privado comprovado.",certificates:tb_certificados.pj,0ccbc8b141d82cac7e5ee44a886b50da358d0848a0d83545afbf084b1a9e9c3b
tb_certificados.pj,certificate-pj-insert,certificate.pj,insert,arquivo,file_original_name,mapped,derive_verified_original_name,private_channel_or_quarantine,none,secret,"O valor secreto nunca integra evidência, relatório ou quarentena e só segue pelo canal privado comprovado.",certificates:tb_certificados.pj,0ccbc8b141d82cac7e5ee44a886b50da358d0848a0d83545afbf084b1a9e9c3b
tb_certificados.pj,certificate-pj-insert,certificate.pj,insert,arquivo,file_path,mapped,store_encrypted_certificate_object_path,private_channel_or_quarantine,none,secret,"O valor secreto nunca integra evidência, relatório ou quarentena e só segue pelo canal privado comprovado.",certificates:tb_certificados.pj,0ccbc8b141d82cac7e5ee44a886b50da358d0848a0d83545afbf084b1a9e9c3b
tb_certificados.pj,certificate-pj-insert,certificate.pj,insert,arquivo,file_sha256,mapped,derive_plaintext_sha256_before_encryption,private_channel_or_quarantine,none,secret,"O valor secreto nunca integra evidência, relatório ou quarentena e só segue pelo canal privado comprovado.",certificates:tb_certificados.pj,0ccbc8b141d82cac7e5ee44a886b50da358d0848a0d83545afbf084b1a9e9c3b
tb_certificados.pj,certificate-pj-insert,certificate.pj,insert,arquivo,file_size_bytes,mapped,derive_verified_plaintext_size,private_channel_or_quarantine,none,secret,"O valor secreto nunca integra evidência, relatório ou quarentena e só segue pelo canal privado comprovado.",certificates:tb_certificados.pj,0ccbc8b141d82cac7e5ee44a886b50da358d0848a0d83545afbf084b1a9e9c3b
tb_certificados.pj,certificate-pj-insert,certificate.pj,insert,arquivo,file_storage_bucket,mapped,derive_configured_storage_bucket,private_channel_or_quarantine,none,secret,"O valor secreto nunca integra evidência, relatório ou quarentena e só segue pelo canal privado comprovado.",certificates:tb_certificados.pj,0ccbc8b141d82cac7e5ee44a886b50da358d0848a0d83545afbf084b1a9e9c3b
tb_certificados.pj,certificate-pj-insert,certificate.pj,insert,arquivo,file_storage_provider,mapped,derive_configured_storage_provider,private_channel_or_quarantine,none,secret,"O valor secreto nunca integra evidência, relatório ou quarentena e só segue pelo canal privado comprovado.",certificates:tb_certificados.pj,0ccbc8b141d82cac7e5ee44a886b50da358d0848a0d83545afbf084b1a9e9c3b
tb_certificados.pj,certificate-pj-insert,certificate.pj,insert,arquivo,file_uploaded_at,mapped,derive_storage_upload_timestamp,private_channel_or_quarantine,none,secret,"O valor secreto nunca integra evidência, relatório ou quarentena e só segue pelo canal privado comprovado.",certificates:tb_certificados.pj,0ccbc8b141d82cac7e5ee44a886b50da358d0848a0d83545afbf084b1a9e9c3b
tb_certificados.pj,certificate-pj-insert,certificate.pj,insert,arquivo,file_uploaded_by_user_id,mapped,resolve_storage_uploader_user,private_channel_or_quarantine,none,secret,"O valor secreto nunca integra evidência, relatório ou quarentena e só segue pelo canal privado comprovado.",certificates:tb_certificados.pj,0ccbc8b141d82cac7e5ee44a886b50da358d0848a0d83545afbf084b1a9e9c3b
tb_certificados.pj,certificate-pj-insert,certificate.pj,insert,cliente,client_castelo_status,mapped,normalize_boolean,normalize_empty_to_null_or_quarantine_when_required,none,none,A coluna legada cliente alimenta client_castelo_status pelo contrato privado validado.,certificates:tb_certificados.pj,0ccbc8b141d82cac7e5ee44a886b50da358d0848a0d83545afbf084b1a9e9c3b
tb_certificados.pj,certificate-pj-insert,certificate.pj,insert,cnpj,cnpj,mapped,normalize_document,normalize_empty_to_null_or_quarantine_when_required,none,personal,A coluna legada cnpj alimenta cnpj pelo contrato privado validado.,certificates:tb_certificados.pj,0ccbc8b141d82cac7e5ee44a886b50da358d0848a0d83545afbf084b1a9e9c3b
tb_certificados.pj,certificate-pj-insert,certificate.pj,insert,contato,contact_info,mapped,normalize_optional_text,normalize_empty_to_null_or_quarantine_when_required,none,personal,A coluna legada contato alimenta contact_info pelo contrato privado validado.,certificates:tb_certificados.pj,0ccbc8b141d82cac7e5ee44a886b50da358d0848a0d83545afbf084b1a9e9c3b
tb_certificados.pj,certificate-pj-insert,certificate.pj,insert,data_pagamento,payment_date,mapped,normalize_optional_date,normalize_empty_to_null_or_quarantine_when_required,none,none,A coluna legada data_pagamento alimenta payment_date pelo contrato privado validado.,certificates:tb_certificados.pj,0ccbc8b141d82cac7e5ee44a886b50da358d0848a0d83545afbf084b1a9e9c3b
tb_certificados.pj,certificate-pj-insert,certificate.pj,insert,id,id,mapped,uuid_v5_from_full_source_table_and_legacy_id,normalize_empty_to_null_or_quarantine_when_required,none,none,A coluna legada id alimenta id pelo contrato privado validado.,certificates:tb_certificados.pj,0ccbc8b141d82cac7e5ee44a886b50da358d0848a0d83545afbf084b1a9e9c3b
tb_certificados.pj,certificate-pj-insert,certificate.pj,insert,modelo,model,mapped,normalize_required_text,normalize_empty_to_null_or_quarantine_when_required,none,none,A coluna legada modelo alimenta model pelo contrato privado validado.,certificates:tb_certificados.pj,0ccbc8b141d82cac7e5ee44a886b50da358d0848a0d83545afbf084b1a9e9c3b
tb_certificados.pj,certificate-pj-insert,certificate.pj,insert,nj,legal_nature,mapped,normalize_required_text,normalize_empty_to_null_or_quarantine_when_required,none,none,A coluna legada nj alimenta legal_nature pelo contrato privado validado.,certificates:tb_certificados.pj,0ccbc8b141d82cac7e5ee44a886b50da358d0848a0d83545afbf084b1a9e9c3b
tb_certificados.pj,certificate-pj-insert,certificate.pj,insert,nome,name,mapped,normalize_required_text,normalize_empty_to_null_or_quarantine_when_required,none,personal,A coluna legada nome alimenta name pelo contrato privado validado.,certificates:tb_certificados.pj,0ccbc8b141d82cac7e5ee44a886b50da358d0848a0d83545afbf084b1a9e9c3b
tb_certificados.pj,certificate-pj-insert,certificate.pj,insert,obs,notes,mapped,normalize_optional_text,normalize_empty_to_null_or_quarantine_when_required,none,personal,A coluna legada obs alimenta notes pelo contrato privado validado.,certificates:tb_certificados.pj,0ccbc8b141d82cac7e5ee44a886b50da358d0848a0d83545afbf084b1a9e9c3b
tb_certificados.pj,certificate-pj-insert,certificate.pj,insert,pagamento,was_paid,mapped,normalize_boolean,normalize_empty_to_null_or_quarantine_when_required,none,none,A coluna legada pagamento alimenta was_paid pelo contrato privado validado.,certificates:tb_certificados.pj,0ccbc8b141d82cac7e5ee44a886b50da358d0848a0d83545afbf084b1a9e9c3b
tb_certificados.pj,certificate-pj-insert,certificate.pj,insert,possui,has_certificate,mapped,derive_from_verified_encrypted_file,normalize_empty_to_null_or_quarantine_when_required,none,none,A coluna legada possui alimenta has_certificate pelo contrato privado validado.,certificates:tb_certificados.pj,0ccbc8b141d82cac7e5ee44a886b50da358d0848a0d83545afbf084b1a9e9c3b
tb_certificados.pj,certificate-pj-insert,certificate.pj,insert,responsavel,responsible,mapped,normalize_required_text,normalize_empty_to_null_or_quarantine_when_required,none,personal,A coluna legada responsavel alimenta responsible pelo contrato privado validado.,certificates:tb_certificados.pj,0ccbc8b141d82cac7e5ee44a886b50da358d0848a0d83545afbf084b1a9e9c3b
tb_certificados.pj,certificate-pj-insert,certificate.pj,insert,senha,password,mapped,preserve_private_certificate_password,private_channel_or_quarantine,none,secret,"O valor secreto nunca integra evidência, relatório ou quarentena e só segue pelo canal privado comprovado.",certificates:tb_certificados.pj,0ccbc8b141d82cac7e5ee44a886b50da358d0848a0d83545afbf084b1a9e9c3b
tb_certificados.pj,certificate-pj-insert,certificate.pj,insert,status,,not_preserved,not_preserved,not_applicable,none,none,O contrato atual não possui status ativo/inativo; somente linhas ativas podem ser emitidas sem alterar semântica.,certificates:tb_certificados.pj,0ccbc8b141d82cac7e5ee44a886b50da358d0848a0d83545afbf084b1a9e9c3b
tb_certificados.pj,certificate-pj-insert,certificate.pj,insert,validade,expiration_date,mapped,normalize_required_date,normalize_empty_to_null_or_quarantine_when_required,none,none,A coluna legada validade alimenta expiration_date pelo contrato privado validado.,certificates:tb_certificados.pj,0ccbc8b141d82cac7e5ee44a886b50da358d0848a0d83545afbf084b1a9e9c3b
tb_certificados.pj,certificate-pj-insert,certificate.pj,insert,valor_pagamento,payment_amount,mapped,normalize_optional_non_negative_number,normalize_empty_to_null_or_quarantine_when_required,none,none,A coluna legada valor_pagamento alimenta payment_amount pelo contrato privado validado.,certificates:tb_certificados.pj,0ccbc8b141d82cac7e5ee44a886b50da358d0848a0d83545afbf084b1a9e9c3b
tb_contabil.clientes_mov,contabil-client-movement-insert,contabil.responsibles,insert,cliente_id,client_id,mapped,resolve_client_reference,quarantine_when_reference_is_missing_or_ambiguous,foreign_key,none,Comportamento legado e contrato atual comprovam este mapeamento de coluna.,admin-business:tb_contabil.clientes_mov,2cbbda9acc9e2e2ab8677688efc9515066d883cca0a32774c72687b974d54f77
tb_contabil.clientes_mov,contabil-client-movement-insert,contabil.responsibles,insert,id,id,mapped,uuid_v5_from_full_source_table_and_legacy_id,normalize_empty_to_null_or_quarantine_when_required,none,none,Comportamento legado e contrato atual comprovam este mapeamento de coluna.,admin-business:tb_contabil.clientes_mov,2cbbda9acc9e2e2ab8677688efc9515066d883cca0a32774c72687b974d54f77
tb_contabil.clientes_mov,contabil-client-movement-insert,contabil.responsibles,insert,mov,customer_with_movement,mapped,normalize_boolean,normalize_empty_to_null_or_quarantine_when_required,none,none,Comportamento legado e contrato atual comprovam este mapeamento de coluna.,admin-business:tb_contabil.clientes_mov,2cbbda9acc9e2e2ab8677688efc9515066d883cca0a32774c72687b974d54f77
tb_contabil.clientes_observacao,contabil-client-history-insert,clients.history,insert,cliente_id,client_id,mapped,resolve_client_reference,quarantine_when_reference_is_missing_or_ambiguous,foreign_key,none,Comportamento legado e contrato atual comprovam este mapeamento de coluna.,admin-business:tb_contabil.clientes_observacao,b975345b44d86d3f7ef870d1c8c9baf07ae4b0922dfae40c05947b00dbd2a38d
tb_contabil.clientes_observacao,contabil-client-history-insert,clients.history,insert,data,date,mapped,normalize_required_datetime,normalize_empty_to_null_or_quarantine_when_required,none,none,Comportamento legado e contrato atual comprovam este mapeamento de coluna.,admin-business:tb_contabil.clientes_observacao,b975345b44d86d3f7ef870d1c8c9baf07ae4b0922dfae40c05947b00dbd2a38d
tb_contabil.clientes_observacao,contabil-client-history-insert,clients.history,insert,departamento_id,,not_preserved,discard_without_persisting_value,not_applicable,none,none,A autoria departamental não possui coluna equivalente e não é misturada ao conteúdo integral da observação.,admin-business:tb_contabil.clientes_observacao,b975345b44d86d3f7ef870d1c8c9baf07ae4b0922dfae40c05947b00dbd2a38d
tb_contabil.clientes_observacao,contabil-client-history-insert,clients.history,insert,id,id,mapped,uuid_v5_from_full_source_table_and_legacy_id,normalize_empty_to_null_or_quarantine_when_required,none,none,Comportamento legado e contrato atual comprovam este mapeamento de coluna.,admin-business:tb_contabil.clientes_observacao,b975345b44d86d3f7ef870d1c8c9baf07ae4b0922dfae40c05947b00dbd2a38d
tb_contabil.clientes_observacao,contabil-client-history-insert,clients.history,insert,observacao,history,mapped,preserve_full_history_text,normalize_empty_to_null_or_quarantine_when_required,none,personal,"O contrato ClientHistory preserva o conteúdo integral da observação, sem sumarização ou concatenação.",admin-business:tb_contabil.clientes_observacao,b975345b44d86d3f7ef870d1c8c9baf07ae4b0922dfae40c05947b00dbd2a38d
tb_contabil.clientes_observacao,contabil-client-history-insert,clients.history,insert,user_id,user_id,mapped,resolve_user_reference,quarantine_when_reference_is_missing_or_ambiguous,foreign_key,none,Comportamento legado e contrato atual comprovam este mapeamento de coluna.,admin-business:tb_contabil.clientes_observacao,b975345b44d86d3f7ef870d1c8c9baf07ae4b0922dfae40c05947b00dbd2a38d
tb_contabil.controle,contabil-control-insert,contabil.control,insert,apuracao,monthly_closing,mapped,normalize_boolean,normalize_empty_to_null_or_quarantine_when_required,none,none,Comportamento legado e contrato atual comprovam este mapeamento de coluna.,admin-business:tb_contabil.controle,3e625963a01f52d8df6f17c6240545a1be7c98bc47c9755b6d679cd586b249c8
tb_contabil.controle,contabil-control-insert,contabil.control,insert,cliente_id,client_id,mapped,resolve_client_reference,quarantine_when_reference_is_missing_or_ambiguous,foreign_key,none,Comportamento legado e contrato atual comprovam este mapeamento de coluna.,admin-business:tb_contabil.controle,3e625963a01f52d8df6f17c6240545a1be7c98bc47c9755b6d679cd586b249c8
tb_contabil.controle,contabil-control-insert,contabil.control,insert,competencia,competence,mapped,normalize_competence,normalize_empty_to_null_or_quarantine_when_required,none,none,Comportamento legado e contrato atual comprovam este mapeamento de coluna.,admin-business:tb_contabil.controle,3e625963a01f52d8df6f17c6240545a1be7c98bc47c9755b6d679cd586b249c8
tb_contabil.controle,contabil-control-insert,contabil.control,insert,conciliacao_geral,general_account_reconciliation,mapped,normalize_boolean,normalize_empty_to_null_or_quarantine_when_required,none,none,Comportamento legado e contrato atual comprovam este mapeamento de coluna.,admin-business:tb_contabil.controle,3e625963a01f52d8df6f17c6240545a1be7c98bc47c9755b6d679cd586b249c8
tb_contabil.controle,contabil-control-insert,contabil.control,insert,conciliar_extratos,reconcile_bank_statements,mapped,normalize_boolean,normalize_empty_to_null_or_quarantine_when_required,none,none,Comportamento legado e contrato atual comprovam este mapeamento de coluna.,admin-business:tb_contabil.controle,3e625963a01f52d8df6f17c6240545a1be7c98bc47c9755b6d679cd586b249c8
tb_contabil.controle,contabil-control-insert,contabil.control,insert,contas_estouradas,check_overdrawn_accounts,mapped,normalize_boolean,normalize_empty_to_null_or_quarantine_when_required,none,none,Comportamento legado e contrato atual comprovam este mapeamento de coluna.,admin-business:tb_contabil.controle,3e625963a01f52d8df6f17c6240545a1be7c98bc47c9755b6d679cd586b249c8
tb_contabil.controle,contabil-control-insert,contabil.control,insert,depreciacao,depreciation,mapped,normalize_boolean,normalize_empty_to_null_or_quarantine_when_required,none,none,Comportamento legado e contrato atual comprovam este mapeamento de coluna.,admin-business:tb_contabil.controle,3e625963a01f52d8df6f17c6240545a1be7c98bc47c9755b6d679cd586b249c8
tb_contabil.controle,contabil-control-insert,contabil.control,insert,emprestimos_juros,check_loan_and_interest_accounts,mapped,normalize_boolean,normalize_empty_to_null_or_quarantine_when_required,none,none,Comportamento legado e contrato atual comprovam este mapeamento de coluna.,admin-business:tb_contabil.controle,3e625963a01f52d8df6f17c6240545a1be7c98bc47c9755b6d679cd586b249c8
tb_contabil.controle,contabil-control-insert,contabil.control,insert,fornecedores,reconcile_vendors,mapped,normalize_boolean,normalize_empty_to_null_or_quarantine_when_required,none,none,Comportamento legado e contrato atual comprovam este mapeamento de coluna.,admin-business:tb_contabil.controle,3e625963a01f52d8df6f17c6240545a1be7c98bc47c9755b6d679cd586b249c8
tb_contabil.controle,contabil-control-insert,contabil.control,insert,icms_pis_cofins,reconcile_icms_pis_cofins,mapped,normalize_boolean,normalize_empty_to_null_or_quarantine_when_required,none,none,Comportamento legado e contrato atual comprovam este mapeamento de coluna.,admin-business:tb_contabil.controle,3e625963a01f52d8df6f17c6240545a1be7c98bc47c9755b6d679cd586b249c8
tb_contabil.controle,contabil-control-insert,contabil.control,insert,id,id,mapped,uuid_v5_from_full_source_table_and_legacy_id,normalize_empty_to_null_or_quarantine_when_required,none,none,Comportamento legado e contrato atual comprovam este mapeamento de coluna.,admin-business:tb_contabil.controle,3e625963a01f52d8df6f17c6240545a1be7c98bc47c9755b6d679cd586b249c8
tb_contabil.controle,contabil-control-insert,contabil.control,insert,importacao_extratos,import_bank_statements,mapped,normalize_boolean,normalize_empty_to_null_or_quarantine_when_required,none,none,Comportamento legado e contrato atual comprovam este mapeamento de coluna.,admin-business:tb_contabil.controle,3e625963a01f52d8df6f17c6240545a1be7c98bc47c9755b6d679cd586b249c8
tb_contabil.controle,contabil-control-insert,contabil.control,insert,impostos_estaduais,settle_state_taxes_via_sefaz_ba,mapped,normalize_boolean,normalize_empty_to_null_or_quarantine_when_required,none,none,Comportamento legado e contrato atual comprovam este mapeamento de coluna.,admin-business:tb_contabil.controle,3e625963a01f52d8df6f17c6240545a1be7c98bc47c9755b6d679cd586b249c8
tb_contabil.controle,contabil-control-insert,contabil.control,insert,impostos_federais,settle_federal_taxes_via_ecac,mapped,normalize_boolean,normalize_empty_to_null_or_quarantine_when_required,none,none,Comportamento legado e contrato atual comprovam este mapeamento de coluna.,admin-business:tb_contabil.controle,3e625963a01f52d8df6f17c6240545a1be7c98bc47c9755b6d679cd586b249c8
tb_contabil.controle,contabil-control-insert,contabil.control,insert,inss,suspense_accounts,mapped,normalize_boolean,normalize_empty_to_null_or_quarantine_when_required,none,none,"Apesar do nome físico inss, a tela e os relatórios legados o rotulam Contas transitórias.",admin-business:tb_contabil.controle,3e625963a01f52d8df6f17c6240545a1be7c98bc47c9755b6d679cd586b249c8
tb_contabil.controle,contabil-control-insert,contabil.control,insert,integracao_impostos,integrate_taxes,mapped,normalize_boolean,normalize_empty_to_null_or_quarantine_when_required,none,none,Comportamento legado e contrato atual comprovam este mapeamento de coluna.,admin-business:tb_contabil.controle,3e625963a01f52d8df6f17c6240545a1be7c98bc47c9755b6d679cd586b249c8
tb_contabil.controle,contabil-control-insert,contabil.control,insert,lancamentos_contabil,regenerate_accounting_entries,mapped,normalize_boolean,normalize_empty_to_null_or_quarantine_when_required,none,none,Comportamento legado e contrato atual comprovam este mapeamento de coluna.,admin-business:tb_contabil.controle,3e625963a01f52d8df6f17c6240545a1be7c98bc47c9755b6d679cd586b249c8
tb_contabil.controle,contabil-control-insert,contabil.control,insert,movimento_contabil,post_accounting_transaction,mapped,normalize_boolean,normalize_empty_to_null_or_quarantine_when_required,none,none,Comportamento legado e contrato atual comprovam este mapeamento de coluna.,admin-business:tb_contabil.controle,3e625963a01f52d8df6f17c6240545a1be7c98bc47c9755b6d679cd586b249c8
tb_contabil.controle,contabil-control-insert,contabil.control,insert,obs,notes,mapped,normalize_text,normalize_empty_to_null_or_quarantine_when_required,none,personal,Comportamento legado e contrato atual comprovam este mapeamento de coluna.,admin-business:tb_contabil.controle,3e625963a01f52d8df6f17c6240545a1be7c98bc47c9755b6d679cd586b249c8
tb_contabil.controle,contabil-control-insert,contabil.control,insert,pagamento,integrate_payroll,mapped,normalize_boolean,normalize_empty_to_null_or_quarantine_when_required,none,none,A tela e o dicionário legados nomeiam pagamento como Integração folha de pagamento.,admin-business:tb_contabil.controle,3e625963a01f52d8df6f17c6240545a1be7c98bc47c9755b6d679cd586b249c8
tb_contabil.controle,contabil-control-insert,contabil.control,insert,resumo_acumulador,check_summary_by_accumulator,mapped,normalize_boolean,normalize_empty_to_null_or_quarantine_when_required,none,none,Comportamento legado e contrato atual comprovam este mapeamento de coluna.,admin-business:tb_contabil.controle,3e625963a01f52d8df6f17c6240545a1be7c98bc47c9755b6d679cd586b249c8
tb_contabil.relacoes,contabil-relationship-insert,contabil.relationship,insert,cliente_id,client_id,mapped,resolve_client_reference,quarantine_when_reference_is_missing_or_ambiguous,foreign_key,none,Comportamento legado e contrato atual comprovam este mapeamento de coluna.,admin-business:tb_contabil.relacoes,47dddac518491bed15fc4dd5c4f945c2fcd6400129ce3bcfbe91c24dcd4edeed
tb_contabil.relacoes,contabil-relationship-insert,contabil.relationship,insert,ferramenta,tool,mapped,normalize_text,normalize_empty_to_null_or_quarantine_when_required,none,none,Comportamento legado e contrato atual comprovam este mapeamento de coluna.,admin-business:tb_contabil.relacoes,47dddac518491bed15fc4dd5c4f945c2fcd6400129ce3bcfbe91c24dcd4edeed
tb_contabil.relacoes,contabil-relationship-insert,contabil.relationship,insert,id,id,mapped,uuid_v5_from_full_source_table_and_legacy_id,normalize_empty_to_null_or_quarantine_when_required,none,none,Comportamento legado e contrato atual comprovam este mapeamento de coluna.,admin-business:tb_contabil.relacoes,47dddac518491bed15fc4dd5c4f945c2fcd6400129ce3bcfbe91c24dcd4edeed
tb_contabil.relacoes,contabil-relationship-insert,contabil.relationship,insert,licitacao,bidding,mapped,normalize_boolean,normalize_empty_to_null_or_quarantine_when_required,none,none,Comportamento legado e contrato atual comprovam este mapeamento de coluna.,admin-business:tb_contabil.relacoes,47dddac518491bed15fc4dd5c4f945c2fcd6400129ce3bcfbe91c24dcd4edeed
tb_contabil.relacoes,contabil-relationship-insert,contabil.relationship,insert,obs,note,mapped,normalize_text,normalize_empty_to_null_or_quarantine_when_required,none,personal,Comportamento legado e contrato atual comprovam este mapeamento de coluna.,admin-business:tb_contabil.relacoes,47dddac518491bed15fc4dd5c4f945c2fcd6400129ce3bcfbe91c24dcd4edeed
tb_contabil.relacoes,contabil-relationship-insert,contabil.relationship,insert,plano_de_contas,chart_accounts,mapped,normalize_text,normalize_empty_to_null_or_quarantine_when_required,none,none,Comportamento legado e contrato atual comprovam este mapeamento de coluna.,admin-business:tb_contabil.relacoes,47dddac518491bed15fc4dd5c4f945c2fcd6400129ce3bcfbe91c24dcd4edeed
tb_contabil.relacoes,contabil-relationship-insert,contabil.relationship,insert,sistema,system,mapped,normalize_text,normalize_empty_to_null_or_quarantine_when_required,none,none,Comportamento legado e contrato atual comprovam este mapeamento de coluna.,admin-business:tb_contabil.relacoes,47dddac518491bed15fc4dd5c4f945c2fcd6400129ce3bcfbe91c24dcd4edeed
tb_fiscal.icms,fiscal-icms-insert,fiscal.icms,insert,acordo,interstate_agreement,mapped,normalize_text,normalize_empty_to_null_or_quarantine_when_required,none,none,Comportamento legado e contrato atual comprovam este mapeamento de coluna.,admin-business:tb_fiscal.icms,022ccbef1e1905863e32e9811173fc0521f6108db5547c4ada2134993bd4673c
tb_fiscal.icms,fiscal-icms-insert,fiscal.icms,insert,cest,cest_code,mapped,normalize_text,normalize_empty_to_null_or_quarantine_when_required,none,none,Comportamento legado e contrato atual comprovam este mapeamento de coluna.,admin-business:tb_fiscal.icms,022ccbef1e1905863e32e9811173fc0521f6108db5547c4ada2134993bd4673c
tb_fiscal.icms,fiscal-icms-insert,fiscal.icms,insert,descricao,description,mapped,normalize_required_text,normalize_empty_to_null_or_quarantine_when_required,none,none,Comportamento legado e contrato atual comprovam este mapeamento de coluna.,admin-business:tb_fiscal.icms,022ccbef1e1905863e32e9811173fc0521f6108db5547c4ada2134993bd4673c
tb_fiscal.icms,fiscal-icms-insert,fiscal.icms,insert,estado,state,mapped,normalize_required_text,normalize_empty_to_null_or_quarantine_when_required,none,none,Comportamento legado e contrato atual comprovam este mapeamento de coluna.,admin-business:tb_fiscal.icms,022ccbef1e1905863e32e9811173fc0521f6108db5547c4ada2134993bd4673c
tb_fiscal.icms,fiscal-icms-insert,fiscal.icms,insert,id,id,mapped,uuid_v5_from_full_source_table_and_legacy_id,normalize_empty_to_null_or_quarantine_when_required,none,none,Comportamento legado e contrato atual comprovam este mapeamento de coluna.,admin-business:tb_fiscal.icms,022ccbef1e1905863e32e9811173fc0521f6108db5547c4ada2134993bd4673c
tb_fiscal.icms,fiscal-icms-insert,fiscal.icms,insert,item,item_number,mapped,normalize_text,normalize_empty_to_null_or_quarantine_when_required,none,none,Comportamento legado e contrato atual comprovam este mapeamento de coluna.,admin-business:tb_fiscal.icms,022ccbef1e1905863e32e9811173fc0521f6108db5547c4ada2134993bd4673c
tb_fiscal.icms,fiscal-icms-insert,fiscal.icms,insert,mva_ajustado,adjusted_mva,mapped,normalize_text,normalize_empty_to_null_or_quarantine_when_required,none,none,Comportamento legado e contrato atual comprovam este mapeamento de coluna.,admin-business:tb_fiscal.icms,022ccbef1e1905863e32e9811173fc0521f6108db5547c4ada2134993bd4673c
tb_fiscal.icms,fiscal-icms-insert,fiscal.icms,insert,mva_original,original_mva,mapped,normalize_text,normalize_empty_to_null_or_quarantine_when_required,none,none,Comportamento legado e contrato atual comprovam este mapeamento de coluna.,admin-business:tb_fiscal.icms,022ccbef1e1905863e32e9811173fc0521f6108db5547c4ada2134993bd4673c
tb_fiscal.icms,fiscal-icms-insert,fiscal.icms,insert,mva_original_aplicada,applied_original_mva,mapped,normalize_text,normalize_empty_to_null_or_quarantine_when_required,none,none,Comportamento legado e contrato atual comprovam este mapeamento de coluna.,admin-business:tb_fiscal.icms,022ccbef1e1905863e32e9811173fc0521f6108db5547c4ada2134993bd4673c
tb_fiscal.ipi,fiscal-ipi-insert,fiscal.ipi,insert,aliquota,aliquot,mapped,normalize_text,normalize_empty_to_null_or_quarantine_when_required,none,none,Comportamento legado e contrato atual comprovam este mapeamento de coluna.,admin-business:tb_fiscal.ipi,748c8e95e2b839c22070c6d1ee069240a9e745a7607a9c776cae9579067682c7
tb_fiscal.ipi,fiscal-ipi-insert,fiscal.ipi,insert,descricao,description,mapped,normalize_text,normalize_empty_to_null_or_quarantine_when_required,none,none,Comportamento legado e contrato atual comprovam este mapeamento de coluna.,admin-business:tb_fiscal.ipi,748c8e95e2b839c22070c6d1ee069240a9e745a7607a9c776cae9579067682c7
tb_fiscal.ipi,fiscal-ipi-insert,fiscal.ipi,insert,ex,ex,mapped,normalize_text,normalize_empty_to_null_or_quarantine_when_required,none,none,Comportamento legado e contrato atual comprovam este mapeamento de coluna.,admin-business:tb_fiscal.ipi,748c8e95e2b839c22070c6d1ee069240a9e745a7607a9c776cae9579067682c7
tb_fiscal.ipi,fiscal-ipi-insert,fiscal.ipi,insert,id,id,mapped,uuid_v5_from_full_source_table_and_legacy_id,normalize_empty_to_null_or_quarantine_when_required,none,none,Comportamento legado e contrato atual comprovam este mapeamento de coluna.,admin-business:tb_fiscal.ipi,748c8e95e2b839c22070c6d1ee069240a9e745a7607a9c776cae9579067682c7
tb_fiscal.ipi,fiscal-ipi-insert,fiscal.ipi,insert,ncm,ncm,mapped,normalize_required_text,normalize_empty_to_null_or_quarantine_when_required,none,none,Comportamento legado e contrato atual comprovam este mapeamento de coluna.,admin-business:tb_fiscal.ipi,748c8e95e2b839c22070c6d1ee069240a9e745a7607a9c776cae9579067682c7
tb_fiscal.tributacao_pis_cofins,fiscal-ncm-insert,fiscal.ncm,insert,cst_pis_saida,cst_pis_outgoing,mapped,normalize_text,normalize_empty_to_null_or_quarantine_when_required,none,none,Comportamento legado e contrato atual comprovam este mapeamento de coluna.,admin-business:tb_fiscal.tributacao_pis_cofins,483688c072ec74f2f6542aec7a4eb0580cccab340f21ad70f0304cb88a2bc552
tb_fiscal.tributacao_pis_cofins,fiscal-ncm-insert,fiscal.ncm,insert,cts_cofins_saida,cst_cofins_outgoing,mapped,normalize_text,normalize_empty_to_null_or_quarantine_when_required,none,none,"O nome legado contém o typo cts, mas o formulário fiscal comprova que o valor é CST COFINS de saída.",admin-business:tb_fiscal.tributacao_pis_cofins,483688c072ec74f2f6542aec7a4eb0580cccab340f21ad70f0304cb88a2bc552
tb_fiscal.tributacao_pis_cofins,fiscal-ncm-insert,fiscal.ncm,insert,descricao,description,mapped,normalize_required_text,normalize_empty_to_null_or_quarantine_when_required,none,none,Comportamento legado e contrato atual comprovam este mapeamento de coluna.,admin-business:tb_fiscal.tributacao_pis_cofins,483688c072ec74f2f6542aec7a4eb0580cccab340f21ad70f0304cb88a2bc552
tb_fiscal.tributacao_pis_cofins,fiscal-ncm-insert,fiscal.ncm,insert,fim_virgencia,validity_end_date,mapped,normalize_datetime,normalize_empty_to_null_or_quarantine_when_required,none,none,Comportamento legado e contrato atual comprovam este mapeamento de coluna.,admin-business:tb_fiscal.tributacao_pis_cofins,483688c072ec74f2f6542aec7a4eb0580cccab340f21ad70f0304cb88a2bc552
tb_fiscal.tributacao_pis_cofins,fiscal-ncm-insert,fiscal.ncm,insert,grupo,product_group,mapped,normalize_text,normalize_empty_to_null_or_quarantine_when_required,none,none,Comportamento legado e contrato atual comprovam este mapeamento de coluna.,admin-business:tb_fiscal.tributacao_pis_cofins,483688c072ec74f2f6542aec7a4eb0580cccab340f21ad70f0304cb88a2bc552
tb_fiscal.tributacao_pis_cofins,fiscal-ncm-insert,fiscal.ncm,insert,id,id,mapped,uuid_v5_from_full_source_table_and_legacy_id,normalize_empty_to_null_or_quarantine_when_required,none,none,Comportamento legado e contrato atual comprovam este mapeamento de coluna.,admin-business:tb_fiscal.tributacao_pis_cofins,483688c072ec74f2f6542aec7a4eb0580cccab340f21ad70f0304cb88a2bc552
tb_fiscal.tributacao_pis_cofins,fiscal-ncm-insert,fiscal.ncm,insert,inicio_virgencia,validity_start_date,mapped,normalize_required_datetime,normalize_empty_to_null_or_quarantine_when_required,none,none,Comportamento legado e contrato atual comprovam este mapeamento de coluna.,admin-business:tb_fiscal.tributacao_pis_cofins,483688c072ec74f2f6542aec7a4eb0580cccab340f21ad70f0304cb88a2bc552
tb_fiscal.tributacao_pis_cofins,fiscal-ncm-insert,fiscal.ncm,insert,legislacao_ref,reference_legislation,mapped,normalize_text,normalize_empty_to_null_or_quarantine_when_required,none,none,Comportamento legado e contrato atual comprovam este mapeamento de coluna.,admin-business:tb_fiscal.tributacao_pis_cofins,483688c072ec74f2f6542aec7a4eb0580cccab340f21ad70f0304cb88a2bc552
tb_fiscal.tributacao_pis_cofins,fiscal-ncm-insert,fiscal.ncm,insert,ncm,ncm_code,mapped,normalize_required_text,normalize_empty_to_null_or_quarantine_when_required,none,none,Comportamento legado e contrato atual comprovam este mapeamento de coluna.,admin-business:tb_fiscal.tributacao_pis_cofins,483688c072ec74f2f6542aec7a4eb0580cccab340f21ad70f0304cb88a2bc552
tb_fiscal.tributacao_pis_cofins,fiscal-ncm-insert,fiscal.ncm,insert,obs_ncm,ncm_notes,mapped,normalize_text,normalize_empty_to_null_or_quarantine_when_required,none,none,Comportamento legado e contrato atual comprovam este mapeamento de coluna.,admin-business:tb_fiscal.tributacao_pis_cofins,483688c072ec74f2f6542aec7a4eb0580cccab340f21ad70f0304cb88a2bc552
tb_fiscal.tributacao_pis_cofins,fiscal-ncm-insert,fiscal.ncm,insert,origem_info,information_source,mapped,normalize_text,normalize_empty_to_null_or_quarantine_when_required,none,none,Comportamento legado e contrato atual comprovam este mapeamento de coluna.,admin-business:tb_fiscal.tributacao_pis_cofins,483688c072ec74f2f6542aec7a4eb0580cccab340f21ad70f0304cb88a2bc552
tb_fiscal.tributacao_pis_cofins,fiscal-ncm-insert,fiscal.ncm,insert,regime,tax_regime,mapped,normalize_required_text,normalize_empty_to_null_or_quarantine_when_required,none,none,Comportamento legado e contrato atual comprovam este mapeamento de coluna.,admin-business:tb_fiscal.tributacao_pis_cofins,483688c072ec74f2f6542aec7a4eb0580cccab340f21ad70f0304cb88a2bc552
tb_fiscal.tributacao_pis_cofins,fiscal-ncm-insert,fiscal.ncm,insert,tributacao_federal,federal_taxation_type,mapped,normalize_required_text,normalize_empty_to_null_or_quarantine_when_required,none,none,Comportamento legado e contrato atual comprovam este mapeamento de coluna.,admin-business:tb_fiscal.tributacao_pis_cofins,483688c072ec74f2f6542aec7a4eb0580cccab340f21ad70f0304cb88a2bc552
tb_integracao.clientes,integration-client-insert,clients,insert,bairro,neighborhood,mapped,normalize_text,normalize_empty_to_null_or_quarantine_when_required,none,none,Comportamento legado e contrato atual comprovam este mapeamento de coluna.,v2:tb_integracao.clientes,47c8f45a7f034f8fde5cbd1a037b85bb57deb6eb8419d34dc938f48f3e1a55e2
tb_integracao.clientes,integration-client-insert,clients,insert,cep,cep,mapped,normalize_digits,normalize_empty_to_null_or_quarantine_when_required,none,personal,Comportamento legado e contrato atual comprovam este mapeamento de coluna.,v2:tb_integracao.clientes,47c8f45a7f034f8fde5cbd1a037b85bb57deb6eb8419d34dc938f48f3e1a55e2
tb_integracao.clientes,integration-client-insert,clients,insert,cidade,city,mapped,normalize_text,normalize_empty_to_null_or_quarantine_when_required,none,none,Comportamento legado e contrato atual comprovam este mapeamento de coluna.,v2:tb_integracao.clientes,47c8f45a7f034f8fde5cbd1a037b85bb57deb6eb8419d34dc938f48f3e1a55e2
tb_integracao.clientes,integration-client-insert,clients,insert,complexidade,,not_preserved,discard_without_persisting_value,not_applicable,none,none,O contrato Client atual não possui campo de complexidade e não há adaptação equivalente comprovada.,v2:tb_integracao.clientes,47c8f45a7f034f8fde5cbd1a037b85bb57deb6eb8419d34dc938f48f3e1a55e2
tb_integracao.clientes,integration-client-insert,clients,insert,contato,number,mapped,normalize_phone,normalize_empty_to_null_or_quarantine_when_required,none,personal,Comportamento legado e contrato atual comprovam este mapeamento de coluna.,v2:tb_integracao.clientes,47c8f45a7f034f8fde5cbd1a037b85bb57deb6eb8419d34dc938f48f3e1a55e2
tb_integracao.clientes,integration-client-insert,clients,insert,cpf_cnpj,cpf_cnpj,mapped,normalize_cpf_cnpj,normalize_empty_to_null_or_quarantine_when_required,none,personal,Comportamento legado e contrato atual comprovam este mapeamento de coluna.,v2:tb_integracao.clientes,47c8f45a7f034f8fde5cbd1a037b85bb57deb6eb8419d34dc938f48f3e1a55e2
tb_integracao.clientes,integration-client-insert,clients,insert,cpf_preposto,cpf_agent,mapped,normalize_cpf,normalize_empty_to_null_or_quarantine_when_required,none,personal,Comportamento legado e contrato atual comprovam este mapeamento de coluna.,v2:tb_integracao.clientes,47c8f45a7f034f8fde5cbd1a037b85bb57deb6eb8419d34dc938f48f3e1a55e2
tb_integracao.clientes,integration-client-insert,clients,insert,cpf_socio,cpf_responsible,mapped,normalize_cpf,normalize_empty_to_null_or_quarantine_when_required,none,personal,Comportamento legado e contrato atual comprovam este mapeamento de coluna.,v2:tb_integracao.clientes,47c8f45a7f034f8fde5cbd1a037b85bb57deb6eb8419d34dc938f48f3e1a55e2
tb_integracao.clientes,integration-client-insert,clients,insert,dataAbertura,opening_date,mapped,normalize_date,normalize_empty_to_null_or_quarantine_when_required,none,none,Comportamento legado e contrato atual comprovam este mapeamento de coluna.,v2:tb_integracao.clientes,47c8f45a7f034f8fde5cbd1a037b85bb57deb6eb8419d34dc938f48f3e1a55e2
tb_integracao.clientes,integration-client-insert,clients,insert,email,email,mapped,normalize_email,normalize_empty_to_null_or_quarantine_when_required,none,personal,Comportamento legado e contrato atual comprovam este mapeamento de coluna.,v2:tb_integracao.clientes,47c8f45a7f034f8fde5cbd1a037b85bb57deb6eb8419d34dc938f48f3e1a55e2
tb_integracao.clientes,integration-client-insert,clients,insert,endereco,address,mapped,normalize_text,normalize_empty_to_null_or_quarantine_when_required,none,personal,Comportamento legado e contrato atual comprovam este mapeamento de coluna.,v2:tb_integracao.clientes,47c8f45a7f034f8fde5cbd1a037b85bb57deb6eb8419d34dc938f48f3e1a55e2
tb_integracao.clientes,integration-client-insert,clients,insert,estado,state,mapped,normalize_text,normalize_empty_to_null_or_quarantine_when_required,none,none,Comportamento legado e contrato atual comprovam este mapeamento de coluna.,v2:tb_integracao.clientes,47c8f45a7f034f8fde5cbd1a037b85bb57deb6eb8419d34dc938f48f3e1a55e2
tb_integracao.clientes,integration-client-insert,clients,insert,grupo_id,,not_preserved,discard_without_persisting_value,not_applicable,none,none,O identificador de grupo depende da relação clients groups e não pode ser copiado como escalar.,v2:tb_integracao.clientes,47c8f45a7f034f8fde5cbd1a037b85bb57deb6eb8419d34dc938f48f3e1a55e2
tb_integracao.clientes,integration-client-insert,clients,insert,id,id,mapped,uuid_v5,normalize_empty_to_null_or_quarantine_when_required,identity,none,Comportamento legado e contrato atual comprovam este mapeamento de coluna.,v2:tb_integracao.clientes,47c8f45a7f034f8fde5cbd1a037b85bb57deb6eb8419d34dc938f48f3e1a55e2
tb_integracao.clientes,integration-client-insert,clients,insert,imagem,,not_preserved,discard_without_persisting_value,not_applicable,none,none,O arquivo de imagem legado não é persistido pelo pacote de mapeamento sem migração de storage.,v2:tb_integracao.clientes,47c8f45a7f034f8fde5cbd1a037b85bb57deb6eb8419d34dc938f48f3e1a55e2
tb_integracao.clientes,integration-client-insert,clients,insert,indicacao,indication,mapped,normalize_text,normalize_empty_to_null_or_quarantine_when_required,none,none,Comportamento legado e contrato atual comprovam este mapeamento de coluna.,v2:tb_integracao.clientes,47c8f45a7f034f8fde5cbd1a037b85bb57deb6eb8419d34dc938f48f3e1a55e2
tb_integracao.clientes,integration-client-insert,clients,insert,inicio_contrato,customer_since,mapped,normalize_date,normalize_empty_to_null_or_quarantine_when_required,none,none,Comportamento legado e contrato atual comprovam este mapeamento de coluna.,v2:tb_integracao.clientes,47c8f45a7f034f8fde5cbd1a037b85bb57deb6eb8419d34dc938f48f3e1a55e2
tb_integracao.clientes,integration-client-insert,clients,insert,instagram,instagram,mapped,normalize_text,normalize_empty_to_null_or_quarantine_when_required,none,none,Comportamento legado e contrato atual comprovam este mapeamento de coluna.,v2:tb_integracao.clientes,47c8f45a7f034f8fde5cbd1a037b85bb57deb6eb8419d34dc938f48f3e1a55e2
tb_integracao.clientes,integration-client-insert,clients,insert,nome,company_name,mapped,normalize_text,normalize_empty_to_null_or_quarantine_when_required,none,none,Comportamento legado e contrato atual comprovam este mapeamento de coluna.,v2:tb_integracao.clientes,47c8f45a7f034f8fde5cbd1a037b85bb57deb6eb8419d34dc938f48f3e1a55e2
tb_integracao.clientes,integration-client-insert,clients,insert,nome,name,mapped,normalize_text,normalize_empty_to_null_or_quarantine_when_required,none,none,Comportamento legado e contrato atual comprovam este mapeamento de coluna.,v2:tb_integracao.clientes,47c8f45a7f034f8fde5cbd1a037b85bb57deb6eb8419d34dc938f48f3e1a55e2
tb_integracao.clientes,integration-client-insert,clients,insert,nome_fantasia,fantasy_name,mapped,normalize_text,normalize_empty_to_null_or_quarantine_when_required,none,none,Comportamento legado e contrato atual comprovam este mapeamento de coluna.,v2:tb_integracao.clientes,47c8f45a7f034f8fde5cbd1a037b85bb57deb6eb8419d34dc938f48f3e1a55e2
tb_integracao.clientes,integration-client-insert,clients,insert,preposto,agent,mapped,normalize_text,normalize_empty_to_null_or_quarantine_when_required,none,personal,Comportamento legado e contrato atual comprovam este mapeamento de coluna.,v2:tb_integracao.clientes,47c8f45a7f034f8fde5cbd1a037b85bb57deb6eb8419d34dc938f48f3e1a55e2
tb_integracao.clientes,integration-client-insert,clients,insert,socioAdm,responsible,mapped,normalize_text,normalize_empty_to_null_or_quarantine_when_required,none,personal,Comportamento legado e contrato atual comprovam este mapeamento de coluna.,v2:tb_integracao.clientes,47c8f45a7f034f8fde5cbd1a037b85bb57deb6eb8419d34dc938f48f3e1a55e2
tb_integracao.clientes,integration-client-insert,clients,insert,tipo,type,mapped,normalize_client_type,normalize_empty_to_null_or_quarantine_when_required,none,none,Comportamento legado e contrato atual comprovam este mapeamento de coluna.,v2:tb_integracao.clientes,47c8f45a7f034f8fde5cbd1a037b85bb57deb6eb8419d34dc938f48f3e1a55e2
tb_integracao.clientes,integration-client-insert,clients,insert,tipo_cliente,status,mapped,normalize_status,normalize_empty_to_null_or_quarantine_when_required,none,none,Comportamento legado e contrato atual comprovam este mapeamento de coluna.,v2:tb_integracao.clientes,47c8f45a7f034f8fde5cbd1a037b85bb57deb6eb8419d34dc938f48f3e1a55e2
tb_integracao.grupos,integration-group-insert,clients.group,insert,id,id,mapped,uuid_v5_from_full_source_table_and_legacy_id,normalize_or_apply_declared_default,value,none,A evidência legada e o contrato atual comprovam esta transformação sem alterar a semântica.,integracao-regularize:tb_integracao.grupos,a9969a8c0945e279610832cb8f89df3500b869f14341c1508b7810af26842e8a
tb_integracao.grupos,integration-group-insert,clients.group,insert,nome,name,mapped,normalize_required_text,normalize_or_apply_declared_default,value,none,A evidência legada e o contrato atual comprovam esta transformação sem alterar a semântica.,integracao-regularize:tb_integracao.grupos,a9969a8c0945e279610832cb8f89df3500b869f14341c1508b7810af26842e8a
tb_integracao.pa,integration-pa-merge,clients.pa,merge,alvara,permit,mapped,normalize_text,normalize_or_apply_declared_default,value,none,A evidência legada e o contrato atual comprovam esta transformação sem alterar a semântica.,integracao-regularize:tb_integracao.pa,e1a9c6f07fc987fabc6e4570cf6a4a96714b77ecc3e23cc5e8cafe55eeb8775e
tb_integracao.pa,integration-pa-merge,clients.pa,merge,armazenamento_nuvem,cloud_storage,mapped,normalize_boolean,normalize_or_apply_declared_default,value,none,A evidência legada e o contrato atual comprovam esta transformação sem alterar a semântica.,integracao-regularize:tb_integracao.pa,e1a9c6f07fc987fabc6e4570cf6a4a96714b77ecc3e23cc5e8cafe55eeb8775e
tb_integracao.pa,integration-pa-merge,clients.pa,merge,atividades,activities,mapped,normalize_text,normalize_or_apply_declared_default,value,none,A evidência legada e o contrato atual comprovam esta transformação sem alterar a semântica.,integracao-regularize:tb_integracao.pa,e1a9c6f07fc987fabc6e4570cf6a4a96714b77ecc3e23cc5e8cafe55eeb8775e
tb_integracao.pa,integration-pa-merge,clients.pa,merge,cliente_id,client_id,mapped,resolve_explicit_client_reference,normalize_or_apply_declared_default,foreign_key,none,A chave é resolvida pelo vínculo legado explícito; zero ou múltiplos candidatos geram quarantine.,integracao-regularize:tb_integracao.pa,e1a9c6f07fc987fabc6e4570cf6a4a96714b77ecc3e23cc5e8cafe55eeb8775e
tb_integracao.pa,integration-pa-merge,clients.pa,merge,cnae_principal,,not_preserved,not_preserved,not_applicable,none,none,O CNAE pertence ao Client e não é atualizado lateralmente pelo PA.,integracao-regularize:tb_integracao.pa,e1a9c6f07fc987fabc6e4570cf6a4a96714b77ecc3e23cc5e8cafe55eeb8775e
tb_integracao.pa,integration-pa-merge,clients.pa,merge,cnae_secundario,,not_preserved,not_preserved,not_applicable,none,none,A lista CNAE pertence ao Client e não é inferida pelo PA.,integracao-regularize:tb_integracao.pa,e1a9c6f07fc987fabc6e4570cf6a4a96714b77ecc3e23cc5e8cafe55eeb8775e
tb_integracao.pa,integration-pa-merge,clients.pa,merge,colaboradores_nao_registrados,unregistered_collabortors,mapped,normalize_integer,normalize_or_apply_declared_default,value,none,A evidência legada e o contrato atual comprovam esta transformação sem alterar a semântica.,integracao-regularize:tb_integracao.pa,e1a9c6f07fc987fabc6e4570cf6a4a96714b77ecc3e23cc5e8cafe55eeb8775e
tb_integracao.pa,integration-pa-merge,clients.pa,merge,colaboradores_registrados,registered_collabortors,mapped,normalize_integer,normalize_or_apply_declared_default,value,none,A evidência legada e o contrato atual comprovam esta transformação sem alterar a semântica.,integracao-regularize:tb_integracao.pa,e1a9c6f07fc987fabc6e4570cf6a4a96714b77ecc3e23cc5e8cafe55eeb8775e
tb_integracao.pa,integration-pa-merge,clients.pa,merge,contato_sistema,system_contact,mapped,normalize_text,normalize_or_apply_declared_default,value,personal,A evidência legada e o contrato atual comprovam esta transformação sem alterar a semântica.,integracao-regularize:tb_integracao.pa,e1a9c6f07fc987fabc6e4570cf6a4a96714b77ecc3e23cc5e8cafe55eeb8775e
tb_integracao.pa,integration-pa-merge,clients.pa,merge,contrato_aluguel,rental_agreement,mapped,normalize_boolean,normalize_or_apply_declared_default,value,none,A evidência legada e o contrato atual comprovam esta transformação sem alterar a semântica.,integracao-regularize:tb_integracao.pa,e1a9c6f07fc987fabc6e4570cf6a4a96714b77ecc3e23cc5e8cafe55eeb8775e
tb_integracao.pa,integration-pa-merge,clients.pa,merge,departamentos,,not_preserved,not_preserved,not_applicable,none,none,A enumeração não possui coluna equivalente distinta no PA atual.,integracao-regularize:tb_integracao.pa,e1a9c6f07fc987fabc6e4570cf6a4a96714b77ecc3e23cc5e8cafe55eeb8775e
tb_integracao.pa,integration-pa-merge,clients.pa,merge,esocial,esocial,mapped,normalize_boolean,normalize_or_apply_declared_default,value,none,A evidência legada e o contrato atual comprovam esta transformação sem alterar a semântica.,integracao-regularize:tb_integracao.pa,e1a9c6f07fc987fabc6e4570cf6a4a96714b77ecc3e23cc5e8cafe55eeb8775e
tb_integracao.pa,integration-pa-merge,clients.pa,merge,faturamento_anual,management_billing,mapped,normalize_text,normalize_or_apply_declared_default,value,none,A evidência legada e o contrato atual comprovam esta transformação sem alterar a semântica.,integracao-regularize:tb_integracao.pa,e1a9c6f07fc987fabc6e4570cf6a4a96714b77ecc3e23cc5e8cafe55eeb8775e
tb_integracao.pa,integration-pa-merge,clients.pa,merge,faturamento_mensal,tax_billing,mapped,normalize_text,normalize_or_apply_declared_default,value,none,A evidência legada e o contrato atual comprovam esta transformação sem alterar a semântica.,integracao-regularize:tb_integracao.pa,e1a9c6f07fc987fabc6e4570cf6a4a96714b77ecc3e23cc5e8cafe55eeb8775e
tb_integracao.pa,integration-pa-merge,clients.pa,merge,id,,not_preserved,not_preserved,not_applicable,none,none,"A identidade atual de PA é client_id, não o id auxiliar legado.",integracao-regularize:tb_integracao.pa,e1a9c6f07fc987fabc6e4570cf6a4a96714b77ecc3e23cc5e8cafe55eeb8775e
tb_integracao.pa,integration-pa-merge,clients.pa,merge,licitacao,works_bidding,mapped,normalize_boolean,normalize_or_apply_declared_default,value,none,A evidência legada e o contrato atual comprovam esta transformação sem alterar a semântica.,integracao-regularize:tb_integracao.pa,e1a9c6f07fc987fabc6e4570cf6a4a96714b77ecc3e23cc5e8cafe55eeb8775e
tb_integracao.pa,integration-pa-merge,clients.pa,merge,mudanca,dissatisfaction,mapped,normalize_text,normalize_or_apply_declared_default,value,none,A evidência legada e o contrato atual comprovam esta transformação sem alterar a semântica.,integracao-regularize:tb_integracao.pa,e1a9c6f07fc987fabc6e4570cf6a4a96714b77ecc3e23cc5e8cafe55eeb8775e
tb_integracao.pa,integration-pa-merge,clients.pa,merge,nome_sistema,system_name,mapped,normalize_text,normalize_or_apply_declared_default,value,none,A evidência legada e o contrato atual comprovam esta transformação sem alterar a semântica.,integracao-regularize:tb_integracao.pa,e1a9c6f07fc987fabc6e4570cf6a4a96714b77ecc3e23cc5e8cafe55eeb8775e
tb_integracao.pa,integration-pa-merge,clients.pa,merge,nome_socio,,not_preserved,not_preserved,not_applicable,none,none,Sócio possui identidade própria e não é comprimido em campo textual de PA.,integracao-regularize:tb_integracao.pa,e1a9c6f07fc987fabc6e4570cf6a4a96714b77ecc3e23cc5e8cafe55eeb8775e
tb_integracao.pa,integration-pa-merge,clients.pa,merge,operacoes_sistema,system_operations,mapped,normalize_text,normalize_or_apply_declared_default,value,none,A evidência legada e o contrato atual comprovam esta transformação sem alterar a semântica.,integracao-regularize:tb_integracao.pa,e1a9c6f07fc987fabc6e4570cf6a4a96714b77ecc3e23cc5e8cafe55eeb8775e
tb_integracao.pa,integration-pa-merge,clients.pa,merge,quais_bancos,whitch_banks,mapped,normalize_text,normalize_or_apply_declared_default,value,none,A evidência legada e o contrato atual comprovam esta transformação sem alterar a semântica.,integracao-regularize:tb_integracao.pa,e1a9c6f07fc987fabc6e4570cf6a4a96714b77ecc3e23cc5e8cafe55eeb8775e
tb_integracao.pa,integration-pa-merge,clients.pa,merge,qualNuvem,which_cloud_storage,mapped,normalize_text,normalize_or_apply_declared_default,value,none,A evidência legada e o contrato atual comprovam esta transformação sem alterar a semântica.,integracao-regularize:tb_integracao.pa,e1a9c6f07fc987fabc6e4570cf6a4a96714b77ecc3e23cc5e8cafe55eeb8775e
tb_integracao.pa,integration-pa-merge,clients.pa,merge,quant_bancos,how_many_banks,mapped,normalize_presence_boolean,normalize_or_apply_declared_default,value,none,A evidência legada e o contrato atual comprovam esta transformação sem alterar a semântica.,integracao-regularize:tb_integracao.pa,e1a9c6f07fc987fabc6e4570cf6a4a96714b77ecc3e23cc5e8cafe55eeb8775e
tb_integracao.pa,integration-pa-merge,clients.pa,merge,regime,,not_preserved,not_preserved,not_applicable,none,none,O regime genérico não distingue o regime de apuração exigido pelo PA atual.,integracao-regularize:tb_integracao.pa,e1a9c6f07fc987fabc6e4570cf6a4a96714b77ecc3e23cc5e8cafe55eeb8775e
tb_integracao.pa,integration-pa-merge,clients.pa,merge,regime_apuracao,assessment_regime,mapped,normalize_text,normalize_or_apply_declared_default,value,none,A evidência legada e o contrato atual comprovam esta transformação sem alterar a semântica.,integracao-regularize:tb_integracao.pa,e1a9c6f07fc987fabc6e4570cf6a4a96714b77ecc3e23cc5e8cafe55eeb8775e
tb_integracao.pa,integration-pa-merge,clients.pa,merge,responsaveis_deps,responsible_departments,mapped,normalize_text,normalize_or_apply_declared_default,value,none,A evidência legada e o contrato atual comprovam esta transformação sem alterar a semântica.,integracao-regularize:tb_integracao.pa,e1a9c6f07fc987fabc6e4570cf6a4a96714b77ecc3e23cc5e8cafe55eeb8775e
tb_integracao.pa,integration-pa-merge,clients.pa,merge,servicos,services,mapped,normalize_text,normalize_or_apply_declared_default,value,none,A evidência legada e o contrato atual comprovam esta transformação sem alterar a semântica.,integracao-regularize:tb_integracao.pa,e1a9c6f07fc987fabc6e4570cf6a4a96714b77ecc3e23cc5e8cafe55eeb8775e
tb_integracao.pa,integration-pa-merge,clients.pa,merge,tempo_uso_sistema,system_usage_time,mapped,normalize_text,normalize_or_apply_declared_default,value,none,A evidência legada e o contrato atual comprovam esta transformação sem alterar a semântica.,integracao-regularize:tb_integracao.pa,e1a9c6f07fc987fabc6e4570cf6a4a96714b77ecc3e23cc5e8cafe55eeb8775e
tb_integracao.pa,integration-pa-merge,clients.pa,merge,trabalha_com_sistema,works_system,mapped,normalize_boolean,normalize_or_apply_declared_default,value,none,A evidência legada e o contrato atual comprovam esta transformação sem alterar a semântica.,integracao-regularize:tb_integracao.pa,e1a9c6f07fc987fabc6e4570cf6a4a96714b77ecc3e23cc5e8cafe55eeb8775e
tb_integracao.pa,integration-pa-merge,clients.pa,merge,valor_sistema,system_value,mapped,normalize_text,normalize_or_apply_declared_default,value,none,A evidência legada e o contrato atual comprovam esta transformação sem alterar a semântica.,integracao-regularize:tb_integracao.pa,e1a9c6f07fc987fabc6e4570cf6a4a96714b77ecc3e23cc5e8cafe55eeb8775e
tb_integracao.pa_historicos,integration-pa-history-insert,clients.history,insert,arquivo,file,mapped,normalize_legacy_asset_reference,normalize_or_apply_declared_default,value,none,A evidência legada e o contrato atual comprovam esta transformação sem alterar a semântica.,integracao-regularize:tb_integracao.pa_historicos,32f88da3f4074f8c7f08d0ce2532603cc35f5794d0233759968f497560759d7a
tb_integracao.pa_historicos,integration-pa-history-insert,clients.history,insert,cliente_id,client_id,mapped,resolve_explicit_client_reference,normalize_or_apply_declared_default,foreign_key,none,A chave é resolvida pelo vínculo legado explícito; zero ou múltiplos candidatos geram quarantine.,integracao-regularize:tb_integracao.pa_historicos,32f88da3f4074f8c7f08d0ce2532603cc35f5794d0233759968f497560759d7a
tb_integracao.pa_historicos,integration-pa-history-insert,clients.history,insert,dia,date,mapped,normalize_required_datetime,normalize_or_apply_declared_default,value,none,A evidência legada e o contrato atual comprovam esta transformação sem alterar a semântica.,integracao-regularize:tb_integracao.pa_historicos,32f88da3f4074f8c7f08d0ce2532603cc35f5794d0233759968f497560759d7a
tb_integracao.pa_historicos,integration-pa-history-insert,clients.history,insert,historico,history,mapped,normalize_required_text,normalize_or_apply_declared_default,value,personal,A evidência legada e o contrato atual comprovam esta transformação sem alterar a semântica.,integracao-regularize:tb_integracao.pa_historicos,32f88da3f4074f8c7f08d0ce2532603cc35f5794d0233759968f497560759d7a
tb_integracao.pa_historicos,integration-pa-history-insert,clients.history,insert,id,id,mapped,uuid_v5_from_full_source_table_and_legacy_id,normalize_or_apply_declared_default,value,none,A evidência legada e o contrato atual comprovam esta transformação sem alterar a semântica.,integracao-regularize:tb_integracao.pa_historicos,32f88da3f4074f8c7f08d0ce2532603cc35f5794d0233759968f497560759d7a
tb_integracao.pa_historicos,integration-pa-history-insert,clients.history,insert,user_id,user_id,mapped,resolve_explicit_user_reference,normalize_or_apply_declared_default,foreign_key,none,A chave é resolvida pelo vínculo legado explícito; zero ou múltiplos candidatos geram quarantine.,integracao-regularize:tb_integracao.pa_historicos,32f88da3f4074f8c7f08d0ce2532603cc35f5794d0233759968f497560759d7a
tb_integracao.planos,project-plan-insert,integracao.projectPlan,insert,color,color,mapped,normalize_color,normalize_empty_to_null_or_quarantine_when_required,none,none,Comportamento legado e contrato atual comprovam este mapeamento de coluna.,v2:tb_integracao.planos,c4ee78b9b2e351354bf039065c062dfa5d061cc82bec06120b3c09c8fd8d30d5
tb_integracao.planos,project-plan-insert,integracao.projectPlan,insert,id,id,mapped,uuid_v5,normalize_empty_to_null_or_quarantine_when_required,identity,none,Comportamento legado e contrato atual comprovam este mapeamento de coluna.,v2:tb_integracao.planos,c4ee78b9b2e351354bf039065c062dfa5d061cc82bec06120b3c09c8fd8d30d5
tb_integracao.planos,project-plan-insert,integracao.projectPlan,insert,nome,name,mapped,normalize_text,normalize_empty_to_null_or_quarantine_when_required,none,none,Comportamento legado e contrato atual comprovam este mapeamento de coluna.,v2:tb_integracao.planos,c4ee78b9b2e351354bf039065c062dfa5d061cc82bec06120b3c09c8fd8d30d5
tb_integracao.prospeccao_comercial,prospecting-client-merge,clients,merge,cliente_id,id,mapped,resolve_explicit_legacy_link,normalize_empty_to_null_or_quarantine_when_required,identity,none,Comportamento legado e contrato atual comprovam este mapeamento de coluna.,v2:tb_integracao.prospeccao_comercial,883d2fd9f3ebee8ffdda78377e50fe826c0a7824f13774b4d6d47f8866641b52
tb_integracao.prospeccao_comercial,prospecting-client-merge,clients,merge,data_cadastro,register_date_prospecting,mapped,normalize_date,normalize_empty_to_null_or_quarantine_when_required,none,none,Comportamento legado e contrato atual comprovam este mapeamento de coluna.,v2:tb_integracao.prospeccao_comercial,883d2fd9f3ebee8ffdda78377e50fe826c0a7824f13774b4d6d47f8866641b52
tb_integracao.prospeccao_comercial,prospecting-client-merge,clients,merge,data_fechamento,closing_date,mapped,normalize_date,normalize_empty_to_null_or_quarantine_when_required,none,none,Comportamento legado e contrato atual comprovam este mapeamento de coluna.,v2:tb_integracao.prospeccao_comercial,883d2fd9f3ebee8ffdda78377e50fe826c0a7824f13774b4d6d47f8866641b52
tb_integracao.prospeccao_comercial,prospecting-client-merge,clients,merge,data_status,date_status,mapped,normalize_date,normalize_empty_to_null_or_quarantine_when_required,none,none,Comportamento legado e contrato atual comprovam este mapeamento de coluna.,v2:tb_integracao.prospeccao_comercial,883d2fd9f3ebee8ffdda78377e50fe826c0a7824f13774b4d6d47f8866641b52
tb_integracao.prospeccao_comercial,prospecting-client-merge,clients,merge,mes,,not_preserved,discard_without_persisting_value,not_applicable,none,none,O mês isolado é derivável das datas preservadas e não possui campo autônomo no Client atual.,v2:tb_integracao.prospeccao_comercial,883d2fd9f3ebee8ffdda78377e50fe826c0a7824f13774b4d6d47f8866641b52
tb_integracao.prospeccao_comercial,prospecting-client-merge,clients,merge,modo_reuniao,meet_type,mapped,normalize_text,normalize_empty_to_null_or_quarantine_when_required,none,none,Comportamento legado e contrato atual comprovam este mapeamento de coluna.,v2:tb_integracao.prospeccao_comercial,883d2fd9f3ebee8ffdda78377e50fe826c0a7824f13774b4d6d47f8866641b52
tb_integracao.prospeccao_comercial,prospecting-client-merge,clients,merge,participantes,participants_meet,mapped,normalize_text,normalize_empty_to_null_or_quarantine_when_required,none,none,Comportamento legado e contrato atual comprovam este mapeamento de coluna.,v2:tb_integracao.prospeccao_comercial,883d2fd9f3ebee8ffdda78377e50fe826c0a7824f13774b4d6d47f8866641b52
tb_integracao.prospeccao_comercial,prospecting-client-merge,clients,merge,ramo,segment,mapped,normalize_text,normalize_empty_to_null_or_quarantine_when_required,none,none,Comportamento legado e contrato atual comprovam este mapeamento de coluna.,v2:tb_integracao.prospeccao_comercial,883d2fd9f3ebee8ffdda78377e50fe826c0a7824f13774b4d6d47f8866641b52
tb_integracao.prospeccao_comercial,prospecting-client-merge,clients,merge,solucao,description_prospecting,mapped,normalize_text,normalize_empty_to_null_or_quarantine_when_required,none,none,Comportamento legado e contrato atual comprovam este mapeamento de coluna.,v2:tb_integracao.prospeccao_comercial,883d2fd9f3ebee8ffdda78377e50fe826c0a7824f13774b4d6d47f8866641b52
tb_integracao.prospeccao_comercial,prospecting-client-merge,clients,merge,status_prospeccao,prospecting_status,mapped,normalize_status,normalize_empty_to_null_or_quarantine_when_required,none,none,Comportamento legado e contrato atual comprovam este mapeamento de coluna.,v2:tb_integracao.prospeccao_comercial,883d2fd9f3ebee8ffdda78377e50fe826c0a7824f13774b4d6d47f8866641b52
tb_integracao.prospeccao_comercial,prospecting-project-insert,integracao.projects,insert,cliente_id,client_id,mapped,resolve_client_reference,normalize_empty_to_null_or_quarantine_when_required,foreign_key,none,Comportamento legado e contrato atual comprovam este mapeamento de coluna.,v2:tb_integracao.prospeccao_comercial,7d40f9b020542eeee684ac3b3f7a004ea9d7ff2f4f3ec692c671c38fcdf7815d
tb_integracao.prospeccao_comercial,prospecting-project-insert,integracao.projects,insert,data_cadastro,start_date,mapped,normalize_date,normalize_empty_to_null_or_quarantine_when_required,none,none,Comportamento legado e contrato atual comprovam este mapeamento de coluna.,v2:tb_integracao.prospeccao_comercial,7d40f9b020542eeee684ac3b3f7a004ea9d7ff2f4f3ec692c671c38fcdf7815d
tb_integracao.prospeccao_comercial,prospecting-project-insert,integracao.projects,insert,data_fechamento,end_date,mapped,normalize_date,normalize_empty_to_null_or_quarantine_when_required,none,none,Comportamento legado e contrato atual comprovam este mapeamento de coluna.,v2:tb_integracao.prospeccao_comercial,7d40f9b020542eeee684ac3b3f7a004ea9d7ff2f4f3ec692c671c38fcdf7815d
tb_integracao.prospeccao_comercial,prospecting-project-insert,integracao.projects,insert,data_status,end_date,mapped,normalize_date_fallback,normalize_empty_to_null_or_quarantine_when_required,none,none,Comportamento legado e contrato atual comprovam este mapeamento de coluna.,v2:tb_integracao.prospeccao_comercial,7d40f9b020542eeee684ac3b3f7a004ea9d7ff2f4f3ec692c671c38fcdf7815d
tb_integracao.prospeccao_comercial,prospecting-project-insert,integracao.projects,insert,id,id,mapped,uuid_v5,normalize_empty_to_null_or_quarantine_when_required,identity,none,Comportamento legado e contrato atual comprovam este mapeamento de coluna.,v2:tb_integracao.prospeccao_comercial,7d40f9b020542eeee684ac3b3f7a004ea9d7ff2f4f3ec692c671c38fcdf7815d
tb_integracao.prospeccao_comercial,prospecting-project-insert,integracao.projects,insert,porcentagem,porcentage,mapped,normalize_float,normalize_empty_to_null_or_quarantine_when_required,none,none,Comportamento legado e contrato atual comprovam este mapeamento de coluna.,v2:tb_integracao.prospeccao_comercial,7d40f9b020542eeee684ac3b3f7a004ea9d7ff2f4f3ec692c671c38fcdf7815d
tb_integracao.prospeccao_comercial,prospecting-project-insert,integracao.projects,insert,servico,name,mapped,normalize_text,normalize_empty_to_null_or_quarantine_when_required,none,none,Comportamento legado e contrato atual comprovam este mapeamento de coluna.,v2:tb_integracao.prospeccao_comercial,7d40f9b020542eeee684ac3b3f7a004ea9d7ff2f4f3ec692c671c38fcdf7815d
tb_integracao.prospeccao_comercial,prospecting-project-insert,integracao.projects,insert,situacao,status,mapped,normalize_status,normalize_empty_to_null_or_quarantine_when_required,none,none,Comportamento legado e contrato atual comprovam este mapeamento de coluna.,v2:tb_integracao.prospeccao_comercial,7d40f9b020542eeee684ac3b3f7a004ea9d7ff2f4f3ec692c671c38fcdf7815d
tb_integracao.prospeccao_comercial,prospecting-project-insert,integracao.projects,insert,solucao,objective,mapped,normalize_text,normalize_empty_to_null_or_quarantine_when_required,none,none,Comportamento legado e contrato atual comprovam este mapeamento de coluna.,v2:tb_integracao.prospeccao_comercial,7d40f9b020542eeee684ac3b3f7a004ea9d7ff2f4f3ec692c671c38fcdf7815d
tb_integracao.prospeccao_comercial,prospecting-project-insert,integracao.projects,insert,status_prospeccao,objective,mapped,normalize_text_fallback,normalize_empty_to_null_or_quarantine_when_required,none,none,Comportamento legado e contrato atual comprovam este mapeamento de coluna.,v2:tb_integracao.prospeccao_comercial,7d40f9b020542eeee684ac3b3f7a004ea9d7ff2f4f3ec692c671c38fcdf7815d
tb_integracao.tarefas,task-insert,integracao.tasks,insert,,model_id,mapped,resolve_or_derive_task_model,normalize_empty_to_null_or_quarantine_when_required,foreign_key,none,Comportamento legado e contrato atual comprovam este mapeamento de coluna.,v2:tb_integracao.tarefas,06762b932d6872f087399ed24ffc943a7441376838af7f335c16e34216e7f176
tb_integracao.tarefas,task-insert,integracao.tasks,insert,,project_id,mapped,resolve_or_derive_project,normalize_empty_to_null_or_quarantine_when_required,foreign_key,none,Comportamento legado e contrato atual comprovam este mapeamento de coluna.,v2:tb_integracao.tarefas,06762b932d6872f087399ed24ffc943a7441376838af7f335c16e34216e7f176
tb_integracao.tarefas,task-insert,integracao.tasks,insert,ano,,not_preserved,discard_without_persisting_value,not_applicable,none,none,O ano isolado é derivável das datas preservadas e não possui campo autônomo na Task atual.,v2:tb_integracao.tarefas,06762b932d6872f087399ed24ffc943a7441376838af7f335c16e34216e7f176
tb_integracao.tarefas,task-insert,integracao.tasks,insert,cliente_id,client_id,mapped,resolve_client_reference,normalize_empty_to_null_or_quarantine_when_required,foreign_key,none,Comportamento legado e contrato atual comprovam este mapeamento de coluna.,v2:tb_integracao.tarefas,06762b932d6872f087399ed24ffc943a7441376838af7f335c16e34216e7f176
tb_integracao.tarefas,task-insert,integracao.tasks,insert,cobranca,billing,mapped,normalize_text,normalize_empty_to_null_or_quarantine_when_required,none,none,Comportamento legado e contrato atual comprovam este mapeamento de coluna.,v2:tb_integracao.tarefas,06762b932d6872f087399ed24ffc943a7441376838af7f335c16e34216e7f176
tb_integracao.tarefas,task-insert,integracao.tasks,insert,data_cadastro,date_created,mapped,normalize_date,normalize_empty_to_null_or_quarantine_when_required,none,none,Comportamento legado e contrato atual comprovam este mapeamento de coluna.,v2:tb_integracao.tarefas,06762b932d6872f087399ed24ffc943a7441376838af7f335c16e34216e7f176
tb_integracao.tarefas,task-insert,integracao.tasks,insert,data_cadastro,start_date,mapped,normalize_date,normalize_empty_to_null_or_quarantine_when_required,none,none,Comportamento legado e contrato atual comprovam este mapeamento de coluna.,v2:tb_integracao.tarefas,06762b932d6872f087399ed24ffc943a7441376838af7f335c16e34216e7f176
tb_integracao.tarefas,task-insert,integracao.tasks,insert,data_previsao,prevision_date,mapped,normalize_date,normalize_empty_to_null_or_quarantine_when_required,none,none,Comportamento legado e contrato atual comprovam este mapeamento de coluna.,v2:tb_integracao.tarefas,06762b932d6872f087399ed24ffc943a7441376838af7f335c16e34216e7f176
tb_integracao.tarefas,task-insert,integracao.tasks,insert,data_resolucao,end_date,mapped,normalize_date,normalize_empty_to_null_or_quarantine_when_required,none,none,Comportamento legado e contrato atual comprovam este mapeamento de coluna.,v2:tb_integracao.tarefas,06762b932d6872f087399ed24ffc943a7441376838af7f335c16e34216e7f176
tb_integracao.tarefas,task-insert,integracao.tasks,insert,data_update,date_updated,mapped,normalize_date,normalize_empty_to_null_or_quarantine_when_required,none,none,Comportamento legado e contrato atual comprovam este mapeamento de coluna.,v2:tb_integracao.tarefas,06762b932d6872f087399ed24ffc943a7441376838af7f335c16e34216e7f176
tb_integracao.tarefas,task-insert,integracao.tasks,insert,departamento_id,department_id,mapped,resolve_department_reference,normalize_empty_to_null_or_quarantine_when_required,foreign_key,none,Comportamento legado e contrato atual comprovam este mapeamento de coluna.,v2:tb_integracao.tarefas,06762b932d6872f087399ed24ffc943a7441376838af7f335c16e34216e7f176
tb_integracao.tarefas,task-insert,integracao.tasks,insert,estado,status,mapped,normalize_status,normalize_empty_to_null_or_quarantine_when_required,none,none,Comportamento legado e contrato atual comprovam este mapeamento de coluna.,v2:tb_integracao.tarefas,06762b932d6872f087399ed24ffc943a7441376838af7f335c16e34216e7f176
tb_integracao.tarefas,task-insert,integracao.tasks,insert,id,id,mapped,uuid_v5,normalize_empty_to_null_or_quarantine_when_required,identity,none,Comportamento legado e contrato atual comprovam este mapeamento de coluna.,v2:tb_integracao.tarefas,06762b932d6872f087399ed24ffc943a7441376838af7f335c16e34216e7f176
tb_integracao.tarefas,task-insert,integracao.tasks,insert,nome,name,mapped,normalize_text,normalize_empty_to_null_or_quarantine_when_required,none,none,Comportamento legado e contrato atual comprovam este mapeamento de coluna.,v2:tb_integracao.tarefas,06762b932d6872f087399ed24ffc943a7441376838af7f335c16e34216e7f176
tb_integracao.tarefas,task-insert,integracao.tasks,insert,obs,observations,mapped,normalize_text,normalize_empty_to_null_or_quarantine_when_required,none,none,Comportamento legado e contrato atual comprovam este mapeamento de coluna.,v2:tb_integracao.tarefas,06762b932d6872f087399ed24ffc943a7441376838af7f335c16e34216e7f176
tb_integracao.tarefas,task-insert,integracao.tasks,insert,realizado,,not_preserved,discard_without_persisting_value,not_applicable,none,none,O indicador realizado é redundante com o status e as datas preservadas da Task atual.,v2:tb_integracao.tarefas,06762b932d6872f087399ed24ffc943a7441376838af7f335c16e34216e7f176
tb_integracao.tarefas,task-insert,integracao.tasks,insert,responsavel_id,responsible_id,mapped,resolve_user_reference,normalize_empty_to_null_or_quarantine_when_required,foreign_key,none,Comportamento legado e contrato atual comprovam este mapeamento de coluna.,v2:tb_integracao.tarefas,06762b932d6872f087399ed24ffc943a7441376838af7f335c16e34216e7f176
tb_integracao.tarefas,task-insert,integracao.tasks,insert,responsavel_id_dois,responsible2_id,mapped,resolve_optional_user_reference,normalize_empty_to_null_or_quarantine_when_required,foreign_key,none,Comportamento legado e contrato atual comprovam este mapeamento de coluna.,v2:tb_integracao.tarefas,06762b932d6872f087399ed24ffc943a7441376838af7f335c16e34216e7f176
tb_integracao.tarefas,task-insert,integracao.tasks,insert,responsavel_id_tres,responsible3_id,mapped,resolve_optional_user_reference,normalize_empty_to_null_or_quarantine_when_required,foreign_key,none,Comportamento legado e contrato atual comprovam este mapeamento de coluna.,v2:tb_integracao.tarefas,06762b932d6872f087399ed24ffc943a7441376838af7f335c16e34216e7f176
tb_integracao.tarefas,task-insert,integracao.tasks,insert,reuniao,meeting,mapped,normalize_text,normalize_empty_to_null_or_quarantine_when_required,none,none,Comportamento legado e contrato atual comprovam este mapeamento de coluna.,v2:tb_integracao.tarefas,06762b932d6872f087399ed24ffc943a7441376838af7f335c16e34216e7f176
tb_integracao.tarefas,task-insert,integracao.tasks,insert,urgencia,urgency,mapped,normalize_text,normalize_empty_to_null_or_quarantine_when_required,none,personal,Comportamento legado e contrato atual comprovam este mapeamento de coluna.,v2:tb_integracao.tarefas,06762b932d6872f087399ed24ffc943a7441376838af7f335c16e34216e7f176
tb_integracao.tarefas,task-model-derived,integracao.tasksModel,derived,cobranca,billing,mapped,normalize_text,normalize_empty_to_null_or_quarantine_when_required,none,none,Comportamento legado e contrato atual comprovam este mapeamento de coluna.,v2:tb_integracao.tarefas,6d02a0ae44313bd1f970f57c2b0ab7127158ff2d24eb6404a0e535c01e7a63ba
tb_integracao.tarefas,task-model-derived,integracao.tasksModel,derived,departamento_id,department_id,mapped,resolve_department_reference,normalize_empty_to_null_or_quarantine_when_required,foreign_key,none,Comportamento legado e contrato atual comprovam este mapeamento de coluna.,v2:tb_integracao.tarefas,6d02a0ae44313bd1f970f57c2b0ab7127158ff2d24eb6404a0e535c01e7a63ba
tb_integracao.tarefas,task-model-derived,integracao.tasksModel,derived,id,id,mapped,uuid_v5_derived_task_model,normalize_empty_to_null_or_quarantine_when_required,identity,none,Comportamento legado e contrato atual comprovam este mapeamento de coluna.,v2:tb_integracao.tarefas,6d02a0ae44313bd1f970f57c2b0ab7127158ff2d24eb6404a0e535c01e7a63ba
tb_integracao.tarefas,task-model-derived,integracao.tasksModel,derived,nome,name,mapped,normalize_text,normalize_empty_to_null_or_quarantine_when_required,none,none,Comportamento legado e contrato atual comprovam este mapeamento de coluna.,v2:tb_integracao.tarefas,6d02a0ae44313bd1f970f57c2b0ab7127158ff2d24eb6404a0e535c01e7a63ba
tb_integracao.tarefas,task-model-derived,integracao.tasksModel,derived,obs,observations,mapped,normalize_text,normalize_empty_to_null_or_quarantine_when_required,none,none,Comportamento legado e contrato atual comprovam este mapeamento de coluna.,v2:tb_integracao.tarefas,6d02a0ae44313bd1f970f57c2b0ab7127158ff2d24eb6404a0e535c01e7a63ba
tb_integracao.tarefas,task-model-derived,integracao.tasksModel,derived,responsavel_id,responsible_id,mapped,resolve_user_reference,normalize_empty_to_null_or_quarantine_when_required,foreign_key,none,Comportamento legado e contrato atual comprovam este mapeamento de coluna.,v2:tb_integracao.tarefas,6d02a0ae44313bd1f970f57c2b0ab7127158ff2d24eb6404a0e535c01e7a63ba
tb_integracao.tarefas,task-model-derived,integracao.tasksModel,derived,responsavel_id_dois,responsible2_id,mapped,resolve_optional_user_reference,normalize_empty_to_null_or_quarantine_when_required,foreign_key,none,Comportamento legado e contrato atual comprovam este mapeamento de coluna.,v2:tb_integracao.tarefas,6d02a0ae44313bd1f970f57c2b0ab7127158ff2d24eb6404a0e535c01e7a63ba
tb_integracao.tarefas,task-model-derived,integracao.tasksModel,derived,responsavel_id_tres,responsible3_id,mapped,resolve_optional_user_reference,normalize_empty_to_null_or_quarantine_when_required,foreign_key,none,Comportamento legado e contrato atual comprovam este mapeamento de coluna.,v2:tb_integracao.tarefas,6d02a0ae44313bd1f970f57c2b0ab7127158ff2d24eb6404a0e535c01e7a63ba
tb_integracao.tarefas,task-model-lookup,integracao.tasksModel,lookup,departamento_id,department_id,mapped,resolve_department_reference,normalize_empty_to_null_or_quarantine_when_required,foreign_key,none,Comportamento legado e contrato atual comprovam este mapeamento de coluna.,v2:tb_integracao.tarefas,fbb6b0fbacd6c208e8fc9e8e810c2e37d8d2aa1663bdf2b1680b647bcd65d872
tb_integracao.tarefas,task-model-lookup,integracao.tasksModel,lookup,nome,name,mapped,normalize_lookup_text,normalize_empty_to_null_or_quarantine_when_required,none,none,Comportamento legado e contrato atual comprovam este mapeamento de coluna.,v2:tb_integracao.tarefas,fbb6b0fbacd6c208e8fc9e8e810c2e37d8d2aa1663bdf2b1680b647bcd65d872
tb_integracao.tarefas,task-project-derived,integracao.projects,derived,cliente_id,client_id,mapped,resolve_client_reference,normalize_empty_to_null_or_quarantine_when_required,foreign_key,none,Comportamento legado e contrato atual comprovam este mapeamento de coluna.,v2:tb_integracao.tarefas,2023f1853fd4ef1ec6745147270f2aed402c35dde2406926003d7c4a42ea7916
tb_integracao.tarefas,task-project-derived,integracao.projects,derived,estado,status,mapped,normalize_status,normalize_empty_to_null_or_quarantine_when_required,none,none,Comportamento legado e contrato atual comprovam este mapeamento de coluna.,v2:tb_integracao.tarefas,2023f1853fd4ef1ec6745147270f2aed402c35dde2406926003d7c4a42ea7916
tb_integracao.tarefas,task-project-derived,integracao.projects,derived,id,id,mapped,uuid_v5_derived_project,normalize_empty_to_null_or_quarantine_when_required,identity,none,Comportamento legado e contrato atual comprovam este mapeamento de coluna.,v2:tb_integracao.tarefas,2023f1853fd4ef1ec6745147270f2aed402c35dde2406926003d7c4a42ea7916
tb_integracao.tarefas,task-project-derived,integracao.projects,derived,nome,name,mapped,derive_technical_project_name,normalize_empty_to_null_or_quarantine_when_required,none,none,Comportamento legado e contrato atual comprovam este mapeamento de coluna.,v2:tb_integracao.tarefas,2023f1853fd4ef1ec6745147270f2aed402c35dde2406926003d7c4a42ea7916
tb_integracao.tarefas,task-project-lookup,integracao.projects,lookup,cliente_id,client_id,mapped,resolve_client_reference,normalize_empty_to_null_or_quarantine_when_required,foreign_key,none,Comportamento legado e contrato atual comprovam este mapeamento de coluna.,v2:tb_integracao.tarefas,6e2867c49a71eb2b11a37560d6fdfd0b4edb22b125e6677b5210905dccd6e637
tb_integracao.tarefas_dependentes,task-dependent-insert,integracao.tasksDependent,insert,dependente_id,dependent_id,mapped,resolve_explicit_task_model_reference,normalize_or_apply_declared_default,foreign_key,none,A chave é resolvida pelo vínculo legado explícito; zero ou múltiplos candidatos geram quarantine.,integracao-regularize:tb_integracao.tarefas_dependentes,9e9018b937d3c9e57a8705203f6c2e4895812bb6acfa32179b390057008b1b10
tb_integracao.tarefas_dependentes,task-dependent-insert,integracao.tasksDependent,insert,espera,wait,mapped,normalize_boolean,normalize_or_apply_declared_default,value,none,A evidência legada e o contrato atual comprovam esta transformação sem alterar a semântica.,integracao-regularize:tb_integracao.tarefas_dependentes,9e9018b937d3c9e57a8705203f6c2e4895812bb6acfa32179b390057008b1b10
tb_integracao.tarefas_dependentes,task-dependent-insert,integracao.tasksDependent,insert,id,id,mapped,uuid_v5_from_full_source_table_and_legacy_id,normalize_or_apply_declared_default,value,none,A evidência legada e o contrato atual comprovam esta transformação sem alterar a semântica.,integracao-regularize:tb_integracao.tarefas_dependentes,9e9018b937d3c9e57a8705203f6c2e4895812bb6acfa32179b390057008b1b10
tb_integracao.tarefas_dependentes,task-dependent-insert,integracao.tasksDependent,insert,obs,observation,mapped,normalize_text,normalize_or_apply_declared_default,value,none,A evidência legada e o contrato atual comprovam esta transformação sem alterar a semântica.,integracao-regularize:tb_integracao.tarefas_dependentes,9e9018b937d3c9e57a8705203f6c2e4895812bb6acfa32179b390057008b1b10
tb_integracao.tarefas_dependentes,task-dependent-insert,integracao.tasksDependent,insert,tarefa_express_id,task_id,mapped,resolve_explicit_task_model_reference,normalize_or_apply_declared_default,foreign_key,none,A chave é resolvida pelo vínculo legado explícito; zero ou múltiplos candidatos geram quarantine.,integracao-regularize:tb_integracao.tarefas_dependentes,9e9018b937d3c9e57a8705203f6c2e4895812bb6acfa32179b390057008b1b10
tb_integracao.tarefas_express,task-model-insert,integracao.tasksModel,insert,cobranca,billing,mapped,normalize_text,normalize_empty_to_null_or_quarantine_when_required,none,none,Comportamento legado e contrato atual comprovam este mapeamento de coluna.,v2:tb_integracao.tarefas_express,af742db6da7788325b1b3c9c1beaeea63659f8f5c49212f01df87b8832b54c00
tb_integracao.tarefas_express,task-model-insert,integracao.tasksModel,insert,departamento_id,department_id,mapped,resolve_department_reference,normalize_empty_to_null_or_quarantine_when_required,foreign_key,none,Comportamento legado e contrato atual comprovam este mapeamento de coluna.,v2:tb_integracao.tarefas_express,af742db6da7788325b1b3c9c1beaeea63659f8f5c49212f01df87b8832b54c00
tb_integracao.tarefas_express,task-model-insert,integracao.tasksModel,insert,estado,,not_preserved,discard_without_persisting_value,not_applicable,none,none,Estado é atributo de instância Task e não pertence ao contrato reutilizável TaskModel.,v2:tb_integracao.tarefas_express,af742db6da7788325b1b3c9c1beaeea63659f8f5c49212f01df87b8832b54c00
tb_integracao.tarefas_express,task-model-insert,integracao.tasksModel,insert,id,id,mapped,uuid_v5,normalize_empty_to_null_or_quarantine_when_required,identity,none,Comportamento legado e contrato atual comprovam este mapeamento de coluna.,v2:tb_integracao.tarefas_express,af742db6da7788325b1b3c9c1beaeea63659f8f5c49212f01df87b8832b54c00
tb_integracao.tarefas_express,task-model-insert,integracao.tasksModel,insert,nome,name,mapped,normalize_text,normalize_empty_to_null_or_quarantine_when_required,none,none,Comportamento legado e contrato atual comprovam este mapeamento de coluna.,v2:tb_integracao.tarefas_express,af742db6da7788325b1b3c9c1beaeea63659f8f5c49212f01df87b8832b54c00
tb_integracao.tarefas_express,task-model-insert,integracao.tasksModel,insert,obs,observations,mapped,normalize_text,normalize_empty_to_null_or_quarantine_when_required,none,none,Comportamento legado e contrato atual comprovam este mapeamento de coluna.,v2:tb_integracao.tarefas_express,af742db6da7788325b1b3c9c1beaeea63659f8f5c49212f01df87b8832b54c00
tb_integracao.tarefas_express,task-model-insert,integracao.tasksModel,insert,previsao,prevision,mapped,normalize_integer,normalize_empty_to_null_or_quarantine_when_required,none,none,Comportamento legado e contrato atual comprovam este mapeamento de coluna.,v2:tb_integracao.tarefas_express,af742db6da7788325b1b3c9c1beaeea63659f8f5c49212f01df87b8832b54c00
tb_integracao.tarefas_express,task-model-insert,integracao.tasksModel,insert,responsavel_id,responsible_id,mapped,resolve_user_reference,normalize_empty_to_null_or_quarantine_when_required,foreign_key,none,Comportamento legado e contrato atual comprovam este mapeamento de coluna.,v2:tb_integracao.tarefas_express,af742db6da7788325b1b3c9c1beaeea63659f8f5c49212f01df87b8832b54c00
tb_integracao.tarefas_express,task-model-insert,integracao.tasksModel,insert,responsavel_id_dois,responsible2_id,mapped,resolve_optional_user_reference,normalize_empty_to_null_or_quarantine_when_required,foreign_key,none,Comportamento legado e contrato atual comprovam este mapeamento de coluna.,v2:tb_integracao.tarefas_express,af742db6da7788325b1b3c9c1beaeea63659f8f5c49212f01df87b8832b54c00
tb_integracao.tarefas_express,task-model-insert,integracao.tasksModel,insert,responsavel_id_tres,responsible3_id,mapped,resolve_optional_user_reference,normalize_empty_to_null_or_quarantine_when_required,foreign_key,none,Comportamento legado e contrato atual comprovam este mapeamento de coluna.,v2:tb_integracao.tarefas_express,af742db6da7788325b1b3c9c1beaeea63659f8f5c49212f01df87b8832b54c00
tb_integracao.tarefas_express_distrato,termination-task-model-insert,integracao.tasksModel,insert,ano,,not_preserved,not_preserved,not_applicable,none,none,O ano legado não possui semântica de previsão no TaskModel atual.,integracao-regularize:tb_integracao.tarefas_express_distrato,921252d37f2c039ec8d7f1882b0b0cdd20d730c7e5bf1c347b3dedb381389dfd
tb_integracao.tarefas_express_distrato,termination-task-model-insert,integracao.tasksModel,insert,cobranca,billing,mapped,normalize_task_billing,normalize_or_apply_declared_default,value,none,A evidência legada e o contrato atual comprovam esta transformação sem alterar a semântica.,integracao-regularize:tb_integracao.tarefas_express_distrato,921252d37f2c039ec8d7f1882b0b0cdd20d730c7e5bf1c347b3dedb381389dfd
tb_integracao.tarefas_express_distrato,termination-task-model-insert,integracao.tasksModel,insert,departamento_id,department_id,mapped,resolve_explicit_department_reference,normalize_or_apply_declared_default,foreign_key,none,A chave é resolvida pelo vínculo legado explícito; zero ou múltiplos candidatos geram quarantine.,integracao-regularize:tb_integracao.tarefas_express_distrato,921252d37f2c039ec8d7f1882b0b0cdd20d730c7e5bf1c347b3dedb381389dfd
tb_integracao.tarefas_express_distrato,termination-task-model-insert,integracao.tasksModel,insert,estado,,not_preserved,not_preserved,not_applicable,none,none,Estado pertence à ocorrência Task e não ao modelo reutilizável atual.,integracao-regularize:tb_integracao.tarefas_express_distrato,921252d37f2c039ec8d7f1882b0b0cdd20d730c7e5bf1c347b3dedb381389dfd
tb_integracao.tarefas_express_distrato,termination-task-model-insert,integracao.tasksModel,insert,id,id,mapped,uuid_v5_from_full_source_table_and_legacy_id,normalize_or_apply_declared_default,value,none,A evidência legada e o contrato atual comprovam esta transformação sem alterar a semântica.,integracao-regularize:tb_integracao.tarefas_express_distrato,921252d37f2c039ec8d7f1882b0b0cdd20d730c7e5bf1c347b3dedb381389dfd
tb_integracao.tarefas_express_distrato,termination-task-model-insert,integracao.tasksModel,insert,nome,name,mapped,normalize_required_text,normalize_or_apply_declared_default,value,none,A evidência legada e o contrato atual comprovam esta transformação sem alterar a semântica.,integracao-regularize:tb_integracao.tarefas_express_distrato,921252d37f2c039ec8d7f1882b0b0cdd20d730c7e5bf1c347b3dedb381389dfd
tb_integracao.tarefas_express_distrato,termination-task-model-insert,integracao.tasksModel,insert,obs,observations,mapped,normalize_text,normalize_or_apply_declared_default,value,personal,A evidência legada e o contrato atual comprovam esta transformação sem alterar a semântica.,integracao-regularize:tb_integracao.tarefas_express_distrato,921252d37f2c039ec8d7f1882b0b0cdd20d730c7e5bf1c347b3dedb381389dfd
tb_integracao.tarefas_express_distrato,termination-task-model-insert,integracao.tasksModel,insert,realizado,,not_preserved,not_preserved,not_applicable,none,none,O indicador pertence à execução e não ao contrato reutilizável de TaskModel.,integracao-regularize:tb_integracao.tarefas_express_distrato,921252d37f2c039ec8d7f1882b0b0cdd20d730c7e5bf1c347b3dedb381389dfd
tb_integracao.tarefas_express_distrato,termination-task-model-insert,integracao.tasksModel,insert,responsavel_id,responsible_id,mapped,resolve_explicit_user_reference,normalize_or_apply_declared_default,foreign_key,none,A chave é resolvida pelo vínculo legado explícito; zero ou múltiplos candidatos geram quarantine.,integracao-regularize:tb_integracao.tarefas_express_distrato,921252d37f2c039ec8d7f1882b0b0cdd20d730c7e5bf1c347b3dedb381389dfd
tb_integracao.tarefas_express_distrato,termination-task-model-insert,integracao.tasksModel,insert,responsavel_id_dois,responsible2_id,mapped,resolve_optional_user_reference,normalize_or_apply_declared_default,foreign_key,none,A chave é resolvida pelo vínculo legado explícito; zero ou múltiplos candidatos geram quarantine.,integracao-regularize:tb_integracao.tarefas_express_distrato,921252d37f2c039ec8d7f1882b0b0cdd20d730c7e5bf1c347b3dedb381389dfd
tb_integracao.tarefas_express_distrato,termination-task-model-insert,integracao.tasksModel,insert,responsavel_id_tres,responsible3_id,mapped,resolve_optional_user_reference,normalize_or_apply_declared_default,foreign_key,none,A chave é resolvida pelo vínculo legado explícito; zero ou múltiplos candidatos geram quarantine.,integracao-regularize:tb_integracao.tarefas_express_distrato,921252d37f2c039ec8d7f1882b0b0cdd20d730c7e5bf1c347b3dedb381389dfd
tb_integracao.tarefas_planos,project-plan-task-insert,integracao.projectPlanTasks,insert,id,id,mapped,uuid_v5,normalize_empty_to_null_or_quarantine_when_required,identity,none,Comportamento legado e contrato atual comprovam este mapeamento de coluna.,v2:tb_integracao.tarefas_planos,81e5a1d5ac8a7d8ecaa515a027e641371f513ac817b14fea3385bb5e187f02fc
tb_integracao.tarefas_planos,project-plan-task-insert,integracao.projectPlanTasks,insert,ordem,order,mapped,normalize_integer,normalize_empty_to_null_or_quarantine_when_required,none,none,Comportamento legado e contrato atual comprovam este mapeamento de coluna.,v2:tb_integracao.tarefas_planos,81e5a1d5ac8a7d8ecaa515a027e641371f513ac817b14fea3385bb5e187f02fc
tb_integracao.tarefas_planos,project-plan-task-insert,integracao.projectPlanTasks,insert,plano_id,plan_id,mapped,resolve_project_plan_reference,normalize_empty_to_null_or_quarantine_when_required,foreign_key,none,Comportamento legado e contrato atual comprovam este mapeamento de coluna.,v2:tb_integracao.tarefas_planos,81e5a1d5ac8a7d8ecaa515a027e641371f513ac817b14fea3385bb5e187f02fc
tb_integracao.tarefas_planos,project-plan-task-insert,integracao.projectPlanTasks,insert,tarefa_express_id,task_id,mapped,resolve_task_model_reference,normalize_empty_to_null_or_quarantine_when_required,foreign_key,none,Comportamento legado e contrato atual comprovam este mapeamento de coluna.,v2:tb_integracao.tarefas_planos,81e5a1d5ac8a7d8ecaa515a027e641371f513ac817b14fea3385bb5e187f02fc
tb_integracao.tarefas_regularize,task-regularize-link-insert,integracao.tasksIntegrationRegularize,insert,,referring_type,mapped,resolve_legacy_regularize_referring_type_lookup,normalize_or_apply_declared_default,value,none,A evidência legada e o contrato atual comprovam esta transformação sem alterar a semântica.,integracao-regularize:tb_integracao.tarefas_regularize,9dff9d6adbc991398fd3510343ebdd4a96cb84763be92192d620375f291f4017
tb_integracao.tarefas_regularize,task-regularize-link-insert,integracao.tasksIntegrationRegularize,insert,id,id,mapped,uuid_v5_from_full_source_table_and_legacy_id,normalize_or_apply_declared_default,value,none,A evidência legada e o contrato atual comprovam esta transformação sem alterar a semântica.,integracao-regularize:tb_integracao.tarefas_regularize,9dff9d6adbc991398fd3510343ebdd4a96cb84763be92192d620375f291f4017
tb_integracao.tarefas_regularize,task-regularize-link-insert,integracao.tasksIntegrationRegularize,insert,tarefa,task_model_id,mapped,resolve_explicit_task_model_reference,normalize_or_apply_declared_default,foreign_key,none,A chave é resolvida pelo vínculo legado explícito; zero ou múltiplos candidatos geram quarantine.,integracao-regularize:tb_integracao.tarefas_regularize,9dff9d6adbc991398fd3510343ebdd4a96cb84763be92192d620375f291f4017
tb_integracao.tarefas_regularize,task-regularize-link-insert,integracao.tasksIntegrationRegularize,insert,vinculo,referring,mapped,normalize_required_text,normalize_or_apply_declared_default,value,none,A evidência legada e o contrato atual comprovam esta transformação sem alterar a semântica.,integracao-regularize:tb_integracao.tarefas_regularize,9dff9d6adbc991398fd3510343ebdd4a96cb84763be92192d620375f291f4017
tb_mkt.redes_sociais,mkt-client-social-merge,clients,merge,cliente_id,id,mapped,resolve_authoritative_v2_client_from_regularize_code,normalize_empty_to_null_or_quarantine_when_required,foreign_key,none,A referência é resolvida exclusivamente pelo vínculo legado explícito.,remaining:tb_mkt.redes_sociais,3d12dd0385b07457b2cd48b091017497635d345b7f460d789cdc8a9d87290e46
tb_mkt.redes_sociais,mkt-client-social-merge,clients,merge,id,,not_preserved,not_emitted_no_equivalent_current_column,A coluna não produz valor de destino.,none,none,A linha complementa o Client explícito e não cria identidade independente.,remaining:tb_mkt.redes_sociais,3d12dd0385b07457b2cd48b091017497635d345b7f460d789cdc8a9d87290e46
tb_mkt.redes_sociais,mkt-client-social-merge,clients,merge,instagram,instagram,mapped,normalize_optional_instagram,normalize_empty_to_null_or_quarantine_when_required,none,personal,A coluna instagram alimenta instagram conforme o contrato atual validado.,remaining:tb_mkt.redes_sociais,3d12dd0385b07457b2cd48b091017497635d345b7f460d789cdc8a9d87290e46
tb_mkt.senhas,mkt-password-insert,mtk.passwords,insert,id,id,mapped,uuid_v5_from_full_source_table_and_legacy_id,normalize_empty_to_null_or_quarantine_when_required,none,none,A coluna id alimenta id conforme o contrato atual validado.,remaining:tb_mkt.senhas,150d86a6791823999f309c797f59d55115cba57c7bab47bf40b1eb1d346bde8c
tb_mkt.senhas,mkt-password-insert,mtk.passwords,insert,local,local,mapped,normalize_required_text,normalize_empty_to_null_or_quarantine_when_required,none,none,A coluna local alimenta local conforme o contrato atual validado.,remaining:tb_mkt.senhas,150d86a6791823999f309c797f59d55115cba57c7bab47bf40b1eb1d346bde8c
tb_mkt.senhas,mkt-password-insert,mtk.passwords,insert,obs,notes,mapped,normalize_optional_text,normalize_empty_to_null_or_quarantine_when_required,none,personal,A coluna obs alimenta notes conforme o contrato atual validado.,remaining:tb_mkt.senhas,150d86a6791823999f309c797f59d55115cba57c7bab47bf40b1eb1d346bde8c
tb_mkt.senhas,mkt-password-insert,mtk.passwords,insert,password,password,mapped,encrypt_credential,normalize_empty_to_null_or_quarantine_when_required,none,secret,A coluna password alimenta password conforme o contrato atual validado.,remaining:tb_mkt.senhas,150d86a6791823999f309c797f59d55115cba57c7bab47bf40b1eb1d346bde8c
tb_mkt.senhas,mkt-password-insert,mtk.passwords,insert,user,user,mapped,normalize_required_text,normalize_empty_to_null_or_quarantine_when_required,none,credential,A coluna user alimenta user conforme o contrato atual validado.,remaining:tb_mkt.senhas,150d86a6791823999f309c797f59d55115cba57c7bab47bf40b1eb1d346bde8c
tb_parcelamento.clientes,parcelamento-client-lookup,clients,lookup,cpf_cnpj,cpf_cnpj,mapped,normalize_lookup_document,normalize_empty_to_null_or_quarantine_when_required,none,personal,A coluna legada cpf_cnpj alimenta cpf_cnpj pelo contrato atual comprovado.,parcelamento:tb_parcelamento.clientes,6dc9bfe06ab0caed351f250289dc1ce4eeff01f0a6a3c38e5a92fad6381a8e55
tb_parcelamento.clientes,parcelamento-client-lookup,clients,lookup,id,,not_preserved,not_preserved,not_applicable,none,none,O identificador inteiro é usado apenas como chave legada do lookup e não substitui o UUID de Client.,parcelamento:tb_parcelamento.clientes,6dc9bfe06ab0caed351f250289dc1ce4eeff01f0a6a3c38e5a92fad6381a8e55
tb_parcelamento.clientes,parcelamento-client-lookup,clients,lookup,nome,name,mapped,normalize_lookup_name,normalize_empty_to_null_or_quarantine_when_required,none,personal,A coluna legada nome alimenta name pelo contrato atual comprovado.,parcelamento:tb_parcelamento.clientes,6dc9bfe06ab0caed351f250289dc1ce4eeff01f0a6a3c38e5a92fad6381a8e55
tb_parcelamento.clientes,parcelamento-client-lookup,clients,lookup,nome_fantasia,fantasy_name,mapped,normalize_lookup_fantasy_name,normalize_empty_to_null_or_quarantine_when_required,none,personal,A coluna legada nome_fantasia alimenta fantasy_name pelo contrato atual comprovado.,parcelamento:tb_parcelamento.clientes,6dc9bfe06ab0caed351f250289dc1ce4eeff01f0a6a3c38e5a92fad6381a8e55
tb_parcelamento.clientes,parcelamento-client-lookup,clients,lookup,razao_social,company_name,mapped,normalize_lookup_company_name,normalize_empty_to_null_or_quarantine_when_required,none,personal,A coluna legada razao_social alimenta company_name pelo contrato atual comprovado.,parcelamento:tb_parcelamento.clientes,6dc9bfe06ab0caed351f250289dc1ce4eeff01f0a6a3c38e5a92fad6381a8e55
tb_parcelamento.clientes,parcelamento-client-lookup,clients,lookup,regime,regime,mapped,normalize_lookup_regime,normalize_empty_to_null_or_quarantine_when_required,none,personal,A coluna legada regime alimenta regime pelo contrato atual comprovado.,parcelamento:tb_parcelamento.clientes,6dc9bfe06ab0caed351f250289dc1ce4eeff01f0a6a3c38e5a92fad6381a8e55
tb_parcelamento.competencia,parcelamento-installment-competency-insert,parcelamento.installmentsCompetencies,insert,data,competence,mapped,normalize_year_month,normalize_empty_to_null_or_quarantine_when_required,none,none,A coluna legada data alimenta competence pelo contrato atual comprovado.,parcelamento:tb_parcelamento.competencia,66edf4da90e1e6bf2262b9dbf3881c76491d7b455cc8a63fb5df34b3a4120af6
tb_parcelamento.competencia,parcelamento-installment-competency-insert,parcelamento.installmentsCompetencies,insert,download,download,mapped,normalize_boolean_code,normalize_empty_to_null_or_quarantine_when_required,none,none,A coluna legada download alimenta download pelo contrato atual comprovado.,parcelamento:tb_parcelamento.competencia,66edf4da90e1e6bf2262b9dbf3881c76491d7b455cc8a63fb5df34b3a4120af6
tb_parcelamento.competencia,parcelamento-installment-competency-insert,parcelamento.installmentsCompetencies,insert,download_obs,download_notes,mapped,normalize_optional_text,normalize_empty_to_null_or_quarantine_when_required,none,none,A coluna legada download_obs alimenta download_notes pelo contrato atual comprovado.,parcelamento:tb_parcelamento.competencia,66edf4da90e1e6bf2262b9dbf3881c76491d7b455cc8a63fb5df34b3a4120af6
tb_parcelamento.competencia,parcelamento-installment-competency-insert,parcelamento.installmentsCompetencies,insert,envio,is_sent,mapped,normalize_nullable_boolean_code,normalize_empty_to_null_or_quarantine_when_required,none,none,A coluna legada envio alimenta is_sent pelo contrato atual comprovado.,parcelamento:tb_parcelamento.competencia,66edf4da90e1e6bf2262b9dbf3881c76491d7b455cc8a63fb5df34b3a4120af6
tb_parcelamento.competencia,parcelamento-installment-competency-insert,parcelamento.installmentsCompetencies,insert,id,id,mapped,uuid_v5_from_full_source_table_and_legacy_id,normalize_empty_to_null_or_quarantine_when_required,none,none,A coluna legada id alimenta id pelo contrato atual comprovado.,parcelamento:tb_parcelamento.competencia,66edf4da90e1e6bf2262b9dbf3881c76491d7b455cc8a63fb5df34b3a4120af6
tb_parcelamento.competencia,parcelamento-installment-competency-insert,parcelamento.installmentsCompetencies,insert,id_parcelamento,installment_id,mapped,resolve_installment_reference,resolve_unique_or_quarantine,foreign_key,none,A coluna legada id_parcelamento alimenta installment_id pelo contrato atual comprovado.,parcelamento:tb_parcelamento.competencia,66edf4da90e1e6bf2262b9dbf3881c76491d7b455cc8a63fb5df34b3a4120af6
tb_parcelamento.competencia,parcelamento-installment-competency-insert,parcelamento.installmentsCompetencies,insert,obs,notes,mapped,normalize_optional_text,normalize_empty_to_null_or_quarantine_when_required,none,none,A coluna legada obs alimenta notes pelo contrato atual comprovado.,parcelamento:tb_parcelamento.competencia,66edf4da90e1e6bf2262b9dbf3881c76491d7b455cc8a63fb5df34b3a4120af6
tb_parcelamento.competencia,parcelamento-installment-competency-insert,parcelamento.installmentsCompetencies,insert,pagas,how_many_paid,mapped,normalize_non_negative_integer,normalize_empty_to_null_or_quarantine_when_required,none,none,A coluna legada pagas alimenta how_many_paid pelo contrato atual comprovado.,parcelamento:tb_parcelamento.competencia,66edf4da90e1e6bf2262b9dbf3881c76491d7b455cc8a63fb5df34b3a4120af6
tb_parcelamento.competencia,parcelamento-installment-competency-insert,parcelamento.installmentsCompetencies,insert,parcela,installment_amount,mapped,normalize_non_negative_number,normalize_empty_to_null_or_quarantine_when_required,none,none,A coluna legada parcela alimenta installment_amount pelo contrato atual comprovado.,parcelamento:tb_parcelamento.competencia,66edf4da90e1e6bf2262b9dbf3881c76491d7b455cc8a63fb5df34b3a4120af6
tb_parcelamento.competencia,parcelamento-installment-competency-insert,parcelamento.installmentsCompetencies,insert,recibo,,not_preserved,not_preserved,not_applicable,none,secret,O contrato atual da competência não possui storage ou referência de recibo; arquivo presente exige quarentena por emissão.,parcelamento:tb_parcelamento.competencia,66edf4da90e1e6bf2262b9dbf3881c76491d7b455cc8a63fb5df34b3a4120af6
tb_parcelamento.competencia,parcelamento-installment-competency-insert,parcelamento.installmentsCompetencies,insert,tipo_envio,submission_type,mapped,map_submission_type_explicitly,normalize_empty_to_null_or_quarantine_when_required,none,none,A coluna legada tipo_envio alimenta submission_type pelo contrato atual comprovado.,parcelamento:tb_parcelamento.competencia,66edf4da90e1e6bf2262b9dbf3881c76491d7b455cc8a63fb5df34b3a4120af6
tb_parcelamento.competencia,parcelamento-installment-competency-insert,parcelamento.installmentsCompetencies,insert,upload,upload_file,mapped,normalize_nullable_boolean_code,normalize_empty_to_null_or_quarantine_when_required,none,none,A coluna legada upload alimenta upload_file pelo contrato atual comprovado.,parcelamento:tb_parcelamento.competencia,66edf4da90e1e6bf2262b9dbf3881c76491d7b455cc8a63fb5df34b3a4120af6
tb_parcelamento.competencia,parcelamento-installment-competency-insert,parcelamento.installmentsCompetencies,insert,vencida,how_many_overdue,mapped,normalize_non_negative_integer,normalize_empty_to_null_or_quarantine_when_required,none,none,A coluna legada vencida alimenta how_many_overdue pelo contrato atual comprovado.,parcelamento:tb_parcelamento.competencia,66edf4da90e1e6bf2262b9dbf3881c76491d7b455cc8a63fb5df34b3a4120af6
tb_parcelamento.parcelamentos,parcelamento-installment-insert,parcelamento.installments,insert,caminho,document_url,mapped,normalize_legacy_document_path_fallback,normalize_empty_to_null_or_quarantine_when_required,none,none,A coluna legada caminho alimenta document_url pelo contrato atual comprovado.,parcelamento:tb_parcelamento.parcelamentos,5b106078f5619855d256d2e4b51a3b80ce1ec96f55a0372ee2254da39cbf8a7c
tb_parcelamento.parcelamentos,parcelamento-installment-insert,parcelamento.installments,insert,cliente_id,client_id,mapped,resolve_client_by_externo,resolve_unique_or_quarantine,foreign_key,none,A coluna legada cliente_id alimenta client_id pelo contrato atual comprovado.,parcelamento:tb_parcelamento.parcelamentos,5b106078f5619855d256d2e4b51a3b80ce1ec96f55a0372ee2254da39cbf8a7c
tb_parcelamento.parcelamentos,parcelamento-installment-insert,parcelamento.installments,insert,data_adesao,enrollment_date,mapped,normalize_zero_date_to_null,normalize_empty_to_null_or_quarantine_when_required,none,none,A coluna legada data_adesao alimenta enrollment_date pelo contrato atual comprovado.,parcelamento:tb_parcelamento.parcelamentos,5b106078f5619855d256d2e4b51a3b80ce1ec96f55a0372ee2254da39cbf8a7c
tb_parcelamento.parcelamentos,parcelamento-installment-insert,parcelamento.installments,insert,data_finalizacao,completion_date,mapped,normalize_zero_date_to_null,normalize_empty_to_null_or_quarantine_when_required,none,none,A coluna legada data_finalizacao alimenta completion_date pelo contrato atual comprovado.,parcelamento:tb_parcelamento.parcelamentos,5b106078f5619855d256d2e4b51a3b80ce1ec96f55a0372ee2254da39cbf8a7c
tb_parcelamento.parcelamentos,parcelamento-installment-insert,parcelamento.installments,insert,debito_automatico,is_automatic_debit,mapped,normalize_boolean_code,normalize_empty_to_null_or_quarantine_when_required,none,none,A coluna legada debito_automatico alimenta is_automatic_debit pelo contrato atual comprovado.,parcelamento:tb_parcelamento.parcelamentos,5b106078f5619855d256d2e4b51a3b80ce1ec96f55a0372ee2254da39cbf8a7c
tb_parcelamento.parcelamentos,parcelamento-installment-insert,parcelamento.installments,insert,documento,document_url,mapped,normalize_legacy_document_url_preferred,normalize_empty_to_null_or_quarantine_when_required,none,none,A coluna legada documento alimenta document_url pelo contrato atual comprovado.,parcelamento:tb_parcelamento.parcelamentos,5b106078f5619855d256d2e4b51a3b80ce1ec96f55a0372ee2254da39cbf8a7c
tb_parcelamento.parcelamentos,parcelamento-installment-insert,parcelamento.installments,insert,estancia,jurisdiction,mapped,normalize_required_text,normalize_empty_to_null_or_quarantine_when_required,none,none,A coluna legada estancia alimenta jurisdiction pelo contrato atual comprovado.,parcelamento:tb_parcelamento.parcelamentos,5b106078f5619855d256d2e4b51a3b80ce1ec96f55a0372ee2254da39cbf8a7c
tb_parcelamento.parcelamentos,parcelamento-installment-insert,parcelamento.installments,insert,externo,,not_preserved,not_preserved,not_applicable,none,none,"O discriminador seleciona o catálogo de cliente para resolução, mas não possui coluna própria no acordo atual.",parcelamento:tb_parcelamento.parcelamentos,5b106078f5619855d256d2e4b51a3b80ce1ec96f55a0372ee2254da39cbf8a7c
tb_parcelamento.parcelamentos,parcelamento-installment-insert,parcelamento.installments,insert,id,id,mapped,uuid_v5_from_full_source_table_and_legacy_id,normalize_empty_to_null_or_quarantine_when_required,none,none,A coluna legada id alimenta id pelo contrato atual comprovado.,parcelamento:tb_parcelamento.parcelamentos,5b106078f5619855d256d2e4b51a3b80ce1ec96f55a0372ee2254da39cbf8a7c
tb_parcelamento.parcelamentos,parcelamento-installment-insert,parcelamento.installments,insert,natureza,legal_nature,mapped,normalize_required_text,normalize_empty_to_null_or_quarantine_when_required,none,none,A coluna legada natureza alimenta legal_nature pelo contrato atual comprovado.,parcelamento:tb_parcelamento.parcelamentos,5b106078f5619855d256d2e4b51a3b80ce1ec96f55a0372ee2254da39cbf8a7c
tb_parcelamento.parcelamentos,parcelamento-installment-insert,parcelamento.installments,insert,parcela_mes_vigente,current_month_installment_amount,mapped,normalize_non_negative_number,normalize_empty_to_null_or_quarantine_when_required,none,none,A coluna legada parcela_mes_vigente alimenta current_month_installment_amount pelo contrato atual comprovado.,parcelamento:tb_parcelamento.parcelamentos,5b106078f5619855d256d2e4b51a3b80ce1ec96f55a0372ee2254da39cbf8a7c
tb_parcelamento.parcelamentos,parcelamento-installment-insert,parcelamento.installments,insert,parcelas_acordadas,agreed_installments_count,mapped,normalize_positive_integer,normalize_empty_to_null_or_quarantine_when_required,none,none,A coluna legada parcelas_acordadas alimenta agreed_installments_count pelo contrato atual comprovado.,parcelamento:tb_parcelamento.parcelamentos,5b106078f5619855d256d2e4b51a3b80ce1ec96f55a0372ee2254da39cbf8a7c
tb_parcelamento.parcelamentos,parcelamento-installment-insert,parcelamento.installments,insert,parcelas_entradas,down_payment_installments_count,mapped,normalize_non_negative_integer,normalize_empty_to_null_or_quarantine_when_required,none,none,A coluna legada parcelas_entradas alimenta down_payment_installments_count pelo contrato atual comprovado.,parcelamento:tb_parcelamento.parcelamentos,5b106078f5619855d256d2e4b51a3b80ce1ec96f55a0372ee2254da39cbf8a7c
tb_parcelamento.parcelamentos,parcelamento-installment-insert,parcelamento.installments,insert,parcelas_pagas,paid_installments_count,mapped,normalize_non_negative_integer,normalize_empty_to_null_or_quarantine_when_required,none,none,A coluna legada parcelas_pagas alimenta paid_installments_count pelo contrato atual comprovado.,parcelamento:tb_parcelamento.parcelamentos,5b106078f5619855d256d2e4b51a3b80ce1ec96f55a0372ee2254da39cbf8a7c
tb_parcelamento.parcelamentos,parcelamento-installment-insert,parcelamento.installments,insert,parcelas_restantes,remaining_installments_count,mapped,normalize_non_negative_integer,normalize_empty_to_null_or_quarantine_when_required,none,none,A coluna legada parcelas_restantes alimenta remaining_installments_count pelo contrato atual comprovado.,parcelamento:tb_parcelamento.parcelamentos,5b106078f5619855d256d2e4b51a3b80ce1ec96f55a0372ee2254da39cbf8a7c
tb_parcelamento.parcelamentos,parcelamento-installment-insert,parcelamento.installments,insert,parcelas_vencidas,overdue_installments_count,mapped,normalize_non_negative_integer,normalize_empty_to_null_or_quarantine_when_required,none,none,A coluna legada parcelas_vencidas alimenta overdue_installments_count pelo contrato atual comprovado.,parcelamento:tb_parcelamento.parcelamentos,5b106078f5619855d256d2e4b51a3b80ce1ec96f55a0372ee2254da39cbf8a7c
tb_parcelamento.parcelamentos,parcelamento-installment-insert,parcelamento.installments,insert,primeira_parcela,first_installment_amount,mapped,normalize_non_negative_number,normalize_empty_to_null_or_quarantine_when_required,none,none,A coluna legada primeira_parcela alimenta first_installment_amount pelo contrato atual comprovado.,parcelamento:tb_parcelamento.parcelamentos,5b106078f5619855d256d2e4b51a3b80ce1ec96f55a0372ee2254da39cbf8a7c
tb_parcelamento.parcelamentos,parcelamento-installment-insert,parcelamento.installments,insert,saldo_devedor,outstanding_balance,mapped,normalize_non_negative_number,normalize_empty_to_null_or_quarantine_when_required,none,none,A coluna legada saldo_devedor alimenta outstanding_balance pelo contrato atual comprovado.,parcelamento:tb_parcelamento.parcelamentos,5b106078f5619855d256d2e4b51a3b80ce1ec96f55a0372ee2254da39cbf8a7c
tb_parcelamento.parcelamentos,parcelamento-installment-insert,parcelamento.installments,insert,situacao,status,mapped,map_installment_status_explicitly,normalize_empty_to_null_or_quarantine_when_required,none,none,A coluna legada situacao alimenta status pelo contrato atual comprovado.,parcelamento:tb_parcelamento.parcelamentos,5b106078f5619855d256d2e4b51a3b80ce1ec96f55a0372ee2254da39cbf8a7c
tb_parcelamento.parcelamentos,parcelamento-installment-insert,parcelamento.installments,insert,tipo,type,mapped,normalize_required_text,normalize_empty_to_null_or_quarantine_when_required,none,none,A coluna legada tipo alimenta type pelo contrato atual comprovado.,parcelamento:tb_parcelamento.parcelamentos,5b106078f5619855d256d2e4b51a3b80ce1ec96f55a0372ee2254da39cbf8a7c
tb_parcelamento.parcelamentos,parcelamento-installment-insert,parcelamento.installments,insert,tipo_paralisacao,situation_shutdown,mapped,map_shutdown_reason_explicitly,normalize_empty_to_null_or_quarantine_when_required,none,none,A coluna legada tipo_paralisacao alimenta situation_shutdown pelo contrato atual comprovado.,parcelamento:tb_parcelamento.parcelamentos,5b106078f5619855d256d2e4b51a3b80ce1ec96f55a0372ee2254da39cbf8a7c
tb_parcelamento.parcelamentos,parcelamento-installment-insert,parcelamento.installments,insert,total_consolidado,consolidated_total_amount,mapped,normalize_non_negative_number,normalize_empty_to_null_or_quarantine_when_required,none,none,A coluna legada total_consolidado alimenta consolidated_total_amount pelo contrato atual comprovado.,parcelamento:tb_parcelamento.parcelamentos,5b106078f5619855d256d2e4b51a3b80ce1ec96f55a0372ee2254da39cbf8a7c
tb_pec.notas,pec-note-insert,notes,insert,cadastro,created_at,mapped,normalize_required_datetime,normalize_empty_to_null_or_quarantine_when_required,none,none,A coluna cadastro alimenta created_at conforme o contrato atual validado.,remaining:tb_pec.notas,244bc09793b262ef9df8d8b5bf86d45f4d0f0ab4458a2e391ac4450dbf8c2660
tb_pec.notas,pec-note-insert,notes,insert,cadastro_original,original_creation_date,mapped,normalize_required_datetime,normalize_empty_to_null_or_quarantine_when_required,none,none,A coluna cadastro_original alimenta original_creation_date conforme o contrato atual validado.,remaining:tb_pec.notas,244bc09793b262ef9df8d8b5bf86d45f4d0f0ab4458a2e391ac4450dbf8c2660
tb_pec.notas,pec-note-insert,notes,insert,cliente_id,client_id,mapped,resolve_optional_authoritative_v2_client_from_regularize_code,normalize_empty_to_null_or_quarantine_when_required,foreign_key,none,A referência é resolvida exclusivamente pelo vínculo legado explícito.,remaining:tb_pec.notas,244bc09793b262ef9df8d8b5bf86d45f4d0f0ab4458a2e391ac4450dbf8c2660
tb_pec.notas,pec-note-insert,notes,insert,cliente_id,is_internal,mapped,derive_internal_from_empty_regularize_client_code,normalize_empty_to_null_or_quarantine_when_required,none,none,A coluna cliente_id alimenta is_internal conforme o contrato atual validado.,remaining:tb_pec.notas,244bc09793b262ef9df8d8b5bf86d45f4d0f0ab4458a2e391ac4450dbf8c2660
tb_pec.notas,pec-note-insert,notes,insert,conclusao,completion_date,mapped,normalize_nullable_zero_datetime,normalize_empty_to_null_or_quarantine_when_required,none,none,A coluna conclusao alimenta completion_date conforme o contrato atual validado.,remaining:tb_pec.notas,244bc09793b262ef9df8d8b5bf86d45f4d0f0ab4458a2e391ac4450dbf8c2660
tb_pec.notas,pec-note-insert,notes,insert,fim_semana,week_end_date,mapped,normalize_required_date,normalize_empty_to_null_or_quarantine_when_required,none,none,A coluna fim_semana alimenta week_end_date conforme o contrato atual validado.,remaining:tb_pec.notas,244bc09793b262ef9df8d8b5bf86d45f4d0f0ab4458a2e391ac4450dbf8c2660
tb_pec.notas,pec-note-insert,notes,insert,id,id,mapped,uuid_v5_from_full_source_table_and_legacy_id,normalize_empty_to_null_or_quarantine_when_required,none,none,A coluna id alimenta id conforme o contrato atual validado.,remaining:tb_pec.notas,244bc09793b262ef9df8d8b5bf86d45f4d0f0ab4458a2e391ac4450dbf8c2660
tb_pec.notas,pec-note-insert,notes,insert,inicio_semana,week_start_date,mapped,normalize_required_date,normalize_empty_to_null_or_quarantine_when_required,none,none,A coluna inicio_semana alimenta week_start_date conforme o contrato atual validado.,remaining:tb_pec.notas,244bc09793b262ef9df8d8b5bf86d45f4d0f0ab4458a2e391ac4450dbf8c2660
tb_pec.notas,pec-note-insert,notes,insert,multa,has_penalty,mapped,normalize_boolean,normalize_empty_to_null_or_quarantine_when_required,none,none,A coluna multa alimenta has_penalty conforme o contrato atual validado.,remaining:tb_pec.notas,244bc09793b262ef9df8d8b5bf86d45f4d0f0ab4458a2e391ac4450dbf8c2660
tb_pec.notas,pec-note-insert,notes,insert,numero,number,mapped,normalize_positive_integer,normalize_empty_to_null_or_quarantine_when_required,none,none,A coluna numero alimenta number conforme o contrato atual validado.,remaining:tb_pec.notas,244bc09793b262ef9df8d8b5bf86d45f4d0f0ab4458a2e391ac4450dbf8c2660
tb_pec.notas,pec-note-insert,notes,insert,previsao,due_date,mapped,normalize_nullable_zero_datetime,normalize_empty_to_null_or_quarantine_when_required,none,none,A coluna previsao alimenta due_date conforme o contrato atual validado.,remaining:tb_pec.notas,244bc09793b262ef9df8d8b5bf86d45f4d0f0ab4458a2e391ac4450dbf8c2660
tb_pec.notas,pec-note-insert,notes,insert,status,status,mapped,legacy_note_continuation_status_to_boolean,normalize_empty_to_null_or_quarantine_when_required,none,none,A coluna status alimenta status conforme o contrato atual validado.,remaining:tb_pec.notas,244bc09793b262ef9df8d8b5bf86d45f4d0f0ab4458a2e391ac4450dbf8c2660
tb_pec.notas,pec-note-insert,notes,insert,tarefa,note,mapped,normalize_required_text,normalize_empty_to_null_or_quarantine_when_required,none,personal,A coluna tarefa alimenta note conforme o contrato atual validado.,remaining:tb_pec.notas,244bc09793b262ef9df8d8b5bf86d45f4d0f0ab4458a2e391ac4450dbf8c2660
tb_pec.notas,pec-note-insert,notes,insert,urgente,is_urgent,mapped,normalize_boolean,normalize_empty_to_null_or_quarantine_when_required,none,none,A coluna urgente alimenta is_urgent conforme o contrato atual validado.,remaining:tb_pec.notas,244bc09793b262ef9df8d8b5bf86d45f4d0f0ab4458a2e391ac4450dbf8c2660
tb_pec.notas,pec-note-insert,notes,insert,usuario_id,user_id,mapped,resolve_explicit_user_reference,normalize_empty_to_null_or_quarantine_when_required,foreign_key,none,A referência é resolvida exclusivamente pelo vínculo legado explícito.,remaining:tb_pec.notas,244bc09793b262ef9df8d8b5bf86d45f4d0f0ab4458a2e391ac4450dbf8c2660
tb_pessoal.bem,tb_pessoal-bem-password-insert,pessoal.passwords,insert,empresa,client_id,mapped,resolve_client_reference,normalize_empty_to_null_or_quarantine_when_required,foreign_key,none,A referência legada é resolvida por vínculo explícito e falhas nunca fabricam entidade.,rh-pessoal:tb_pessoal.bem,393c2d53b3cf1917bea3670a9d853e9074ac47e47640d8983b9eca956a34119e
tb_pessoal.bem,tb_pessoal-bem-password-insert,pessoal.passwords,insert,id,id,mapped,uuid_v5_from_full_source_table_and_legacy_id,normalize_empty_to_null_or_quarantine_when_required,none,none,A coluna legada id alimenta id conforme o contrato atual validado.,rh-pessoal:tb_pessoal.bem,393c2d53b3cf1917bea3670a9d853e9074ac47e47640d8983b9eca956a34119e
tb_pessoal.bem,tb_pessoal-bem-password-insert,pessoal.passwords,insert,identificador,login_secondary,mapped,encrypt_credential,normalize_empty_to_null,none,credential,O valor é credencial e somente pode ser persistido após criptografia verificada.,rh-pessoal:tb_pessoal.bem,393c2d53b3cf1917bea3670a9d853e9074ac47e47640d8983b9eca956a34119e
tb_pessoal.bem,tb_pessoal-bem-password-insert,pessoal.passwords,insert,responsavel,responsavel_id,mapped,resolve_optional_user_reference,normalize_empty_to_null_or_quarantine_when_required,foreign_key,none,A referência legada é resolvida por vínculo explícito e falhas nunca fabricam entidade.,rh-pessoal:tb_pessoal.bem,393c2d53b3cf1917bea3670a9d853e9074ac47e47640d8983b9eca956a34119e
tb_pessoal.bem,tb_pessoal-bem-password-insert,pessoal.passwords,insert,senha,senha_main,mapped,encrypt_credential,normalize_empty_to_null,none,credential,O valor é credencial e somente pode ser persistido após criptografia verificada.,rh-pessoal:tb_pessoal.bem,393c2d53b3cf1917bea3670a9d853e9074ac47e47640d8983b9eca956a34119e
tb_pessoal.bem,tb_pessoal-bem-password-insert,pessoal.passwords,insert,usuario,login_main,mapped,encrypt_credential,normalize_empty_to_null,none,credential,O valor é credencial e somente pode ser persistido após criptografia verificada.,rh-pessoal:tb_pessoal.bem,393c2d53b3cf1917bea3670a9d853e9074ac47e47640d8983b9eca956a34119e
tb_pessoal.bsf,tb_pessoal-bsf-password-insert,pessoal.passwords,insert,cpf,login_secondary,mapped,encrypt_credential,normalize_empty_to_null,none,credential,O valor é credencial e somente pode ser persistido após criptografia verificada.,rh-pessoal:tb_pessoal.bsf,1e957eee6b6fb31fac10deb128f18520ddcbeac985ea51b796663f7655df2df8
tb_pessoal.bsf,tb_pessoal-bsf-password-insert,pessoal.passwords,insert,empresa,client_id,mapped,resolve_client_reference,normalize_empty_to_null_or_quarantine_when_required,foreign_key,none,A referência legada é resolvida por vínculo explícito e falhas nunca fabricam entidade.,rh-pessoal:tb_pessoal.bsf,1e957eee6b6fb31fac10deb128f18520ddcbeac985ea51b796663f7655df2df8
tb_pessoal.bsf,tb_pessoal-bsf-password-insert,pessoal.passwords,insert,id,id,mapped,uuid_v5_from_full_source_table_and_legacy_id,normalize_empty_to_null_or_quarantine_when_required,none,none,A coluna legada id alimenta id conforme o contrato atual validado.,rh-pessoal:tb_pessoal.bsf,1e957eee6b6fb31fac10deb128f18520ddcbeac985ea51b796663f7655df2df8
tb_pessoal.bsf,tb_pessoal-bsf-password-insert,pessoal.passwords,insert,login,login_main,mapped,encrypt_credential,normalize_empty_to_null,none,credential,O valor é credencial e somente pode ser persistido após criptografia verificada.,rh-pessoal:tb_pessoal.bsf,1e957eee6b6fb31fac10deb128f18520ddcbeac985ea51b796663f7655df2df8
tb_pessoal.bsf,tb_pessoal-bsf-password-insert,pessoal.passwords,insert,responsavel,responsavel_id,mapped,resolve_optional_user_reference,normalize_empty_to_null_or_quarantine_when_required,foreign_key,none,A referência legada é resolvida por vínculo explícito e falhas nunca fabricam entidade.,rh-pessoal:tb_pessoal.bsf,1e957eee6b6fb31fac10deb128f18520ddcbeac985ea51b796663f7655df2df8
tb_pessoal.bsf,tb_pessoal-bsf-password-insert,pessoal.passwords,insert,senha,senha_main,mapped,encrypt_credential,normalize_empty_to_null,none,credential,O valor é credencial e somente pode ser persistido após criptografia verificada.,rh-pessoal:tb_pessoal.bsf,1e957eee6b6fb31fac10deb128f18520ddcbeac985ea51b796663f7655df2df8
tb_pessoal.clientes_situacoes,pessoal-situation-insert,pessoal.situations,insert,cadastrado_por,registered_by_id,mapped,resolve_user_reference,normalize_empty_to_null_or_quarantine_when_required,foreign_key,none,A referência legada é resolvida por vínculo explícito e falhas nunca fabricam entidade.,rh-pessoal:tb_pessoal.clientes_situacoes,da678216f4bb9748a5318574a78cc227a9aff7f3af4609d66657da270bebf3fe
tb_pessoal.clientes_situacoes,pessoal-situation-insert,pessoal.situations,insert,cliente_id,client_id,mapped,resolve_client_reference,normalize_empty_to_null_or_quarantine_when_required,foreign_key,none,A referência legada é resolvida por vínculo explícito e falhas nunca fabricam entidade.,rh-pessoal:tb_pessoal.clientes_situacoes,da678216f4bb9748a5318574a78cc227a9aff7f3af4609d66657da270bebf3fe
tb_pessoal.clientes_situacoes,pessoal-situation-insert,pessoal.situations,insert,data_cadastro,registration_date,mapped,normalize_required_date,normalize_empty_to_null_or_quarantine_when_required,none,none,A coluna legada data_cadastro alimenta registration_date conforme o contrato atual validado.,rh-pessoal:tb_pessoal.clientes_situacoes,da678216f4bb9748a5318574a78cc227a9aff7f3af4609d66657da270bebf3fe
tb_pessoal.clientes_situacoes,pessoal-situation-insert,pessoal.situations,insert,data_finalizacao,completion_date,mapped,normalize_date,normalize_empty_to_null_or_quarantine_when_required,none,none,A coluna legada data_finalizacao alimenta completion_date conforme o contrato atual validado.,rh-pessoal:tb_pessoal.clientes_situacoes,da678216f4bb9748a5318574a78cc227a9aff7f3af4609d66657da270bebf3fe
tb_pessoal.clientes_situacoes,pessoal-situation-insert,pessoal.situations,insert,descricao,description,mapped,normalize_required_text,normalize_empty_to_null_or_quarantine_when_required,none,personal,O dado pessoal é preservado somente no destino previsto e nunca integra a quarentena.,rh-pessoal:tb_pessoal.clientes_situacoes,da678216f4bb9748a5318574a78cc227a9aff7f3af4609d66657da270bebf3fe
tb_pessoal.clientes_situacoes,pessoal-situation-insert,pessoal.situations,insert,finalizado_por,completed_by_id,mapped,resolve_optional_user_reference,normalize_empty_to_null_or_quarantine_when_required,foreign_key,none,A referência legada é resolvida por vínculo explícito e falhas nunca fabricam entidade.,rh-pessoal:tb_pessoal.clientes_situacoes,da678216f4bb9748a5318574a78cc227a9aff7f3af4609d66657da270bebf3fe
tb_pessoal.clientes_situacoes,pessoal-situation-insert,pessoal.situations,insert,id,id,mapped,uuid_v5_from_full_source_table_and_legacy_id,normalize_empty_to_null_or_quarantine_when_required,none,none,A coluna legada id alimenta id conforme o contrato atual validado.,rh-pessoal:tb_pessoal.clientes_situacoes,da678216f4bb9748a5318574a78cc227a9aff7f3af4609d66657da270bebf3fe
tb_pessoal.clientes_situacoes,pessoal-situation-insert,pessoal.situations,insert,status,status,mapped,normalize_situation_status,normalize_empty_to_null_or_quarantine_when_required,none,none,A coluna legada status alimenta status conforme o contrato atual validado.,rh-pessoal:tb_pessoal.clientes_situacoes,da678216f4bb9748a5318574a78cc227a9aff7f3af4609d66657da270bebf3fe
tb_pessoal.clientes_situacoes,pessoal-situation-insert,pessoal.situations,insert,titulo,title,mapped,normalize_required_text,normalize_empty_to_null_or_quarantine_when_required,none,none,A coluna legada titulo alimenta title conforme o contrato atual validado.,rh-pessoal:tb_pessoal.clientes_situacoes,da678216f4bb9748a5318574a78cc227a9aff7f3af4609d66657da270bebf3fe
tb_pessoal.codigos_acesso,tb_pessoal-codigos_acesso-password-insert,pessoal.passwords,insert,certificado_digital,,not_preserved,redact_and_not_preserve,not_applicable,none,secret,O identificador de certificado não é credencial segura nem arquivo importável no contrato atual.,rh-pessoal:tb_pessoal.codigos_acesso,ba925dd72ef768622e2d513342b3981bfb35859d9c3641c2cf080d8e03c1c575
tb_pessoal.codigos_acesso,tb_pessoal-codigos_acesso-password-insert,pessoal.passwords,insert,cod_acesso,login_secondary,mapped,encrypt_credential,normalize_empty_to_null,none,credential,O valor é credencial e somente pode ser persistido após criptografia verificada.,rh-pessoal:tb_pessoal.codigos_acesso,ba925dd72ef768622e2d513342b3981bfb35859d9c3641c2cf080d8e03c1c575
tb_pessoal.codigos_acesso,tb_pessoal-codigos_acesso-password-insert,pessoal.passwords,insert,cpf,login_main,mapped,encrypt_credential,normalize_empty_to_null,none,credential,O valor é credencial e somente pode ser persistido após criptografia verificada.,rh-pessoal:tb_pessoal.codigos_acesso,ba925dd72ef768622e2d513342b3981bfb35859d9c3641c2cf080d8e03c1c575
tb_pessoal.codigos_acesso,tb_pessoal-codigos_acesso-password-insert,pessoal.passwords,insert,empresa,client_id,mapped,resolve_client_reference,normalize_empty_to_null_or_quarantine_when_required,foreign_key,none,A referência legada é resolvida por vínculo explícito e falhas nunca fabricam entidade.,rh-pessoal:tb_pessoal.codigos_acesso,ba925dd72ef768622e2d513342b3981bfb35859d9c3641c2cf080d8e03c1c575
tb_pessoal.codigos_acesso,tb_pessoal-codigos_acesso-password-insert,pessoal.passwords,insert,id,id,mapped,uuid_v5_from_full_source_table_and_legacy_id,normalize_empty_to_null_or_quarantine_when_required,none,none,A coluna legada id alimenta id conforme o contrato atual validado.,rh-pessoal:tb_pessoal.codigos_acesso,ba925dd72ef768622e2d513342b3981bfb35859d9c3641c2cf080d8e03c1c575
tb_pessoal.codigos_acesso,tb_pessoal-codigos_acesso-password-insert,pessoal.passwords,insert,senha,senha_main,mapped,encrypt_credential,normalize_empty_to_null,none,credential,O valor é credencial e somente pode ser persistido após criptografia verificada.,rh-pessoal:tb_pessoal.codigos_acesso,ba925dd72ef768622e2d513342b3981bfb35859d9c3641c2cf080d8e03c1c575
tb_pessoal.codigos_acesso,tb_pessoal-codigos_acesso-password-insert,pessoal.passwords,insert,senha_gov,senha_secondary,mapped,encrypt_credential,normalize_empty_to_null,none,credential,O valor é credencial e somente pode ser persistido após criptografia verificada.,rh-pessoal:tb_pessoal.codigos_acesso,ba925dd72ef768622e2d513342b3981bfb35859d9c3641c2cf080d8e03c1c575
tb_pessoal.contri_assis,tb_pessoal-contri_assis-password-insert,pessoal.passwords,insert,cliente_id,client_id,mapped,resolve_client_reference,normalize_empty_to_null_or_quarantine_when_required,foreign_key,none,A referência legada é resolvida por vínculo explícito e falhas nunca fabricam entidade.,rh-pessoal:tb_pessoal.contri_assis,06a4f464df0d849db8392650aa9f67942c46859b42db70e8f20a3233e22fe220
tb_pessoal.contri_assis,tb_pessoal-contri_assis-password-insert,pessoal.passwords,insert,id,id,mapped,uuid_v5_from_full_source_table_and_legacy_id,normalize_empty_to_null_or_quarantine_when_required,none,none,A coluna legada id alimenta id conforme o contrato atual validado.,rh-pessoal:tb_pessoal.contri_assis,06a4f464df0d849db8392650aa9f67942c46859b42db70e8f20a3233e22fe220
tb_pessoal.contri_assis,tb_pessoal-contri_assis-password-insert,pessoal.passwords,insert,login,login_main,mapped,encrypt_credential,normalize_empty_to_null,none,credential,O valor é credencial e somente pode ser persistido após criptografia verificada.,rh-pessoal:tb_pessoal.contri_assis,06a4f464df0d849db8392650aa9f67942c46859b42db70e8f20a3233e22fe220
tb_pessoal.contri_assis,tb_pessoal-contri_assis-password-insert,pessoal.passwords,insert,senha,senha_main,mapped,encrypt_credential,normalize_empty_to_null,none,credential,O valor é credencial e somente pode ser persistido após criptografia verificada.,rh-pessoal:tb_pessoal.contri_assis,06a4f464df0d849db8392650aa9f67942c46859b42db70e8f20a3233e22fe220
tb_pessoal.empregador_web,tb_pessoal-empregador_web-password-insert,pessoal.passwords,insert,email,login_secondary,mapped,encrypt_credential,normalize_empty_to_null,none,credential,O valor é credencial e somente pode ser persistido após criptografia verificada.,rh-pessoal:tb_pessoal.empregador_web,7a9a117518ea0deba628481e9f81baf9412f89e6e4e13c2d54a5de48e3b8f4d2
tb_pessoal.empregador_web,tb_pessoal-empregador_web-password-insert,pessoal.passwords,insert,empresa,client_id,mapped,resolve_client_reference,normalize_empty_to_null_or_quarantine_when_required,foreign_key,none,A referência legada é resolvida por vínculo explícito e falhas nunca fabricam entidade.,rh-pessoal:tb_pessoal.empregador_web,7a9a117518ea0deba628481e9f81baf9412f89e6e4e13c2d54a5de48e3b8f4d2
tb_pessoal.empregador_web,tb_pessoal-empregador_web-password-insert,pessoal.passwords,insert,id,id,mapped,uuid_v5_from_full_source_table_and_legacy_id,normalize_empty_to_null_or_quarantine_when_required,none,none,A coluna legada id alimenta id conforme o contrato atual validado.,rh-pessoal:tb_pessoal.empregador_web,7a9a117518ea0deba628481e9f81baf9412f89e6e4e13c2d54a5de48e3b8f4d2
tb_pessoal.empregador_web,tb_pessoal-empregador_web-password-insert,pessoal.passwords,insert,login,login_main,mapped,encrypt_credential,normalize_empty_to_null,none,credential,O valor é credencial e somente pode ser persistido após criptografia verificada.,rh-pessoal:tb_pessoal.empregador_web,7a9a117518ea0deba628481e9f81baf9412f89e6e4e13c2d54a5de48e3b8f4d2
tb_pessoal.empregador_web,tb_pessoal-empregador_web-password-insert,pessoal.passwords,insert,senha,senha_main,mapped,encrypt_credential,normalize_empty_to_null,none,credential,O valor é credencial e somente pode ser persistido após criptografia verificada.,rh-pessoal:tb_pessoal.empregador_web,7a9a117518ea0deba628481e9f81baf9412f89e6e4e13c2d54a5de48e3b8f4d2
tb_pessoal.empregador_web,tb_pessoal-empregador_web-password-insert,pessoal.passwords,insert,senha_email,senha_secondary,mapped,encrypt_credential,normalize_empty_to_null,none,credential,O valor é credencial e somente pode ser persistido após criptografia verificada.,rh-pessoal:tb_pessoal.empregador_web,7a9a117518ea0deba628481e9f81baf9412f89e6e4e13c2d54a5de48e3b8f4d2
tb_pessoal.folhas,pessoal-payroll-insert,pessoal.payroll,insert,adiantamento,advance,mapped,normalize_boolean,normalize_empty_to_null_or_quarantine_when_required,none,none,A coluna legada adiantamento alimenta advance conforme o contrato atual validado.,rh-pessoal:tb_pessoal.folhas,9337085a43c6f37bd16acb42e237de240c6e10b4c86454d6808e14714995720a
tb_pessoal.folhas,pessoal-payroll-insert,pessoal.payroll,insert,adiantamento_tipo,advance_type,mapped,normalize_text,normalize_empty_to_null_or_quarantine_when_required,none,none,A coluna legada adiantamento_tipo alimenta advance_type conforme o contrato atual validado.,rh-pessoal:tb_pessoal.folhas,9337085a43c6f37bd16acb42e237de240c6e10b4c86454d6808e14714995720a
tb_pessoal.folhas,pessoal-payroll-insert,pessoal.payroll,insert,adiantamento_valor,advance_amount,mapped,normalize_number,normalize_empty_to_null_or_quarantine_when_required,none,none,A coluna legada adiantamento_valor alimenta advance_amount conforme o contrato atual validado.,rh-pessoal:tb_pessoal.folhas,9337085a43c6f37bd16acb42e237de240c6e10b4c86454d6808e14714995720a
tb_pessoal.folhas,pessoal-payroll-insert,pessoal.payroll,insert,bem_mais,bem_mais,mapped,normalize_boolean,normalize_empty_to_null_or_quarantine_when_required,none,none,A coluna legada bem_mais alimenta bem_mais conforme o contrato atual validado.,rh-pessoal:tb_pessoal.folhas,9337085a43c6f37bd16acb42e237de240c6e10b4c86454d6808e14714995720a
tb_pessoal.folhas,pessoal-payroll-insert,pessoal.payroll,insert,bsf,bsf,mapped,normalize_boolean,normalize_empty_to_null_or_quarantine_when_required,none,none,A coluna legada bsf alimenta bsf conforme o contrato atual validado.,rh-pessoal:tb_pessoal.folhas,9337085a43c6f37bd16acb42e237de240c6e10b4c86454d6808e14714995720a
tb_pessoal.folhas,pessoal-payroll-insert,pessoal.payroll,insert,cliente_id,client_id,mapped,resolve_client_reference,normalize_empty_to_null_or_quarantine_when_required,foreign_key,none,A referência legada é resolvida por vínculo explícito e falhas nunca fabricam entidade.,rh-pessoal:tb_pessoal.folhas,9337085a43c6f37bd16acb42e237de240c6e10b4c86454d6808e14714995720a
tb_pessoal.folhas,pessoal-payroll-insert,pessoal.payroll,insert,contato,contact,mapped,normalize_text,normalize_empty_to_null_or_quarantine_when_required,none,personal,O dado pessoal é preservado somente no destino previsto e nunca integra a quarentena.,rh-pessoal:tb_pessoal.folhas,9337085a43c6f37bd16acb42e237de240c6e10b4c86454d6808e14714995720a
tb_pessoal.folhas,pessoal-payroll-insert,pessoal.payroll,insert,funcionarios,employees,mapped,normalize_integer,normalize_empty_to_null_or_quarantine_when_required,none,none,A coluna legada funcionarios alimenta employees conforme o contrato atual validado.,rh-pessoal:tb_pessoal.folhas,9337085a43c6f37bd16acb42e237de240c6e10b4c86454d6808e14714995720a
tb_pessoal.folhas,pessoal-payroll-insert,pessoal.payroll,insert,grupo,group,mapped,normalize_required_text,normalize_empty_to_null_or_quarantine_when_required,none,none,A coluna legada grupo alimenta group conforme o contrato atual validado.,rh-pessoal:tb_pessoal.folhas,9337085a43c6f37bd16acb42e237de240c6e10b4c86454d6808e14714995720a
tb_pessoal.folhas,pessoal-payroll-insert,pessoal.payroll,insert,id,id,mapped,uuid_v5_from_full_source_table_and_legacy_id,normalize_empty_to_null_or_quarantine_when_required,none,none,A coluna legada id alimenta id conforme o contrato atual validado.,rh-pessoal:tb_pessoal.folhas,9337085a43c6f37bd16acb42e237de240c6e10b4c86454d6808e14714995720a
tb_pessoal.folhas,pessoal-payroll-insert,pessoal.payroll,insert,info,info,mapped,normalize_required_text,normalize_empty_to_null_or_quarantine_when_required,none,none,A coluna legada info alimenta info conforme o contrato atual validado.,rh-pessoal:tb_pessoal.folhas,9337085a43c6f37bd16acb42e237de240c6e10b4c86454d6808e14714995720a
tb_pessoal.folhas,pessoal-payroll-insert,pessoal.payroll,insert,onvio,onvio,mapped,normalize_boolean,normalize_empty_to_null_or_quarantine_when_required,none,none,A coluna legada onvio alimenta onvio conforme o contrato atual validado.,rh-pessoal:tb_pessoal.folhas,9337085a43c6f37bd16acb42e237de240c6e10b4c86454d6808e14714995720a
tb_pessoal.folhas,pessoal-payroll-insert,pessoal.payroll,insert,previa,previous,mapped,normalize_boolean,normalize_empty_to_null_or_quarantine_when_required,none,none,A coluna legada previa alimenta previous conforme o contrato atual validado.,rh-pessoal:tb_pessoal.folhas,9337085a43c6f37bd16acb42e237de240c6e10b4c86454d6808e14714995720a
tb_pessoal.folhas,pessoal-payroll-insert,pessoal.payroll,insert,reinf,reinf,mapped,normalize_boolean,normalize_empty_to_null_or_quarantine_when_required,none,none,A coluna legada reinf alimenta reinf conforme o contrato atual validado.,rh-pessoal:tb_pessoal.folhas,9337085a43c6f37bd16acb42e237de240c6e10b4c86454d6808e14714995720a
tb_pessoal.folhas,pessoal-payroll-insert,pessoal.payroll,insert,responsavel_id,responsible_id,mapped,resolve_optional_user_reference,normalize_empty_to_null_or_quarantine_when_required,foreign_key,none,A referência legada é resolvida por vínculo explícito e falhas nunca fabricam entidade.,rh-pessoal:tb_pessoal.folhas,9337085a43c6f37bd16acb42e237de240c6e10b4c86454d6808e14714995720a
tb_pessoal.folhas,pessoal-payroll-insert,pessoal.payroll,insert,sindicato,union_id,mapped,resolve_optional_union_reference,normalize_empty_to_null_or_quarantine_when_required,foreign_key,none,A referência legada é resolvida por vínculo explícito e falhas nunca fabricam entidade.,rh-pessoal:tb_pessoal.folhas,9337085a43c6f37bd16acb42e237de240c6e10b4c86454d6808e14714995720a
tb_pessoal.folhas,pessoal-payroll-insert,pessoal.payroll,insert,taxa_assistencial,assistance_fee,mapped,normalize_boolean,normalize_empty_to_null_or_quarantine_when_required,none,none,A coluna legada taxa_assistencial alimenta assistance_fee conforme o contrato atual validado.,rh-pessoal:tb_pessoal.folhas,9337085a43c6f37bd16acb42e237de240c6e10b4c86454d6808e14714995720a
tb_pessoal.folhas,pessoal-payroll-insert,pessoal.payroll,insert,va,va,mapped,normalize_boolean,normalize_empty_to_null_or_quarantine_when_required,none,none,A coluna legada va alimenta va conforme o contrato atual validado.,rh-pessoal:tb_pessoal.folhas,9337085a43c6f37bd16acb42e237de240c6e10b4c86454d6808e14714995720a
tb_pessoal.folhas,pessoal-payroll-insert,pessoal.payroll,insert,vt,vt,mapped,normalize_boolean,normalize_empty_to_null_or_quarantine_when_required,none,none,A coluna legada vt alimenta vt conforme o contrato atual validado.,rh-pessoal:tb_pessoal.folhas,9337085a43c6f37bd16acb42e237de240c6e10b4c86454d6808e14714995720a
tb_pessoal.folhas,pessoal-payroll-insert,pessoal.payroll,insert,vt_tipo,vt_type,mapped,normalize_text,normalize_empty_to_null_or_quarantine_when_required,none,none,A coluna legada vt_tipo alimenta vt_type conforme o contrato atual validado.,rh-pessoal:tb_pessoal.folhas,9337085a43c6f37bd16acb42e237de240c6e10b4c86454d6808e14714995720a
tb_pessoal.folhas,pessoal-payroll-insert,pessoal.payroll,insert,vt_valor,vt_value,mapped,normalize_number,normalize_empty_to_null_or_quarantine_when_required,none,none,A coluna legada vt_valor alimenta vt_value conforme o contrato atual validado.,rh-pessoal:tb_pessoal.folhas,9337085a43c6f37bd16acb42e237de240c6e10b4c86454d6808e14714995720a
tb_pessoal.ldd,pessoal-ldd-insert,pessoal.ldd,insert,cliente,client_id,mapped,resolve_client_reference,normalize_empty_to_null_or_quarantine_when_required,foreign_key,none,A referência legada é resolvida por vínculo explícito e falhas nunca fabricam entidade.,rh-pessoal:tb_pessoal.ldd,03f7b060c512839b7521fe0dae32172110fcda12ea006a8080fd38eb3340e15b
tb_pessoal.ldd,pessoal-ldd-insert,pessoal.ldd,insert,id,id,mapped,uuid_v5_from_full_source_table_and_legacy_id,normalize_empty_to_null_or_quarantine_when_required,none,none,A coluna legada id alimenta id conforme o contrato atual validado.,rh-pessoal:tb_pessoal.ldd,03f7b060c512839b7521fe0dae32172110fcda12ea006a8080fd38eb3340e15b
tb_pessoal.ldd,pessoal-ldd-insert,pessoal.ldd,insert,inscricao,registration_status,mapped,normalize_text,normalize_empty_to_null_or_quarantine_when_required,none,none,A coluna legada inscricao alimenta registration_status conforme o contrato atual validado.,rh-pessoal:tb_pessoal.ldd,03f7b060c512839b7521fe0dae32172110fcda12ea006a8080fd38eb3340e15b
tb_pessoal.ldd,pessoal-ldd-insert,pessoal.ldd,insert,periodo,period,mapped,normalize_text,normalize_empty_to_null_or_quarantine_when_required,none,none,A coluna legada periodo alimenta period conforme o contrato atual validado.,rh-pessoal:tb_pessoal.ldd,03f7b060c512839b7521fe0dae32172110fcda12ea006a8080fd38eb3340e15b
tb_pessoal.ldd,pessoal-ldd-insert,pessoal.ldd,insert,saldo,balance_amount,mapped,normalize_number,normalize_empty_to_null_or_quarantine_when_required,none,none,A coluna legada saldo alimenta balance_amount conforme o contrato atual validado.,rh-pessoal:tb_pessoal.ldd,03f7b060c512839b7521fe0dae32172110fcda12ea006a8080fd38eb3340e15b
tb_pessoal.ldd,pessoal-ldd-insert,pessoal.ldd,insert,situacao,status,mapped,normalize_text,normalize_empty_to_null_or_quarantine_when_required,none,none,A coluna legada situacao alimenta status conforme o contrato atual validado.,rh-pessoal:tb_pessoal.ldd,03f7b060c512839b7521fe0dae32172110fcda12ea006a8080fd38eb3340e15b
tb_pessoal.ldd,pessoal-ldd-insert,pessoal.ldd,insert,tipo,type,mapped,normalize_required_text,normalize_empty_to_null_or_quarantine_when_required,none,none,A coluna legada tipo alimenta type conforme o contrato atual validado.,rh-pessoal:tb_pessoal.ldd,03f7b060c512839b7521fe0dae32172110fcda12ea006a8080fd38eb3340e15b
tb_pessoal.ldd,pessoal-ldd-insert,pessoal.ldd,insert,vencimento,due_date,mapped,normalize_date,normalize_empty_to_null_or_quarantine_when_required,none,none,A coluna legada vencimento alimenta due_date conforme o contrato atual validado.,rh-pessoal:tb_pessoal.ldd,03f7b060c512839b7521fe0dae32172110fcda12ea006a8080fd38eb3340e15b
tb_pessoal.obrigacoes,pessoal-obligation-insert,pessoal.obrigations,insert,adiantamento,advance,mapped,normalize_nullable_boolean,normalize_empty_to_null_or_quarantine_when_required,none,none,A coluna legada adiantamento alimenta advance conforme o contrato atual validado.,rh-pessoal:tb_pessoal.obrigacoes,3c225199d436a49e6bcc07f4e59a45737a53bbb57aef41cc9d38d130ee086323
tb_pessoal.obrigacoes,pessoal-obligation-insert,pessoal.obrigations,insert,bem_mais,bem_mais,mapped,normalize_nullable_boolean,normalize_empty_to_null_or_quarantine_when_required,none,none,A coluna legada bem_mais alimenta bem_mais conforme o contrato atual validado.,rh-pessoal:tb_pessoal.obrigacoes,3c225199d436a49e6bcc07f4e59a45737a53bbb57aef41cc9d38d130ee086323
tb_pessoal.obrigacoes,pessoal-obligation-insert,pessoal.obrigations,insert,bsf,bsf,mapped,normalize_nullable_boolean,normalize_empty_to_null_or_quarantine_when_required,none,none,A coluna legada bsf alimenta bsf conforme o contrato atual validado.,rh-pessoal:tb_pessoal.obrigacoes,3c225199d436a49e6bcc07f4e59a45737a53bbb57aef41cc9d38d130ee086323
tb_pessoal.obrigacoes,pessoal-obligation-insert,pessoal.obrigations,insert,cliente_id,client_id,mapped,resolve_client_reference,normalize_empty_to_null_or_quarantine_when_required,foreign_key,none,A referência legada é resolvida por vínculo explícito e falhas nunca fabricam entidade.,rh-pessoal:tb_pessoal.obrigacoes,3c225199d436a49e6bcc07f4e59a45737a53bbb57aef41cc9d38d130ee086323
tb_pessoal.obrigacoes,pessoal-obligation-insert,pessoal.obrigations,insert,comp,competence,mapped,normalize_required_text,normalize_empty_to_null_or_quarantine_when_required,none,none,A coluna legada comp alimenta competence conforme o contrato atual validado.,rh-pessoal:tb_pessoal.obrigacoes,3c225199d436a49e6bcc07f4e59a45737a53bbb57aef41cc9d38d130ee086323
tb_pessoal.obrigacoes,pessoal-obligation-insert,pessoal.obrigations,insert,encargos,charges,mapped,normalize_nullable_boolean,normalize_empty_to_null_or_quarantine_when_required,none,none,A coluna legada encargos alimenta charges conforme o contrato atual validado.,rh-pessoal:tb_pessoal.obrigacoes,3c225199d436a49e6bcc07f4e59a45737a53bbb57aef41cc9d38d130ee086323
tb_pessoal.obrigacoes,pessoal-obligation-insert,pessoal.obrigations,insert,folha,payroll,mapped,normalize_nullable_boolean,normalize_empty_to_null_or_quarantine_when_required,none,none,A coluna legada folha alimenta payroll conforme o contrato atual validado.,rh-pessoal:tb_pessoal.obrigacoes,3c225199d436a49e6bcc07f4e59a45737a53bbb57aef41cc9d38d130ee086323
tb_pessoal.obrigacoes,pessoal-obligation-insert,pessoal.obrigations,insert,id,id,mapped,uuid_v5_from_full_source_table_and_legacy_id,normalize_empty_to_null_or_quarantine_when_required,none,none,A coluna legada id alimenta id conforme o contrato atual validado.,rh-pessoal:tb_pessoal.obrigacoes,3c225199d436a49e6bcc07f4e59a45737a53bbb57aef41cc9d38d130ee086323
tb_pessoal.obrigacoes,pessoal-obligation-insert,pessoal.obrigations,insert,responsavel_id,responsavel_id,mapped,resolve_optional_user_reference,normalize_empty_to_null_or_quarantine_when_required,foreign_key,none,A referência legada é resolvida por vínculo explícito e falhas nunca fabricam entidade.,rh-pessoal:tb_pessoal.obrigacoes,3c225199d436a49e6bcc07f4e59a45737a53bbb57aef41cc9d38d130ee086323
tb_pessoal.obrigacoes,pessoal-obligation-insert,pessoal.obrigations,insert,taxa_assistencial,assistance_fee,mapped,normalize_nullable_boolean,normalize_empty_to_null_or_quarantine_when_required,none,none,A coluna legada taxa_assistencial alimenta assistance_fee conforme o contrato atual validado.,rh-pessoal:tb_pessoal.obrigacoes,3c225199d436a49e6bcc07f4e59a45737a53bbb57aef41cc9d38d130ee086323
tb_pessoal.obrigacoes,pessoal-obligation-insert,pessoal.obrigations,insert,va,va,mapped,normalize_nullable_boolean,normalize_empty_to_null_or_quarantine_when_required,none,none,A coluna legada va alimenta va conforme o contrato atual validado.,rh-pessoal:tb_pessoal.obrigacoes,3c225199d436a49e6bcc07f4e59a45737a53bbb57aef41cc9d38d130ee086323
tb_pessoal.obrigacoes,pessoal-obligation-insert,pessoal.obrigations,insert,vt,vt,mapped,normalize_nullable_boolean,normalize_empty_to_null_or_quarantine_when_required,none,none,A coluna legada vt alimenta vt conforme o contrato atual validado.,rh-pessoal:tb_pessoal.obrigacoes,3c225199d436a49e6bcc07f4e59a45737a53bbb57aef41cc9d38d130ee086323
tb_pessoal.sindicato,pessoal-union-insert,pessoal.union,insert,cnpj,cnpj,mapped,normalize_required_text,normalize_empty_to_null_or_quarantine_when_required,none,none,A coluna legada cnpj alimenta cnpj conforme o contrato atual validado.,rh-pessoal:tb_pessoal.sindicato,43b8450032e874b6ebbc6ecd48d45befed425299878fe4f89e0fe09dbac30ad1
tb_pessoal.sindicato,pessoal-union-insert,pessoal.union,insert,data_base,base_date,mapped,normalize_date,normalize_empty_to_null_or_quarantine_when_required,none,none,A coluna legada data_base alimenta base_date conforme o contrato atual validado.,rh-pessoal:tb_pessoal.sindicato,43b8450032e874b6ebbc6ecd48d45befed425299878fe4f89e0fe09dbac30ad1
tb_pessoal.sindicato,pessoal-union-insert,pessoal.union,insert,id,id,mapped,uuid_v5_from_full_source_table_and_legacy_id,normalize_empty_to_null_or_quarantine_when_required,none,none,A coluna legada id alimenta id conforme o contrato atual validado.,rh-pessoal:tb_pessoal.sindicato,43b8450032e874b6ebbc6ecd48d45befed425299878fe4f89e0fe09dbac30ad1
tb_pessoal.sindicato,pessoal-union-insert,pessoal.union,insert,nome,name,mapped,normalize_required_text,normalize_empty_to_null_or_quarantine_when_required,none,none,A coluna legada nome alimenta name conforme o contrato atual validado.,rh-pessoal:tb_pessoal.sindicato,43b8450032e874b6ebbc6ecd48d45befed425299878fe4f89e0fe09dbac30ad1
tb_regularize.alvaras,license-insert,regularize.license,insert,contato,contact,mapped,normalize_text,normalize_empty_to_null_or_quarantine_when_required,none,personal,Comportamento legado e contrato atual comprovam este mapeamento de coluna.,v2:tb_regularize.alvaras,7e55adece383efc4f51d440fab32b2cf1666beac9b91224e363cff38ca44c2ee
tb_regularize.alvaras,license-insert,regularize.license,insert,cpf_cnpj,client_id,mapped,lookup_client_by_document,normalize_empty_to_null_or_quarantine_when_required,foreign_key,personal,Comportamento legado e contrato atual comprovam este mapeamento de coluna.,v2:tb_regularize.alvaras,7e55adece383efc4f51d440fab32b2cf1666beac9b91224e363cff38ca44c2ee
tb_regularize.alvaras,license-insert,regularize.license,insert,data_de_entrada,entry_date,mapped,normalize_required_date,normalize_empty_to_null_or_quarantine_when_required,none,none,Comportamento legado e contrato atual comprovam este mapeamento de coluna.,v2:tb_regularize.alvaras,7e55adece383efc4f51d440fab32b2cf1666beac9b91224e363cff38ca44c2ee
tb_regularize.alvaras,license-insert,regularize.license,insert,data_ultima_consulta,date_last_consultation,mapped,normalize_date,normalize_empty_to_null_or_quarantine_when_required,none,none,Comportamento legado e contrato atual comprovam este mapeamento de coluna.,v2:tb_regularize.alvaras,7e55adece383efc4f51d440fab32b2cf1666beac9b91224e363cff38ca44c2ee
tb_regularize.alvaras,license-insert,regularize.license,insert,empresa,client_id,mapped,lookup_client_by_name_fallback,normalize_empty_to_null_or_quarantine_when_required,foreign_key,none,Comportamento legado e contrato atual comprovam este mapeamento de coluna.,v2:tb_regularize.alvaras,7e55adece383efc4f51d440fab32b2cf1666beac9b91224e363cff38ca44c2ee
tb_regularize.alvaras,license-insert,regularize.license,insert,id,id,mapped,uuid_v5,normalize_empty_to_null_or_quarantine_when_required,identity,none,Comportamento legado e contrato atual comprovam este mapeamento de coluna.,v2:tb_regularize.alvaras,7e55adece383efc4f51d440fab32b2cf1666beac9b91224e363cff38ca44c2ee
tb_regularize.alvaras,license-insert,regularize.license,insert,observacao,observation,mapped,normalize_text,normalize_empty_to_null_or_quarantine_when_required,none,none,Comportamento legado e contrato atual comprovam este mapeamento de coluna.,v2:tb_regularize.alvaras,7e55adece383efc4f51d440fab32b2cf1666beac9b91224e363cff38ca44c2ee
tb_regularize.alvaras,license-insert,regularize.license,insert,protocolo,protocol,mapped,normalize_text,normalize_empty_to_null_or_quarantine_when_required,none,none,Comportamento legado e contrato atual comprovam este mapeamento de coluna.,v2:tb_regularize.alvaras,7e55adece383efc4f51d440fab32b2cf1666beac9b91224e363cff38ca44c2ee
tb_regularize.alvaras,license-insert,regularize.license,insert,protocolo_arquivo,,not_preserved,discard_without_persisting_value,not_applicable,none,none,O arquivo de protocolo exige migração de storage e não possui coluna escalar equivalente em License.,v2:tb_regularize.alvaras,7e55adece383efc4f51d440fab32b2cf1666beac9b91224e363cff38ca44c2ee
tb_regularize.alvaras,license-insert,regularize.license,insert,responsavel,responsible_id,mapped,resolve_optional_user_reference,normalize_empty_to_null_or_quarantine_when_required,foreign_key,none,Comportamento legado e contrato atual comprovam este mapeamento de coluna.,v2:tb_regularize.alvaras,7e55adece383efc4f51d440fab32b2cf1666beac9b91224e363cff38ca44c2ee
tb_regularize.alvaras,license-insert,regularize.license,insert,situacao_atual,current_situation,mapped,normalize_text,normalize_empty_to_null_or_quarantine_when_required,none,none,Comportamento legado e contrato atual comprovam este mapeamento de coluna.,v2:tb_regularize.alvaras,7e55adece383efc4f51d440fab32b2cf1666beac9b91224e363cff38ca44c2ee
tb_regularize.alvaras,license-insert,regularize.license,insert,status,status,mapped,normalize_status,normalize_empty_to_null_or_quarantine_when_required,none,none,Comportamento legado e contrato atual comprovam este mapeamento de coluna.,v2:tb_regularize.alvaras,7e55adece383efc4f51d440fab32b2cf1666beac9b91224e363cff38ca44c2ee
tb_regularize.alvaras,license-insert,regularize.license,insert,tipo,type,mapped,normalize_text,normalize_empty_to_null_or_quarantine_when_required,none,none,Comportamento legado e contrato atual comprovam este mapeamento de coluna.,v2:tb_regularize.alvaras,7e55adece383efc4f51d440fab32b2cf1666beac9b91224e363cff38ca44c2ee
tb_regularize.alvaras,license-insert,regularize.license,insert,tipo_do_alvara,type_license,mapped,normalize_text,normalize_empty_to_null_or_quarantine_when_required,none,none,Comportamento legado e contrato atual comprovam este mapeamento de coluna.,v2:tb_regularize.alvaras,7e55adece383efc4f51d440fab32b2cf1666beac9b91224e363cff38ca44c2ee
tb_regularize.alvaras,license-insert,regularize.license,insert,urgencia,urgency,mapped,normalize_text,normalize_empty_to_null_or_quarantine_when_required,none,personal,Comportamento legado e contrato atual comprovam este mapeamento de coluna.,v2:tb_regularize.alvaras,7e55adece383efc4f51d440fab32b2cf1666beac9b91224e363cff38ca44c2ee
tb_regularize.clientes,regularize-client-insert,clients,insert,bairro,neighborhood,mapped,normalize_scalar,normalize_empty_to_null_or_quarantine_when_required,none,none,Comportamento legado e contrato atual comprovam este mapeamento de coluna.,v2:tb_regularize.clientes,8c5659dc4eff4e5a376bbab9a2064f03658d5a186939137a526c7e3411b7af3c
tb_regularize.clientes,regularize-client-insert,clients,insert,cep,cep,mapped,normalize_digits,normalize_empty_to_null_or_quarantine_when_required,none,personal,Comportamento legado e contrato atual comprovam este mapeamento de coluna.,v2:tb_regularize.clientes,8c5659dc4eff4e5a376bbab9a2064f03658d5a186939137a526c7e3411b7af3c
tb_regularize.clientes,regularize-client-insert,clients,insert,cliente_desde,customer_since,mapped,normalize_date,normalize_empty_to_null_or_quarantine_when_required,none,none,Comportamento legado e contrato atual comprovam este mapeamento de coluna.,v2:tb_regularize.clientes,8c5659dc4eff4e5a376bbab9a2064f03658d5a186939137a526c7e3411b7af3c
tb_regularize.clientes,regularize-client-insert,clients,insert,cliente_id,,not_preserved,discard_without_persisting_value,not_applicable,none,none,"Sem vínculo explícito válido, cliente_id não identifica outra entidade e não é persistido.",v2:tb_regularize.clientes,8c5659dc4eff4e5a376bbab9a2064f03658d5a186939137a526c7e3411b7af3c
tb_regularize.clientes,regularize-client-insert,clients,insert,cnae,cnae,mapped,normalize_digits,normalize_empty_to_null_or_quarantine_when_required,none,none,Comportamento legado e contrato atual comprovam este mapeamento de coluna.,v2:tb_regularize.clientes,8c5659dc4eff4e5a376bbab9a2064f03658d5a186939137a526c7e3411b7af3c
tb_regularize.clientes,regularize-client-insert,clients,insert,codigo,dominio_code,mapped,normalize_text,normalize_empty_to_null_or_quarantine_when_required,none,none,Comportamento legado e contrato atual comprovam este mapeamento de coluna.,v2:tb_regularize.clientes,8c5659dc4eff4e5a376bbab9a2064f03658d5a186939137a526c7e3411b7af3c
tb_regularize.clientes,regularize-client-insert,clients,insert,codigo,id,mapped,uuid_v5,normalize_empty_to_null_or_quarantine_when_required,identity,none,Comportamento legado e contrato atual comprovam este mapeamento de coluna.,v2:tb_regularize.clientes,8c5659dc4eff4e5a376bbab9a2064f03658d5a186939137a526c7e3411b7af3c
tb_regularize.clientes,regularize-client-insert,clients,insert,competencia_entrada,competence_entry,mapped,normalize_competence_date,normalize_empty_to_null_or_quarantine_when_required,none,none,Comportamento legado e contrato atual comprovam este mapeamento de coluna.,v2:tb_regularize.clientes,8c5659dc4eff4e5a376bbab9a2064f03658d5a186939137a526c7e3411b7af3c
tb_regularize.clientes,regularize-client-insert,clients,insert,competencia_saida,competence_output,mapped,normalize_competence_date,normalize_empty_to_null_or_quarantine_when_required,none,none,Comportamento legado e contrato atual comprovam este mapeamento de coluna.,v2:tb_regularize.clientes,8c5659dc4eff4e5a376bbab9a2064f03658d5a186939137a526c7e3411b7af3c
tb_regularize.clientes,regularize-client-insert,clients,insert,cpf_cnpj,cpf_cnpj,mapped,normalize_cpf_cnpj,normalize_empty_to_null_or_quarantine_when_required,none,personal,Comportamento legado e contrato atual comprovam este mapeamento de coluna.,v2:tb_regularize.clientes,8c5659dc4eff4e5a376bbab9a2064f03658d5a186939137a526c7e3411b7af3c
tb_regularize.clientes,regularize-client-insert,clients,insert,email,email,mapped,normalize_email,normalize_empty_to_null_or_quarantine_when_required,none,personal,Comportamento legado e contrato atual comprovam este mapeamento de coluna.,v2:tb_regularize.clientes,8c5659dc4eff4e5a376bbab9a2064f03658d5a186939137a526c7e3411b7af3c
tb_regularize.clientes,regularize-client-insert,clients,insert,endereco,address,mapped,normalize_text,normalize_empty_to_null_or_quarantine_when_required,none,personal,Comportamento legado e contrato atual comprovam este mapeamento de coluna.,v2:tb_regularize.clientes,8c5659dc4eff4e5a376bbab9a2064f03658d5a186939137a526c7e3411b7af3c
tb_regularize.clientes,regularize-client-insert,clients,insert,estado,state,mapped,normalize_scalar,normalize_empty_to_null_or_quarantine_when_required,none,none,Comportamento legado e contrato atual comprovam este mapeamento de coluna.,v2:tb_regularize.clientes,8c5659dc4eff4e5a376bbab9a2064f03658d5a186939137a526c7e3411b7af3c
tb_regularize.clientes,regularize-client-insert,clients,insert,fone,number,mapped,normalize_phone,normalize_empty_to_null_or_quarantine_when_required,none,personal,Comportamento legado e contrato atual comprovam este mapeamento de coluna.,v2:tb_regularize.clientes,8c5659dc4eff4e5a376bbab9a2064f03658d5a186939137a526c7e3411b7af3c
tb_regularize.clientes,regularize-client-insert,clients,insert,inscricao_estadual,state_registration,mapped,normalize_scalar,normalize_empty_to_null_or_quarantine_when_required,none,none,Comportamento legado e contrato atual comprovam este mapeamento de coluna.,v2:tb_regularize.clientes,8c5659dc4eff4e5a376bbab9a2064f03658d5a186939137a526c7e3411b7af3c
tb_regularize.clientes,regularize-client-insert,clients,insert,inscricao_junta_comercial,commercial_board_registration,mapped,normalize_scalar,normalize_empty_to_null_or_quarantine_when_required,none,none,Comportamento legado e contrato atual comprovam este mapeamento de coluna.,v2:tb_regularize.clientes,8c5659dc4eff4e5a376bbab9a2064f03658d5a186939137a526c7e3411b7af3c
tb_regularize.clientes,regularize-client-insert,clients,insert,inscricao_municipal,municipal_registration,mapped,normalize_scalar,normalize_empty_to_null_or_quarantine_when_required,none,none,Comportamento legado e contrato atual comprovam este mapeamento de coluna.,v2:tb_regularize.clientes,8c5659dc4eff4e5a376bbab9a2064f03658d5a186939137a526c7e3411b7af3c
tb_regularize.clientes,regularize-client-insert,clients,insert,municipio,city,mapped,normalize_scalar,normalize_empty_to_null_or_quarantine_when_required,none,none,Comportamento legado e contrato atual comprovam este mapeamento de coluna.,v2:tb_regularize.clientes,8c5659dc4eff4e5a376bbab9a2064f03658d5a186939137a526c7e3411b7af3c
tb_regularize.clientes,regularize-client-insert,clients,insert,nome,name,mapped,normalize_scalar,normalize_empty_to_null_or_quarantine_when_required,none,none,Comportamento legado e contrato atual comprovam este mapeamento de coluna.,v2:tb_regularize.clientes,8c5659dc4eff4e5a376bbab9a2064f03658d5a186939137a526c7e3411b7af3c
tb_regularize.clientes,regularize-client-insert,clients,insert,nome_fantasia,fantasy_name,mapped,normalize_scalar,normalize_empty_to_null_or_quarantine_when_required,none,none,Comportamento legado e contrato atual comprovam este mapeamento de coluna.,v2:tb_regularize.clientes,8c5659dc4eff4e5a376bbab9a2064f03658d5a186939137a526c7e3411b7af3c
tb_regularize.clientes,regularize-client-insert,clients,insert,razao_social,company_name,mapped,normalize_scalar,normalize_empty_to_null_or_quarantine_when_required,none,none,Comportamento legado e contrato atual comprovam este mapeamento de coluna.,v2:tb_regularize.clientes,8c5659dc4eff4e5a376bbab9a2064f03658d5a186939137a526c7e3411b7af3c
tb_regularize.clientes,regularize-client-insert,clients,insert,responsavel,responsible,mapped,normalize_text,normalize_empty_to_null_or_quarantine_when_required,none,personal,Comportamento legado e contrato atual comprovam este mapeamento de coluna.,v2:tb_regularize.clientes,8c5659dc4eff4e5a376bbab9a2064f03658d5a186939137a526c7e3411b7af3c
tb_regularize.clientes,regularize-client-insert,clients,insert,situacao,status,mapped,normalize_status,normalize_empty_to_null_or_quarantine_when_required,none,none,Comportamento legado e contrato atual comprovam este mapeamento de coluna.,v2:tb_regularize.clientes,8c5659dc4eff4e5a376bbab9a2064f03658d5a186939137a526c7e3411b7af3c
tb_regularize.clientes,regularize-client-merge,clients,merge,bairro,neighborhood,mapped,normalize_scalar,normalize_empty_to_null_or_quarantine_when_required,none,none,Comportamento legado e contrato atual comprovam este mapeamento de coluna.,v2:tb_regularize.clientes,c731e787b7a27cca269ef81a5f593346875b54ab5d70fa2c856806a18351d595
tb_regularize.clientes,regularize-client-merge,clients,merge,cep,cep,mapped,normalize_digits,normalize_empty_to_null_or_quarantine_when_required,none,personal,Comportamento legado e contrato atual comprovam este mapeamento de coluna.,v2:tb_regularize.clientes,c731e787b7a27cca269ef81a5f593346875b54ab5d70fa2c856806a18351d595
tb_regularize.clientes,regularize-client-merge,clients,merge,cliente_desde,customer_since,mapped,normalize_date,normalize_empty_to_null_or_quarantine_when_required,none,none,Comportamento legado e contrato atual comprovam este mapeamento de coluna.,v2:tb_regularize.clientes,c731e787b7a27cca269ef81a5f593346875b54ab5d70fa2c856806a18351d595
tb_regularize.clientes,regularize-client-merge,clients,merge,cliente_id,id,mapped,resolve_explicit_legacy_link,normalize_empty_to_null_or_quarantine_when_required,identity,none,Comportamento legado e contrato atual comprovam este mapeamento de coluna.,v2:tb_regularize.clientes,c731e787b7a27cca269ef81a5f593346875b54ab5d70fa2c856806a18351d595
tb_regularize.clientes,regularize-client-merge,clients,merge,cnae,cnae,mapped,normalize_digits,normalize_empty_to_null_or_quarantine_when_required,none,none,Comportamento legado e contrato atual comprovam este mapeamento de coluna.,v2:tb_regularize.clientes,c731e787b7a27cca269ef81a5f593346875b54ab5d70fa2c856806a18351d595
tb_regularize.clientes,regularize-client-merge,clients,merge,codigo,dominio_code,mapped,normalize_text,normalize_empty_to_null_or_quarantine_when_required,none,none,Comportamento legado e contrato atual comprovam este mapeamento de coluna.,v2:tb_regularize.clientes,c731e787b7a27cca269ef81a5f593346875b54ab5d70fa2c856806a18351d595
tb_regularize.clientes,regularize-client-merge,clients,merge,competencia_entrada,competence_entry,mapped,normalize_competence_date,normalize_empty_to_null_or_quarantine_when_required,none,none,Comportamento legado e contrato atual comprovam este mapeamento de coluna.,v2:tb_regularize.clientes,c731e787b7a27cca269ef81a5f593346875b54ab5d70fa2c856806a18351d595
tb_regularize.clientes,regularize-client-merge,clients,merge,competencia_saida,competence_output,mapped,normalize_competence_date,normalize_empty_to_null_or_quarantine_when_required,none,none,Comportamento legado e contrato atual comprovam este mapeamento de coluna.,v2:tb_regularize.clientes,c731e787b7a27cca269ef81a5f593346875b54ab5d70fa2c856806a18351d595
tb_regularize.clientes,regularize-client-merge,clients,merge,cpf_cnpj,cpf_cnpj,mapped,normalize_cpf_cnpj,normalize_empty_to_null_or_quarantine_when_required,none,personal,Comportamento legado e contrato atual comprovam este mapeamento de coluna.,v2:tb_regularize.clientes,c731e787b7a27cca269ef81a5f593346875b54ab5d70fa2c856806a18351d595
tb_regularize.clientes,regularize-client-merge,clients,merge,email,email,mapped,normalize_email,normalize_empty_to_null_or_quarantine_when_required,none,personal,Comportamento legado e contrato atual comprovam este mapeamento de coluna.,v2:tb_regularize.clientes,c731e787b7a27cca269ef81a5f593346875b54ab5d70fa2c856806a18351d595
tb_regularize.clientes,regularize-client-merge,clients,merge,endereco,address,mapped,normalize_text,normalize_empty_to_null_or_quarantine_when_required,none,personal,Comportamento legado e contrato atual comprovam este mapeamento de coluna.,v2:tb_regularize.clientes,c731e787b7a27cca269ef81a5f593346875b54ab5d70fa2c856806a18351d595
tb_regularize.clientes,regularize-client-merge,clients,merge,estado,state,mapped,normalize_scalar,normalize_empty_to_null_or_quarantine_when_required,none,none,Comportamento legado e contrato atual comprovam este mapeamento de coluna.,v2:tb_regularize.clientes,c731e787b7a27cca269ef81a5f593346875b54ab5d70fa2c856806a18351d595
tb_regularize.clientes,regularize-client-merge,clients,merge,fone,number,mapped,normalize_phone,normalize_empty_to_null_or_quarantine_when_required,none,personal,Comportamento legado e contrato atual comprovam este mapeamento de coluna.,v2:tb_regularize.clientes,c731e787b7a27cca269ef81a5f593346875b54ab5d70fa2c856806a18351d595
tb_regularize.clientes,regularize-client-merge,clients,merge,inscricao_estadual,state_registration,mapped,normalize_scalar,normalize_empty_to_null_or_quarantine_when_required,none,none,Comportamento legado e contrato atual comprovam este mapeamento de coluna.,v2:tb_regularize.clientes,c731e787b7a27cca269ef81a5f593346875b54ab5d70fa2c856806a18351d595
tb_regularize.clientes,regularize-client-merge,clients,merge,inscricao_junta_comercial,commercial_board_registration,mapped,normalize_scalar,normalize_empty_to_null_or_quarantine_when_required,none,none,Comportamento legado e contrato atual comprovam este mapeamento de coluna.,v2:tb_regularize.clientes,c731e787b7a27cca269ef81a5f593346875b54ab5d70fa2c856806a18351d595
tb_regularize.clientes,regularize-client-merge,clients,merge,inscricao_municipal,municipal_registration,mapped,normalize_scalar,normalize_empty_to_null_or_quarantine_when_required,none,none,Comportamento legado e contrato atual comprovam este mapeamento de coluna.,v2:tb_regularize.clientes,c731e787b7a27cca269ef81a5f593346875b54ab5d70fa2c856806a18351d595
tb_regularize.clientes,regularize-client-merge,clients,merge,municipio,city,mapped,normalize_scalar,normalize_empty_to_null_or_quarantine_when_required,none,none,Comportamento legado e contrato atual comprovam este mapeamento de coluna.,v2:tb_regularize.clientes,c731e787b7a27cca269ef81a5f593346875b54ab5d70fa2c856806a18351d595
tb_regularize.clientes,regularize-client-merge,clients,merge,nome,name,mapped,normalize_scalar,normalize_empty_to_null_or_quarantine_when_required,none,none,Comportamento legado e contrato atual comprovam este mapeamento de coluna.,v2:tb_regularize.clientes,c731e787b7a27cca269ef81a5f593346875b54ab5d70fa2c856806a18351d595
tb_regularize.clientes,regularize-client-merge,clients,merge,nome_fantasia,fantasy_name,mapped,normalize_scalar,normalize_empty_to_null_or_quarantine_when_required,none,none,Comportamento legado e contrato atual comprovam este mapeamento de coluna.,v2:tb_regularize.clientes,c731e787b7a27cca269ef81a5f593346875b54ab5d70fa2c856806a18351d595
tb_regularize.clientes,regularize-client-merge,clients,merge,razao_social,company_name,mapped,normalize_scalar,normalize_empty_to_null_or_quarantine_when_required,none,none,Comportamento legado e contrato atual comprovam este mapeamento de coluna.,v2:tb_regularize.clientes,c731e787b7a27cca269ef81a5f593346875b54ab5d70fa2c856806a18351d595
tb_regularize.clientes,regularize-client-merge,clients,merge,responsavel,responsible,mapped,normalize_text,normalize_empty_to_null_or_quarantine_when_required,none,personal,Comportamento legado e contrato atual comprovam este mapeamento de coluna.,v2:tb_regularize.clientes,c731e787b7a27cca269ef81a5f593346875b54ab5d70fa2c856806a18351d595
tb_regularize.clientes,regularize-client-merge,clients,merge,situacao,status,mapped,normalize_status,normalize_empty_to_null_or_quarantine_when_required,none,none,Comportamento legado e contrato atual comprovam este mapeamento de coluna.,v2:tb_regularize.clientes,c731e787b7a27cca269ef81a5f593346875b54ab5d70fa2c856806a18351d595
tb_regularize.clientes_senhas,credential-site-bacen,regularize.passowordsSites,derived,,id,mapped,uuid_v5_credential_site,normalize_empty_to_null_or_quarantine_when_required,identity,none,Comportamento legado e contrato atual comprovam este mapeamento de coluna.,v2:tb_regularize.clientes_senhas,ffb2c7bb939bf5cb51d6bc73eb84ea1cd40f5b8a24a49cfdb20e5771fc61d45a
tb_regularize.clientes_senhas,credential-site-gov-br,regularize.passowordsSites,derived,,id,mapped,uuid_v5_credential_site,normalize_empty_to_null_or_quarantine_when_required,identity,none,Comportamento legado e contrato atual comprovam este mapeamento de coluna.,v2:tb_regularize.clientes_senhas,641064345c169917e3e33da70ce7505c2b18f61bd4ded772d18cbd1384fec35d
tb_regularize.clientes_senhas,credential-site-mei,regularize.passowordsSites,derived,,id,mapped,uuid_v5_credential_site,normalize_empty_to_null_or_quarantine_when_required,identity,none,Comportamento legado e contrato atual comprovam este mapeamento de coluna.,v2:tb_regularize.clientes_senhas,b1b67d359e38a1b414309d53d90763f54727ba8954970d4293f8a599fddf1403
tb_regularize.clientes_senhas,credential-site-regularize,regularize.passowordsSites,derived,,id,mapped,uuid_v5_credential_site,normalize_empty_to_null_or_quarantine_when_required,identity,none,Comportamento legado e contrato atual comprovam este mapeamento de coluna.,v2:tb_regularize.clientes_senhas,895715acd0b9f528f9b538a2cdf9788dff0d804c27e1d4753679e95fc9e15d79
tb_regularize.clientes_senhas,credential-site-sefaz,regularize.passowordsSites,derived,,id,mapped,uuid_v5_credential_site,normalize_empty_to_null_or_quarantine_when_required,identity,none,Comportamento legado e contrato atual comprovam este mapeamento de coluna.,v2:tb_regularize.clientes_senhas,7e0f320f80fa20c8a48110e8797fd58baeb9a18901e3a687d64f493e79b43243
tb_regularize.clientes_senhas,credential-site-seifsa,regularize.passowordsSites,derived,,id,mapped,uuid_v5_credential_site,normalize_empty_to_null_or_quarantine_when_required,identity,none,Comportamento legado e contrato atual comprovam este mapeamento de coluna.,v2:tb_regularize.clientes_senhas,517bc017d7336958f49bb1650679d1fc6b01339b30e73cd5b34156942b264a33
tb_regularize.clientes_senhas,credential-site-simples,regularize.passowordsSites,derived,,id,mapped,uuid_v5_credential_site,normalize_empty_to_null_or_quarantine_when_required,identity,none,Comportamento legado e contrato atual comprovam este mapeamento de coluna.,v2:tb_regularize.clientes_senhas,264127fa9389b418aaeb47db294cc6c7958b8ad8f8b88e28ac68d42bc8767f9e
tb_regularize.clientes_senhas,credential-site-webiss-cpf,regularize.passowordsSites,derived,,id,mapped,uuid_v5_credential_site,normalize_empty_to_null_or_quarantine_when_required,identity,none,Comportamento legado e contrato atual comprovam este mapeamento de coluna.,v2:tb_regularize.clientes_senhas,71bdc5854a6bb3dfed71bf2d2dcb738e453f6bcf2d86d742871fa6990057d412
tb_regularize.clientes_senhas,credential-site-webiss-master,regularize.passowordsSites,derived,,id,mapped,uuid_v5_credential_site,normalize_empty_to_null_or_quarantine_when_required,identity,none,Comportamento legado e contrato atual comprovam este mapeamento de coluna.,v2:tb_regularize.clientes_senhas,e028a504e97b9f8485ff58ecdacbd995268930826defc21a97b46d9da554bbbe
tb_regularize.clientes_senhas,credential-slot-bacen,regularize.passwordsRegularize,insert,,notes,mapped,credential_slot_audit_note,normalize_empty_to_null_or_quarantine_when_required,none,none,Comportamento legado e contrato atual comprovam este mapeamento de coluna.,v2:tb_regularize.clientes_senhas,8ec75151840ff142f318e1278c14eba406bcb604d63a3dca79d7d9f2d432e48a
tb_regularize.clientes_senhas,credential-slot-bacen,regularize.passwordsRegularize,insert,,site_id,mapped,resolve_credential_site,normalize_empty_to_null_or_quarantine_when_required,foreign_key,none,Comportamento legado e contrato atual comprovam este mapeamento de coluna.,v2:tb_regularize.clientes_senhas,8ec75151840ff142f318e1278c14eba406bcb604d63a3dca79d7d9f2d432e48a
tb_regularize.clientes_senhas,credential-slot-bacen,regularize.passwordsRegularize,insert,bacen_senha,password,mapped,encrypt_credential,normalize_empty_to_null_or_quarantine_when_required,none,credential,Senha do slot lógico Bacen exige criptografia do contrato atual.,v2:tb_regularize.clientes_senhas,8ec75151840ff142f318e1278c14eba406bcb604d63a3dca79d7d9f2d432e48a
tb_regularize.clientes_senhas,credential-slot-bacen,regularize.passwordsRegularize,insert,bacen_usuario,login,mapped,encrypt_credential,normalize_empty_to_null_or_quarantine_when_required,none,credential,Login do slot lógico Bacen exige criptografia do contrato atual.,v2:tb_regularize.clientes_senhas,8ec75151840ff142f318e1278c14eba406bcb604d63a3dca79d7d9f2d432e48a
tb_regularize.clientes_senhas,credential-slot-bacen,regularize.passwordsRegularize,insert,empresa,client_id,mapped,resolve_regularize_client_reference,normalize_empty_to_null_or_quarantine_when_required,foreign_key,none,Comportamento legado e contrato atual comprovam este mapeamento de coluna.,v2:tb_regularize.clientes_senhas,8ec75151840ff142f318e1278c14eba406bcb604d63a3dca79d7d9f2d432e48a
tb_regularize.clientes_senhas,credential-slot-bacen,regularize.passwordsRegularize,insert,id,id,mapped,uuid_v5_per_credential_slot,normalize_empty_to_null_or_quarantine_when_required,identity,none,Comportamento legado e contrato atual comprovam este mapeamento de coluna.,v2:tb_regularize.clientes_senhas,8ec75151840ff142f318e1278c14eba406bcb604d63a3dca79d7d9f2d432e48a
tb_regularize.clientes_senhas,credential-slot-gov-br,regularize.passwordsRegularize,insert,,notes,mapped,credential_slot_audit_note,normalize_empty_to_null_or_quarantine_when_required,none,none,Comportamento legado e contrato atual comprovam este mapeamento de coluna.,v2:tb_regularize.clientes_senhas,2ffa2ff30721644581de46e7c92eabb7df7ed404588cbb7c68a00cfd680b6d7a
tb_regularize.clientes_senhas,credential-slot-gov-br,regularize.passwordsRegularize,insert,,site_id,mapped,resolve_credential_site,normalize_empty_to_null_or_quarantine_when_required,foreign_key,none,Comportamento legado e contrato atual comprovam este mapeamento de coluna.,v2:tb_regularize.clientes_senhas,2ffa2ff30721644581de46e7c92eabb7df7ed404588cbb7c68a00cfd680b6d7a
tb_regularize.clientes_senhas,credential-slot-gov-br,regularize.passwordsRegularize,insert,certificado_pf,,not_preserved,discard_without_persisting_value,not_applicable,none,secret,"Certificado PF é artefato criptográfico, não uma senha de site, e exige fluxo próprio de storage.",v2:tb_regularize.clientes_senhas,2ffa2ff30721644581de46e7c92eabb7df7ed404588cbb7c68a00cfd680b6d7a
tb_regularize.clientes_senhas,credential-slot-gov-br,regularize.passwordsRegularize,insert,certificado_pj,,not_preserved,discard_without_persisting_value,not_applicable,none,secret,"Certificado PJ é artefato criptográfico, não uma senha de site, e exige fluxo próprio de storage.",v2:tb_regularize.clientes_senhas,2ffa2ff30721644581de46e7c92eabb7df7ed404588cbb7c68a00cfd680b6d7a
tb_regularize.clientes_senhas,credential-slot-gov-br,regularize.passwordsRegularize,insert,empresa,client_id,mapped,resolve_regularize_client_reference,normalize_empty_to_null_or_quarantine_when_required,foreign_key,none,Comportamento legado e contrato atual comprovam este mapeamento de coluna.,v2:tb_regularize.clientes_senhas,2ffa2ff30721644581de46e7c92eabb7df7ed404588cbb7c68a00cfd680b6d7a
tb_regularize.clientes_senhas,credential-slot-gov-br,regularize.passwordsRegularize,insert,gov,password,mapped,encrypt_credential,normalize_empty_to_null_or_quarantine_when_required,none,credential,Senha do slot lógico Gov.br exige criptografia do contrato atual.,v2:tb_regularize.clientes_senhas,2ffa2ff30721644581de46e7c92eabb7df7ed404588cbb7c68a00cfd680b6d7a
tb_regularize.clientes_senhas,credential-slot-gov-br,regularize.passwordsRegularize,insert,id,id,mapped,uuid_v5_per_credential_slot,normalize_empty_to_null_or_quarantine_when_required,identity,none,Comportamento legado e contrato atual comprovam este mapeamento de coluna.,v2:tb_regularize.clientes_senhas,2ffa2ff30721644581de46e7c92eabb7df7ed404588cbb7c68a00cfd680b6d7a
tb_regularize.clientes_senhas,credential-slot-gov-br,regularize.passwordsRegularize,insert,responsavel,login,mapped,encrypt_credential,normalize_empty_to_null_or_quarantine_when_required,none,credential,Login do slot lógico Gov.br exige criptografia do contrato atual.,v2:tb_regularize.clientes_senhas,2ffa2ff30721644581de46e7c92eabb7df7ed404588cbb7c68a00cfd680b6d7a
tb_regularize.clientes_senhas,credential-slot-mei,regularize.passwordsRegularize,insert,,notes,mapped,credential_slot_audit_note,normalize_empty_to_null_or_quarantine_when_required,none,none,Comportamento legado e contrato atual comprovam este mapeamento de coluna.,v2:tb_regularize.clientes_senhas,ee2cd33074cce70f0a274575be8eef098f2cdebef52a0111b31543a3c85d552e
tb_regularize.clientes_senhas,credential-slot-mei,regularize.passwordsRegularize,insert,,site_id,mapped,resolve_credential_site,normalize_empty_to_null_or_quarantine_when_required,foreign_key,none,Comportamento legado e contrato atual comprovam este mapeamento de coluna.,v2:tb_regularize.clientes_senhas,ee2cd33074cce70f0a274575be8eef098f2cdebef52a0111b31543a3c85d552e
tb_regularize.clientes_senhas,credential-slot-mei,regularize.passwordsRegularize,insert,MEI,password,mapped,encrypt_credential,normalize_empty_to_null_or_quarantine_when_required,none,credential,Senha do slot lógico MEI exige criptografia do contrato atual.,v2:tb_regularize.clientes_senhas,ee2cd33074cce70f0a274575be8eef098f2cdebef52a0111b31543a3c85d552e
tb_regularize.clientes_senhas,credential-slot-mei,regularize.passwordsRegularize,insert,empresa,client_id,mapped,resolve_regularize_client_reference,normalize_empty_to_null_or_quarantine_when_required,foreign_key,none,Comportamento legado e contrato atual comprovam este mapeamento de coluna.,v2:tb_regularize.clientes_senhas,ee2cd33074cce70f0a274575be8eef098f2cdebef52a0111b31543a3c85d552e
tb_regularize.clientes_senhas,credential-slot-mei,regularize.passwordsRegularize,insert,id,id,mapped,uuid_v5_per_credential_slot,normalize_empty_to_null_or_quarantine_when_required,identity,none,Comportamento legado e contrato atual comprovam este mapeamento de coluna.,v2:tb_regularize.clientes_senhas,ee2cd33074cce70f0a274575be8eef098f2cdebef52a0111b31543a3c85d552e
tb_regularize.clientes_senhas,credential-slot-mei,regularize.passwordsRegularize,insert,responsavel,login,mapped,encrypt_credential,normalize_empty_to_null_or_quarantine_when_required,none,credential,Login do slot lógico MEI exige criptografia do contrato atual.,v2:tb_regularize.clientes_senhas,ee2cd33074cce70f0a274575be8eef098f2cdebef52a0111b31543a3c85d552e
tb_regularize.clientes_senhas,credential-slot-regularize,regularize.passwordsRegularize,insert,,notes,mapped,credential_slot_audit_note,normalize_empty_to_null_or_quarantine_when_required,none,none,Comportamento legado e contrato atual comprovam este mapeamento de coluna.,v2:tb_regularize.clientes_senhas,758e53067b4b540d69b25efd761923d1334612faa319318827d8de8157325da0
tb_regularize.clientes_senhas,credential-slot-regularize,regularize.passwordsRegularize,insert,,site_id,mapped,resolve_credential_site,normalize_empty_to_null_or_quarantine_when_required,foreign_key,none,Comportamento legado e contrato atual comprovam este mapeamento de coluna.,v2:tb_regularize.clientes_senhas,758e53067b4b540d69b25efd761923d1334612faa319318827d8de8157325da0
tb_regularize.clientes_senhas,credential-slot-regularize,regularize.passwordsRegularize,insert,empresa,client_id,mapped,resolve_regularize_client_reference,normalize_empty_to_null_or_quarantine_when_required,foreign_key,none,Comportamento legado e contrato atual comprovam este mapeamento de coluna.,v2:tb_regularize.clientes_senhas,758e53067b4b540d69b25efd761923d1334612faa319318827d8de8157325da0
tb_regularize.clientes_senhas,credential-slot-regularize,regularize.passwordsRegularize,insert,id,id,mapped,uuid_v5_per_credential_slot,normalize_empty_to_null_or_quarantine_when_required,identity,none,Comportamento legado e contrato atual comprovam este mapeamento de coluna.,v2:tb_regularize.clientes_senhas,758e53067b4b540d69b25efd761923d1334612faa319318827d8de8157325da0
tb_regularize.clientes_senhas,credential-slot-regularize,regularize.passwordsRegularize,insert,regularize,password,mapped,encrypt_credential,normalize_empty_to_null_or_quarantine_when_required,none,credential,Senha do slot lógico Regularize exige criptografia do contrato atual.,v2:tb_regularize.clientes_senhas,758e53067b4b540d69b25efd761923d1334612faa319318827d8de8157325da0
tb_regularize.clientes_senhas,credential-slot-regularize,regularize.passwordsRegularize,insert,responsavel,login,mapped,encrypt_credential,normalize_empty_to_null_or_quarantine_when_required,none,credential,Login do slot lógico Regularize exige criptografia do contrato atual.,v2:tb_regularize.clientes_senhas,758e53067b4b540d69b25efd761923d1334612faa319318827d8de8157325da0
tb_regularize.clientes_senhas,credential-slot-sefaz,regularize.passwordsRegularize,insert,,notes,mapped,credential_slot_audit_note,normalize_empty_to_null_or_quarantine_when_required,none,none,Comportamento legado e contrato atual comprovam este mapeamento de coluna.,v2:tb_regularize.clientes_senhas,6473985d3a8b0cff93bc24e4c8020b135c6224541d2c812fabc56de99c091abe
tb_regularize.clientes_senhas,credential-slot-sefaz,regularize.passwordsRegularize,insert,,site_id,mapped,resolve_credential_site,normalize_empty_to_null_or_quarantine_when_required,foreign_key,none,Comportamento legado e contrato atual comprovam este mapeamento de coluna.,v2:tb_regularize.clientes_senhas,6473985d3a8b0cff93bc24e4c8020b135c6224541d2c812fabc56de99c091abe
tb_regularize.clientes_senhas,credential-slot-sefaz,regularize.passwordsRegularize,insert,empresa,client_id,mapped,resolve_regularize_client_reference,normalize_empty_to_null_or_quarantine_when_required,foreign_key,none,Comportamento legado e contrato atual comprovam este mapeamento de coluna.,v2:tb_regularize.clientes_senhas,6473985d3a8b0cff93bc24e4c8020b135c6224541d2c812fabc56de99c091abe
tb_regularize.clientes_senhas,credential-slot-sefaz,regularize.passwordsRegularize,insert,id,id,mapped,uuid_v5_per_credential_slot,normalize_empty_to_null_or_quarantine_when_required,identity,none,Comportamento legado e contrato atual comprovam este mapeamento de coluna.,v2:tb_regularize.clientes_senhas,6473985d3a8b0cff93bc24e4c8020b135c6224541d2c812fabc56de99c091abe
tb_regularize.clientes_senhas,credential-slot-sefaz,regularize.passwordsRegularize,insert,inscricao_estadual,login,mapped,encrypt_credential,normalize_empty_to_null_or_quarantine_when_required,none,credential,Login do slot lógico SEFAZ exige criptografia do contrato atual.,v2:tb_regularize.clientes_senhas,6473985d3a8b0cff93bc24e4c8020b135c6224541d2c812fabc56de99c091abe
tb_regularize.clientes_senhas,credential-slot-sefaz,regularize.passwordsRegularize,insert,sefaz,password,mapped,encrypt_credential,normalize_empty_to_null_or_quarantine_when_required,none,credential,Senha do slot lógico SEFAZ exige criptografia do contrato atual.,v2:tb_regularize.clientes_senhas,6473985d3a8b0cff93bc24e4c8020b135c6224541d2c812fabc56de99c091abe
tb_regularize.clientes_senhas,credential-slot-seifsa,regularize.passwordsRegularize,insert,,notes,mapped,credential_slot_audit_note,normalize_empty_to_null_or_quarantine_when_required,none,none,Comportamento legado e contrato atual comprovam este mapeamento de coluna.,v2:tb_regularize.clientes_senhas,ec68440f4a700753179e4269ed19fa2450db77114007348964c93a6873ea3788
tb_regularize.clientes_senhas,credential-slot-seifsa,regularize.passwordsRegularize,insert,,site_id,mapped,resolve_credential_site,normalize_empty_to_null_or_quarantine_when_required,foreign_key,none,Comportamento legado e contrato atual comprovam este mapeamento de coluna.,v2:tb_regularize.clientes_senhas,ec68440f4a700753179e4269ed19fa2450db77114007348964c93a6873ea3788
tb_regularize.clientes_senhas,credential-slot-seifsa,regularize.passwordsRegularize,insert,empresa,client_id,mapped,resolve_regularize_client_reference,normalize_empty_to_null_or_quarantine_when_required,foreign_key,none,Comportamento legado e contrato atual comprovam este mapeamento de coluna.,v2:tb_regularize.clientes_senhas,ec68440f4a700753179e4269ed19fa2450db77114007348964c93a6873ea3788
tb_regularize.clientes_senhas,credential-slot-seifsa,regularize.passwordsRegularize,insert,id,id,mapped,uuid_v5_per_credential_slot,normalize_empty_to_null_or_quarantine_when_required,identity,none,Comportamento legado e contrato atual comprovam este mapeamento de coluna.,v2:tb_regularize.clientes_senhas,ec68440f4a700753179e4269ed19fa2450db77114007348964c93a6873ea3788
tb_regularize.clientes_senhas,credential-slot-seifsa,regularize.passwordsRegularize,insert,seifsa_senha,password,mapped,encrypt_credential,normalize_empty_to_null_or_quarantine_when_required,none,credential,Senha do slot lógico SEIFSA exige criptografia do contrato atual.,v2:tb_regularize.clientes_senhas,ec68440f4a700753179e4269ed19fa2450db77114007348964c93a6873ea3788
tb_regularize.clientes_senhas,credential-slot-seifsa,regularize.passwordsRegularize,insert,seifsa_usuario,login,mapped,encrypt_credential,normalize_empty_to_null_or_quarantine_when_required,none,credential,Login do slot lógico SEIFSA exige criptografia do contrato atual.,v2:tb_regularize.clientes_senhas,ec68440f4a700753179e4269ed19fa2450db77114007348964c93a6873ea3788
tb_regularize.clientes_senhas,credential-slot-simples,regularize.passwordsRegularize,insert,,notes,mapped,credential_slot_audit_note,normalize_empty_to_null_or_quarantine_when_required,none,none,Comportamento legado e contrato atual comprovam este mapeamento de coluna.,v2:tb_regularize.clientes_senhas,d7249ae9df3f571b9236b49eace33f1263568609e6ed25a64f3daab0721a30d7
tb_regularize.clientes_senhas,credential-slot-simples,regularize.passwordsRegularize,insert,,site_id,mapped,resolve_credential_site,normalize_empty_to_null_or_quarantine_when_required,foreign_key,none,Comportamento legado e contrato atual comprovam este mapeamento de coluna.,v2:tb_regularize.clientes_senhas,d7249ae9df3f571b9236b49eace33f1263568609e6ed25a64f3daab0721a30d7
tb_regularize.clientes_senhas,credential-slot-simples,regularize.passwordsRegularize,insert,acesso_simples,password,mapped,encrypt_credential,normalize_empty_to_null_or_quarantine_when_required,none,credential,Senha do slot lógico Simples exige criptografia do contrato atual.,v2:tb_regularize.clientes_senhas,d7249ae9df3f571b9236b49eace33f1263568609e6ed25a64f3daab0721a30d7
tb_regularize.clientes_senhas,credential-slot-simples,regularize.passwordsRegularize,insert,empresa,client_id,mapped,resolve_regularize_client_reference,normalize_empty_to_null_or_quarantine_when_required,foreign_key,none,Comportamento legado e contrato atual comprovam este mapeamento de coluna.,v2:tb_regularize.clientes_senhas,d7249ae9df3f571b9236b49eace33f1263568609e6ed25a64f3daab0721a30d7
tb_regularize.clientes_senhas,credential-slot-simples,regularize.passwordsRegularize,insert,id,id,mapped,uuid_v5_per_credential_slot,normalize_empty_to_null_or_quarantine_when_required,identity,none,Comportamento legado e contrato atual comprovam este mapeamento de coluna.,v2:tb_regularize.clientes_senhas,d7249ae9df3f571b9236b49eace33f1263568609e6ed25a64f3daab0721a30d7
tb_regularize.clientes_senhas,credential-slot-simples,regularize.passwordsRegularize,insert,responsavel,login,mapped,encrypt_credential,normalize_empty_to_null_or_quarantine_when_required,none,credential,Login do slot lógico Simples exige criptografia do contrato atual.,v2:tb_regularize.clientes_senhas,d7249ae9df3f571b9236b49eace33f1263568609e6ed25a64f3daab0721a30d7
tb_regularize.clientes_senhas,credential-slot-webiss-cpf-1,regularize.passwordsRegularize,insert,,notes,mapped,credential_slot_audit_note,normalize_empty_to_null_or_quarantine_when_required,none,none,Comportamento legado e contrato atual comprovam este mapeamento de coluna.,v2:tb_regularize.clientes_senhas,a7361c91ee079023f04f72c205c4dd26e47000154cae811d6e5849cc7a336f03
tb_regularize.clientes_senhas,credential-slot-webiss-cpf-1,regularize.passwordsRegularize,insert,,site_id,mapped,resolve_credential_site,normalize_empty_to_null_or_quarantine_when_required,foreign_key,none,Comportamento legado e contrato atual comprovam este mapeamento de coluna.,v2:tb_regularize.clientes_senhas,a7361c91ee079023f04f72c205c4dd26e47000154cae811d6e5849cc7a336f03
tb_regularize.clientes_senhas,credential-slot-webiss-cpf-1,regularize.passwordsRegularize,insert,empresa,client_id,mapped,resolve_regularize_client_reference,normalize_empty_to_null_or_quarantine_when_required,foreign_key,none,Comportamento legado e contrato atual comprovam este mapeamento de coluna.,v2:tb_regularize.clientes_senhas,a7361c91ee079023f04f72c205c4dd26e47000154cae811d6e5849cc7a336f03
tb_regularize.clientes_senhas,credential-slot-webiss-cpf-1,regularize.passwordsRegularize,insert,id,id,mapped,uuid_v5_per_credential_slot,normalize_empty_to_null_or_quarantine_when_required,identity,none,Comportamento legado e contrato atual comprovam este mapeamento de coluna.,v2:tb_regularize.clientes_senhas,a7361c91ee079023f04f72c205c4dd26e47000154cae811d6e5849cc7a336f03
tb_regularize.clientes_senhas,credential-slot-webiss-cpf-1,regularize.passwordsRegularize,insert,webiss_cpf,password,mapped,encrypt_credential,normalize_empty_to_null_or_quarantine_when_required,none,credential,Senha do slot lógico WebISS CPF exige criptografia do contrato atual.,v2:tb_regularize.clientes_senhas,a7361c91ee079023f04f72c205c4dd26e47000154cae811d6e5849cc7a336f03
tb_regularize.clientes_senhas,credential-slot-webiss-cpf-1,regularize.passwordsRegularize,insert,webiss_usuario_cpf,login,mapped,encrypt_credential,normalize_empty_to_null_or_quarantine_when_required,none,credential,Login do slot lógico WebISS CPF exige criptografia do contrato atual.,v2:tb_regularize.clientes_senhas,a7361c91ee079023f04f72c205c4dd26e47000154cae811d6e5849cc7a336f03
tb_regularize.clientes_senhas,credential-slot-webiss-cpf-2,regularize.passwordsRegularize,insert,,notes,mapped,credential_slot_audit_note,normalize_empty_to_null_or_quarantine_when_required,none,none,Comportamento legado e contrato atual comprovam este mapeamento de coluna.,v2:tb_regularize.clientes_senhas,4df491480df5002823df0f4b5fe37be8bee9efaa858878cdf605b2da4b7d2318
tb_regularize.clientes_senhas,credential-slot-webiss-cpf-2,regularize.passwordsRegularize,insert,,site_id,mapped,resolve_credential_site,normalize_empty_to_null_or_quarantine_when_required,foreign_key,none,Comportamento legado e contrato atual comprovam este mapeamento de coluna.,v2:tb_regularize.clientes_senhas,4df491480df5002823df0f4b5fe37be8bee9efaa858878cdf605b2da4b7d2318
tb_regularize.clientes_senhas,credential-slot-webiss-cpf-2,regularize.passwordsRegularize,insert,empresa,client_id,mapped,resolve_regularize_client_reference,normalize_empty_to_null_or_quarantine_when_required,foreign_key,none,Comportamento legado e contrato atual comprovam este mapeamento de coluna.,v2:tb_regularize.clientes_senhas,4df491480df5002823df0f4b5fe37be8bee9efaa858878cdf605b2da4b7d2318
tb_regularize.clientes_senhas,credential-slot-webiss-cpf-2,regularize.passwordsRegularize,insert,id,id,mapped,uuid_v5_per_credential_slot,normalize_empty_to_null_or_quarantine_when_required,identity,none,Comportamento legado e contrato atual comprovam este mapeamento de coluna.,v2:tb_regularize.clientes_senhas,4df491480df5002823df0f4b5fe37be8bee9efaa858878cdf605b2da4b7d2318
tb_regularize.clientes_senhas,credential-slot-webiss-cpf-2,regularize.passwordsRegularize,insert,webiss_cpf_dois,password,mapped,encrypt_credential,normalize_empty_to_null_or_quarantine_when_required,none,credential,Senha do slot lógico WebISS CPF exige criptografia do contrato atual.,v2:tb_regularize.clientes_senhas,4df491480df5002823df0f4b5fe37be8bee9efaa858878cdf605b2da4b7d2318
tb_regularize.clientes_senhas,credential-slot-webiss-cpf-2,regularize.passwordsRegularize,insert,webiss_usuario_cpf_dois,login,mapped,encrypt_credential,normalize_empty_to_null_or_quarantine_when_required,none,credential,Login do slot lógico WebISS CPF exige criptografia do contrato atual.,v2:tb_regularize.clientes_senhas,4df491480df5002823df0f4b5fe37be8bee9efaa858878cdf605b2da4b7d2318
tb_regularize.clientes_senhas,credential-slot-webiss-master,regularize.passwordsRegularize,insert,,notes,mapped,credential_slot_audit_note,normalize_empty_to_null_or_quarantine_when_required,none,none,Comportamento legado e contrato atual comprovam este mapeamento de coluna.,v2:tb_regularize.clientes_senhas,9307f24a92a56ccb27337fae06e1c5189a9d3575d6b0356ddcddef04732be241
tb_regularize.clientes_senhas,credential-slot-webiss-master,regularize.passwordsRegularize,insert,,site_id,mapped,resolve_credential_site,normalize_empty_to_null_or_quarantine_when_required,foreign_key,none,Comportamento legado e contrato atual comprovam este mapeamento de coluna.,v2:tb_regularize.clientes_senhas,9307f24a92a56ccb27337fae06e1c5189a9d3575d6b0356ddcddef04732be241
tb_regularize.clientes_senhas,credential-slot-webiss-master,regularize.passwordsRegularize,insert,empresa,client_id,mapped,resolve_regularize_client_reference,normalize_empty_to_null_or_quarantine_when_required,foreign_key,none,Comportamento legado e contrato atual comprovam este mapeamento de coluna.,v2:tb_regularize.clientes_senhas,9307f24a92a56ccb27337fae06e1c5189a9d3575d6b0356ddcddef04732be241
tb_regularize.clientes_senhas,credential-slot-webiss-master,regularize.passwordsRegularize,insert,id,id,mapped,uuid_v5_per_credential_slot,normalize_empty_to_null_or_quarantine_when_required,identity,none,Comportamento legado e contrato atual comprovam este mapeamento de coluna.,v2:tb_regularize.clientes_senhas,9307f24a92a56ccb27337fae06e1c5189a9d3575d6b0356ddcddef04732be241
tb_regularize.clientes_senhas,credential-slot-webiss-master,regularize.passwordsRegularize,insert,responsavel,login,mapped,encrypt_credential,normalize_empty_to_null_or_quarantine_when_required,none,credential,Login do slot lógico WebISS Master exige criptografia do contrato atual.,v2:tb_regularize.clientes_senhas,9307f24a92a56ccb27337fae06e1c5189a9d3575d6b0356ddcddef04732be241
tb_regularize.clientes_senhas,credential-slot-webiss-master,regularize.passwordsRegularize,insert,webiss_master,password,mapped,encrypt_credential,normalize_empty_to_null_or_quarantine_when_required,none,credential,Senha do slot lógico WebISS Master exige criptografia do contrato atual.,v2:tb_regularize.clientes_senhas,9307f24a92a56ccb27337fae06e1c5189a9d3575d6b0356ddcddef04732be241
tb_regularize.grupos,regularize-group-insert,clients.group,insert,id,id,mapped,uuid_v5_from_full_source_table_and_legacy_id,normalize_or_apply_declared_default,value,none,A evidência legada e o contrato atual comprovam esta transformação sem alterar a semântica.,integracao-regularize:tb_regularize.grupos,22d9db585f05b99bc80ea60c1eeed798d24443f61d1907b13fa7d369d2f336cc
tb_regularize.grupos,regularize-group-insert,clients.group,insert,nome,name,mapped,normalize_required_text,normalize_or_apply_declared_default,value,none,A evidência legada e o contrato atual comprovam esta transformação sem alterar a semântica.,integracao-regularize:tb_regularize.grupos,22d9db585f05b99bc80ea60c1eeed798d24443f61d1907b13fa7d369d2f336cc
tb_regularize.grupos,regularize-group-insert,clients.group,insert,situacao,status,mapped,normalize_active_status,normalize_or_apply_declared_default,value,none,A evidência legada e o contrato atual comprovam esta transformação sem alterar a semântica.,integracao-regularize:tb_regularize.grupos,22d9db585f05b99bc80ea60c1eeed798d24443f61d1907b13fa7d369d2f336cc
tb_regularize.grupos_integrantes,regularize-group-member-insert,clients.clientsGroup,insert,codigo_cliente,client_id,mapped,resolve_canonical_v2_client_reference,normalize_or_apply_declared_default,foreign_key,none,A chave é resolvida pelo vínculo legado explícito; zero ou múltiplos candidatos geram quarantine.,integracao-regularize:tb_regularize.grupos_integrantes,e573c40681f1c4d84c439fe180e89b7ff5f46716741e081d1f2fb24366600b2a
tb_regularize.grupos_integrantes,regularize-group-member-insert,clients.clientsGroup,insert,grupo_id,group_id,mapped,resolve_explicit_regularize_group_reference,normalize_or_apply_declared_default,foreign_key,none,A chave é resolvida pelo vínculo legado explícito; zero ou múltiplos candidatos geram quarantine.,integracao-regularize:tb_regularize.grupos_integrantes,e573c40681f1c4d84c439fe180e89b7ff5f46716741e081d1f2fb24366600b2a
tb_regularize.grupos_integrantes,regularize-group-member-insert,clients.clientsGroup,insert,id,id,mapped,uuid_v5_from_full_source_table_and_legacy_id,normalize_or_apply_declared_default,value,none,A evidência legada e o contrato atual comprovam esta transformação sem alterar a semântica.,integracao-regularize:tb_regularize.grupos_integrantes,e573c40681f1c4d84c439fe180e89b7ff5f46716741e081d1f2fb24366600b2a
tb_regularize.orientaoes_processual,guidance-insert,regularize.proceduralGuidances,insert,arquivo,,not_preserved,discard_without_persisting_value,not_applicable,none,none,O arquivo legado exige migração de storage e não possui coluna escalar na orientação atual.,v2:tb_regularize.orientaoes_processual,3f03de6acdd0f841bcf3ce4f17c82fff600f7f86212d3e7b655ad0149cbd6ba7
tb_regularize.orientaoes_processual,guidance-insert,regularize.proceduralGuidances,insert,capital_social,share_capital,mapped,normalize_float,normalize_empty_to_null_or_quarantine_when_required,none,none,Comportamento legado e contrato atual comprovam este mapeamento de coluna.,v2:tb_regularize.orientaoes_processual,3f03de6acdd0f841bcf3ce4f17c82fff600f7f86212d3e7b655ad0149cbd6ba7
tb_regularize.orientaoes_processual,guidance-insert,regularize.proceduralGuidances,insert,cnpj,cpf_cnpj,mapped,normalize_cpf_cnpj,normalize_empty_to_null_or_quarantine_when_required,none,personal,Comportamento legado e contrato atual comprovam este mapeamento de coluna.,v2:tb_regularize.orientaoes_processual,3f03de6acdd0f841bcf3ce4f17c82fff600f7f86212d3e7b655ad0149cbd6ba7
tb_regularize.orientaoes_processual,guidance-insert,regularize.proceduralGuidances,insert,endereco,address,mapped,normalize_text,normalize_empty_to_null_or_quarantine_when_required,none,personal,Comportamento legado e contrato atual comprovam este mapeamento de coluna.,v2:tb_regularize.orientaoes_processual,3f03de6acdd0f841bcf3ce4f17c82fff600f7f86212d3e7b655ad0149cbd6ba7
tb_regularize.orientaoes_processual,guidance-insert,regularize.proceduralGuidances,insert,id,id,mapped,uuid_v5,normalize_empty_to_null_or_quarantine_when_required,identity,none,Comportamento legado e contrato atual comprovam este mapeamento de coluna.,v2:tb_regularize.orientaoes_processual,3f03de6acdd0f841bcf3ce4f17c82fff600f7f86212d3e7b655ad0149cbd6ba7
tb_regularize.orientaoes_processual,guidance-insert,regularize.proceduralGuidances,insert,iptu,iptu,mapped,normalize_text,normalize_empty_to_null_or_quarantine_when_required,none,none,Comportamento legado e contrato atual comprovam este mapeamento de coluna.,v2:tb_regularize.orientaoes_processual,3f03de6acdd0f841bcf3ce4f17c82fff600f7f86212d3e7b655ad0149cbd6ba7
tb_regularize.orientaoes_processual,guidance-insert,regularize.proceduralGuidances,insert,natureza_juridica,legal_nature,mapped,normalize_text,normalize_empty_to_null_or_quarantine_when_required,none,none,Comportamento legado e contrato atual comprovam este mapeamento de coluna.,v2:tb_regularize.orientaoes_processual,3f03de6acdd0f841bcf3ce4f17c82fff600f7f86212d3e7b655ad0149cbd6ba7
tb_regularize.orientaoes_processual,guidance-insert,regularize.proceduralGuidances,insert,nome_fantasia,trade_name,mapped,normalize_text,normalize_empty_to_null_or_quarantine_when_required,none,none,Comportamento legado e contrato atual comprovam este mapeamento de coluna.,v2:tb_regularize.orientaoes_processual,3f03de6acdd0f841bcf3ce4f17c82fff600f7f86212d3e7b655ad0149cbd6ba7
tb_regularize.orientaoes_processual,guidance-insert,regularize.proceduralGuidances,insert,obj_social,comporate_purpose,mapped,normalize_text,normalize_empty_to_null_or_quarantine_when_required,none,none,Comportamento legado e contrato atual comprovam este mapeamento de coluna.,v2:tb_regularize.orientaoes_processual,3f03de6acdd0f841bcf3ce4f17c82fff600f7f86212d3e7b655ad0149cbd6ba7
tb_regularize.orientaoes_processual,guidance-insert,regularize.proceduralGuidances,insert,obs_quadro,framework_obs,mapped,normalize_text,normalize_empty_to_null_or_quarantine_when_required,none,none,Comportamento legado e contrato atual comprovam este mapeamento de coluna.,v2:tb_regularize.orientaoes_processual,3f03de6acdd0f841bcf3ce4f17c82fff600f7f86212d3e7b655ad0149cbd6ba7
tb_regularize.orientaoes_processual,guidance-insert,regularize.proceduralGuidances,insert,porte,carryng,mapped,normalize_text,normalize_empty_to_null_or_quarantine_when_required,none,none,Comportamento legado e contrato atual comprovam este mapeamento de coluna.,v2:tb_regularize.orientaoes_processual,3f03de6acdd0f841bcf3ce4f17c82fff600f7f86212d3e7b655ad0149cbd6ba7
tb_regularize.orientaoes_processual,guidance-insert,regularize.proceduralGuidances,insert,processo_id,process_id,mapped,resolve_or_derive_process,normalize_empty_to_null_or_quarantine_when_required,foreign_key,none,Comportamento legado e contrato atual comprovam este mapeamento de coluna.,v2:tb_regularize.orientaoes_processual,3f03de6acdd0f841bcf3ce4f17c82fff600f7f86212d3e7b655ad0149cbd6ba7
tb_regularize.orientaoes_processual,guidance-insert,regularize.proceduralGuidances,insert,razao_social,company_name,mapped,normalize_text,normalize_empty_to_null_or_quarantine_when_required,none,none,Comportamento legado e contrato atual comprovam este mapeamento de coluna.,v2:tb_regularize.orientaoes_processual,3f03de6acdd0f841bcf3ce4f17c82fff600f7f86212d3e7b655ad0149cbd6ba7
tb_regularize.orientaoes_processual,guidance-insert,regularize.proceduralGuidances,insert,regime,regime,mapped,normalize_text,normalize_empty_to_null_or_quarantine_when_required,none,none,Comportamento legado e contrato atual comprovam este mapeamento de coluna.,v2:tb_regularize.orientaoes_processual,3f03de6acdd0f841bcf3ce4f17c82fff600f7f86212d3e7b655ad0149cbd6ba7
tb_regularize.orientaoes_processual,guidance-insert,regularize.proceduralGuidances,insert,representante_legal,legal_representative,mapped,normalize_text,normalize_empty_to_null_or_quarantine_when_required,none,personal,Comportamento legado e contrato atual comprovam este mapeamento de coluna.,v2:tb_regularize.orientaoes_processual,3f03de6acdd0f841bcf3ce4f17c82fff600f7f86212d3e7b655ad0149cbd6ba7
tb_regularize.orientaoes_processual,guidance-insert,regularize.proceduralGuidances,insert,solicitacao,request,mapped,normalize_text,normalize_empty_to_null_or_quarantine_when_required,none,none,Comportamento legado e contrato atual comprovam este mapeamento de coluna.,v2:tb_regularize.orientaoes_processual,3f03de6acdd0f841bcf3ce4f17c82fff600f7f86212d3e7b655ad0149cbd6ba7
tb_regularize.orientaoes_processual,guidance-insert,regularize.proceduralGuidances,insert,status,status,mapped,normalize_status,normalize_empty_to_null_or_quarantine_when_required,none,none,Comportamento legado e contrato atual comprovam este mapeamento de coluna.,v2:tb_regularize.orientaoes_processual,3f03de6acdd0f841bcf3ce4f17c82fff600f7f86212d3e7b655ad0149cbd6ba7
tb_regularize.orientaoes_processual,guidance-insert,regularize.proceduralGuidances,insert,tipo,type,mapped,normalize_text,normalize_empty_to_null_or_quarantine_when_required,none,none,Comportamento legado e contrato atual comprovam este mapeamento de coluna.,v2:tb_regularize.orientaoes_processual,3f03de6acdd0f841bcf3ce4f17c82fff600f7f86212d3e7b655ad0149cbd6ba7
tb_regularize.orientaoes_processual,guidance-process-derived,regularize.process,derived,cliente_id,client_pj_id,mapped,resolve_regularize_client_reference,normalize_empty_to_null_or_quarantine_when_required,foreign_key,none,Comportamento legado e contrato atual comprovam este mapeamento de coluna.,v2:tb_regularize.orientaoes_processual,c690c4b03a12a3b28d223a9fc10348de5dcbea323906995c7869f257e86d9088
tb_regularize.orientaoes_processual,guidance-process-derived,regularize.process,derived,cnpj,cpf_cnpj,mapped,normalize_cpf_cnpj,normalize_empty_to_null_or_quarantine_when_required,none,personal,Comportamento legado e contrato atual comprovam este mapeamento de coluna.,v2:tb_regularize.orientaoes_processual,c690c4b03a12a3b28d223a9fc10348de5dcbea323906995c7869f257e86d9088
tb_regularize.orientaoes_processual,guidance-process-derived,regularize.process,derived,id,id,mapped,uuid_v5_technical_guidance_process,normalize_empty_to_null_or_quarantine_when_required,identity,none,Comportamento legado e contrato atual comprovam este mapeamento de coluna.,v2:tb_regularize.orientaoes_processual,c690c4b03a12a3b28d223a9fc10348de5dcbea323906995c7869f257e86d9088
tb_regularize.orientaoes_processual,guidance-process-derived,regularize.process,derived,solicitacao,description,mapped,normalize_text,normalize_empty_to_null_or_quarantine_when_required,none,none,Comportamento legado e contrato atual comprovam este mapeamento de coluna.,v2:tb_regularize.orientaoes_processual,c690c4b03a12a3b28d223a9fc10348de5dcbea323906995c7869f257e86d9088
tb_regularize.orientaoes_processual,guidance-process-lookup,regularize.process,lookup,processo_id,id,mapped,resolve_legacy_process_reference,normalize_empty_to_null_or_quarantine_when_required,identity,none,Comportamento legado e contrato atual comprovam este mapeamento de coluna.,v2:tb_regularize.orientaoes_processual,2e2d32783b39eebb534a536d0a510d898d7c8a0557389a73fe3735694d79e704
tb_regularize.orientaoes_processual.atividades,guidance-activities-aggregate,regularize.proceduralGuidances,aggregate,atividade,economic_activities,mapped,aggregate_normalized_economic_activities,normalize_or_apply_declared_default,value,none,A evidência legada e o contrato atual comprovam esta transformação sem alterar a semântica.,integracao-regularize:tb_regularize.orientaoes_processual.atividades,cbb24efa20239ef3b03332c86b66e967d18a89f6a8b27e25125f9c85d5da311a
tb_regularize.orientaoes_processual.atividades,guidance-activities-aggregate,regularize.proceduralGuidances,aggregate,cliente_id,,not_preserved,not_preserved,not_applicable,none,none,O cliente é contexto redundante e não é tratado como FK de catálogo.,integracao-regularize:tb_regularize.orientaoes_processual.atividades,cbb24efa20239ef3b03332c86b66e967d18a89f6a8b27e25125f9c85d5da311a
tb_regularize.orientaoes_processual.atividades,guidance-activities-aggregate,regularize.proceduralGuidances,aggregate,id,economic_activities,mapped,aggregate_activity_uuid,normalize_or_apply_declared_default,value,none,A evidência legada e o contrato atual comprovam esta transformação sem alterar a semântica.,integracao-regularize:tb_regularize.orientaoes_processual.atividades,cbb24efa20239ef3b03332c86b66e967d18a89f6a8b27e25125f9c85d5da311a
tb_regularize.orientaoes_processual.atividades,guidance-activities-aggregate,regularize.proceduralGuidances,aggregate,op_id,economic_activities,mapped,aggregate_parent_reference,normalize_or_apply_declared_default,foreign_key,none,A chave é resolvida pelo vínculo legado explícito; zero ou múltiplos candidatos geram quarantine.,integracao-regularize:tb_regularize.orientaoes_processual.atividades,cbb24efa20239ef3b03332c86b66e967d18a89f6a8b27e25125f9c85d5da311a
tb_regularize.orientaoes_processual.atividades,guidance-activities-aggregate,regularize.proceduralGuidances,aggregate,tipo,economic_activities,mapped,normalize_economic_activity_type,normalize_or_apply_declared_default,value,none,A evidência legada e o contrato atual comprovam esta transformação sem alterar a semântica.,integracao-regularize:tb_regularize.orientaoes_processual.atividades,cbb24efa20239ef3b03332c86b66e967d18a89f6a8b27e25125f9c85d5da311a
tb_regularize.orientaoes_processual.socios,guidance-partners-aggregate,regularize.proceduralGuidances,aggregate,cargo,partners,mapped,aggregate_partner_role,normalize_empty_to_null_or_quarantine_when_required,none,personal,Comportamento legado e contrato atual comprovam este mapeamento de coluna.,v2:tb_regularize.orientaoes_processual.socios,3d79044f2d35b3d576572ae33f28d984de8626b748a7e74001db7f793db08deb
tb_regularize.orientaoes_processual.socios,guidance-partners-aggregate,regularize.proceduralGuidances,aggregate,civil,,not_preserved,discard_without_persisting_value,not_applicable,none,none,O JSON GuidancePartner atual não possui campo de estado civil e não autoriza ampliar o contrato.,v2:tb_regularize.orientaoes_processual.socios,3d79044f2d35b3d576572ae33f28d984de8626b748a7e74001db7f793db08deb
tb_regularize.orientaoes_processual.socios,guidance-partners-aggregate,regularize.proceduralGuidances,aggregate,cnh,,not_preserved,discard_without_persisting_value,not_applicable,none,none,O JSON GuidancePartner atual não possui campo de CNH e não autoriza ampliar o contrato.,v2:tb_regularize.orientaoes_processual.socios,3d79044f2d35b3d576572ae33f28d984de8626b748a7e74001db7f793db08deb
tb_regularize.orientaoes_processual.socios,guidance-partners-aggregate,regularize.proceduralGuidances,aggregate,cpf,partners,mapped,aggregate_partner_cpf,normalize_empty_to_null_or_quarantine_when_required,none,personal,Comportamento legado e contrato atual comprovam este mapeamento de coluna.,v2:tb_regularize.orientaoes_processual.socios,3d79044f2d35b3d576572ae33f28d984de8626b748a7e74001db7f793db08deb
tb_regularize.orientaoes_processual.socios,guidance-partners-aggregate,regularize.proceduralGuidances,aggregate,endereco,,not_preserved,discard_without_persisting_value,not_applicable,none,personal,O JSON GuidancePartner atual não possui campo de endereço e não autoriza ampliar o contrato.,v2:tb_regularize.orientaoes_processual.socios,3d79044f2d35b3d576572ae33f28d984de8626b748a7e74001db7f793db08deb
tb_regularize.orientaoes_processual.socios,guidance-partners-aggregate,regularize.proceduralGuidances,aggregate,id,partners,mapped,aggregate_partner_uuid,normalize_empty_to_null_or_quarantine_when_required,none,none,Comportamento legado e contrato atual comprovam este mapeamento de coluna.,v2:tb_regularize.orientaoes_processual.socios,3d79044f2d35b3d576572ae33f28d984de8626b748a7e74001db7f793db08deb
tb_regularize.orientaoes_processual.socios,guidance-partners-aggregate,regularize.proceduralGuidances,aggregate,nome,partners,mapped,aggregate_partner_name,normalize_empty_to_null_or_quarantine_when_required,none,personal,Comportamento legado e contrato atual comprovam este mapeamento de coluna.,v2:tb_regularize.orientaoes_processual.socios,3d79044f2d35b3d576572ae33f28d984de8626b748a7e74001db7f793db08deb
tb_regularize.orientaoes_processual.socios,guidance-partners-aggregate,regularize.proceduralGuidances,aggregate,op_id,partners,mapped,aggregate_parent_reference,normalize_empty_to_null_or_quarantine_when_required,none,none,Comportamento legado e contrato atual comprovam este mapeamento de coluna.,v2:tb_regularize.orientaoes_processual.socios,3d79044f2d35b3d576572ae33f28d984de8626b748a7e74001db7f793db08deb
tb_regularize.orientaoes_processual.socios,guidance-partners-aggregate,regularize.proceduralGuidances,aggregate,porcent,partners,mapped,aggregate_partner_share,normalize_empty_to_null_or_quarantine_when_required,none,none,Comportamento legado e contrato atual comprovam este mapeamento de coluna.,v2:tb_regularize.orientaoes_processual.socios,3d79044f2d35b3d576572ae33f28d984de8626b748a7e74001db7f793db08deb
tb_regularize.orientaoes_processual.socios,guidance-partners-aggregate,regularize.proceduralGuidances,aggregate,prof,,not_preserved,discard_without_persisting_value,not_applicable,none,none,O JSON GuidancePartner atual não possui campo de profissão e não autoriza ampliar o contrato.,v2:tb_regularize.orientaoes_processual.socios,3d79044f2d35b3d576572ae33f28d984de8626b748a7e74001db7f793db08deb
tb_regularize.orientaoes_processual.socios,guidance-partners-aggregate,regularize.proceduralGuidances,aggregate,rg,,not_preserved,discard_without_persisting_value,not_applicable,none,personal,O JSON GuidancePartner atual não possui campo de RG e não autoriza ampliar o contrato.,v2:tb_regularize.orientaoes_processual.socios,3d79044f2d35b3d576572ae33f28d984de8626b748a7e74001db7f793db08deb
tb_regularize.pf,regularize-client-pf-insert,clients.pf,insert,cep,zip_code,mapped,normalize_required_digits,normalize_or_apply_declared_default,value,personal,A evidência legada e o contrato atual comprovam esta transformação sem alterar a semântica.,integracao-regularize:tb_regularize.pf,c9897ed87d02448bc23bc45a2e1cbc984d72cf7409ace6a0633ddf6135b766ee
tb_regularize.pf,regularize-client-pf-insert,clients.pf,insert,cidade,city,mapped,normalize_required_text,normalize_or_apply_declared_default,value,none,A evidência legada e o contrato atual comprovam esta transformação sem alterar a semântica.,integracao-regularize:tb_regularize.pf,c9897ed87d02448bc23bc45a2e1cbc984d72cf7409ace6a0633ddf6135b766ee
tb_regularize.pf,regularize-client-pf-insert,clients.pf,insert,cnh,cnh,mapped,normalize_text,normalize_or_apply_declared_default,value,personal,A evidência legada e o contrato atual comprovam esta transformação sem alterar a semântica.,integracao-regularize:tb_regularize.pf,c9897ed87d02448bc23bc45a2e1cbc984d72cf7409ace6a0633ddf6135b766ee
tb_regularize.pf,regularize-client-pf-insert,clients.pf,insert,codigo,code,mapped,normalize_required_text,normalize_or_apply_declared_default,value,none,A evidência legada e o contrato atual comprovam esta transformação sem alterar a semântica.,integracao-regularize:tb_regularize.pf,c9897ed87d02448bc23bc45a2e1cbc984d72cf7409ace6a0633ddf6135b766ee
tb_regularize.pf,regularize-client-pf-insert,clients.pf,insert,codigo,id,mapped,uuid_v5_from_full_source_table_and_legacy_id,normalize_or_apply_declared_default,value,none,A evidência legada e o contrato atual comprovam esta transformação sem alterar a semântica.,integracao-regularize:tb_regularize.pf,c9897ed87d02448bc23bc45a2e1cbc984d72cf7409ace6a0633ddf6135b766ee
tb_regularize.pf,regularize-client-pf-insert,clients.pf,insert,conjuge,spouse,mapped,normalize_text,normalize_or_apply_declared_default,value,personal,A evidência legada e o contrato atual comprovam esta transformação sem alterar a semântica.,integracao-regularize:tb_regularize.pf,c9897ed87d02448bc23bc45a2e1cbc984d72cf7409ace6a0633ddf6135b766ee
tb_regularize.pf,regularize-client-pf-insert,clients.pf,insert,cpf_cnpj,cpf,mapped,normalize_required_cpf,normalize_or_apply_declared_default,value,personal,A evidência legada e o contrato atual comprovam esta transformação sem alterar a semântica.,integracao-regularize:tb_regularize.pf,c9897ed87d02448bc23bc45a2e1cbc984d72cf7409ace6a0633ddf6135b766ee
tb_regularize.pf,regularize-client-pf-insert,clients.pf,insert,ctps,ctps,mapped,normalize_text,normalize_or_apply_declared_default,value,personal,A evidência legada e o contrato atual comprovam esta transformação sem alterar a semântica.,integracao-regularize:tb_regularize.pf,c9897ed87d02448bc23bc45a2e1cbc984d72cf7409ace6a0633ddf6135b766ee
tb_regularize.pf,regularize-client-pf-insert,clients.pf,insert,endereco,address,mapped,normalize_required_text,normalize_or_apply_declared_default,value,personal,A evidência legada e o contrato atual comprovam esta transformação sem alterar a semântica.,integracao-regularize:tb_regularize.pf,c9897ed87d02448bc23bc45a2e1cbc984d72cf7409ace6a0633ddf6135b766ee
tb_regularize.pf,regularize-client-pf-insert,clients.pf,insert,estado_civil,marital_status,mapped,normalize_legacy_marital_status,normalize_or_apply_declared_default,value,personal,A evidência legada e o contrato atual comprovam esta transformação sem alterar a semântica.,integracao-regularize:tb_regularize.pf,c9897ed87d02448bc23bc45a2e1cbc984d72cf7409ace6a0633ddf6135b766ee
tb_regularize.pf,regularize-client-pf-insert,clients.pf,insert,identidade,rg,mapped,normalize_required_rg,normalize_or_apply_declared_default,value,personal,A evidência legada e o contrato atual comprovam esta transformação sem alterar a semântica.,integracao-regularize:tb_regularize.pf,c9897ed87d02448bc23bc45a2e1cbc984d72cf7409ace6a0633ddf6135b766ee
tb_regularize.pf,regularize-client-pf-insert,clients.pf,insert,mae,mother,mapped,normalize_required_text,normalize_or_apply_declared_default,value,personal,A evidência legada e o contrato atual comprovam esta transformação sem alterar a semântica.,integracao-regularize:tb_regularize.pf,c9897ed87d02448bc23bc45a2e1cbc984d72cf7409ace6a0633ddf6135b766ee
tb_regularize.pf,regularize-client-pf-insert,clients.pf,insert,nascimento,date_of_birth,mapped,normalize_required_date,normalize_or_apply_declared_default,value,personal,A evidência legada e o contrato atual comprovam esta transformação sem alterar a semântica.,integracao-regularize:tb_regularize.pf,c9897ed87d02448bc23bc45a2e1cbc984d72cf7409ace6a0633ddf6135b766ee
tb_regularize.pf,regularize-client-pf-insert,clients.pf,insert,nome,name,mapped,normalize_required_text,normalize_or_apply_declared_default,value,personal,A evidência legada e o contrato atual comprovam esta transformação sem alterar a semântica.,integracao-regularize:tb_regularize.pf,c9897ed87d02448bc23bc45a2e1cbc984d72cf7409ace6a0633ddf6135b766ee
tb_regularize.pf,regularize-client-pf-insert,clients.pf,insert,obs,notes,mapped,normalize_text,normalize_or_apply_declared_default,value,personal,A evidência legada e o contrato atual comprovam esta transformação sem alterar a semântica.,integracao-regularize:tb_regularize.pf,c9897ed87d02448bc23bc45a2e1cbc984d72cf7409ace6a0633ddf6135b766ee
tb_regularize.pf,regularize-client-pf-insert,clients.pf,insert,pai,father,mapped,normalize_required_text,normalize_or_apply_declared_default,value,personal,A evidência legada e o contrato atual comprovam esta transformação sem alterar a semântica.,integracao-regularize:tb_regularize.pf,c9897ed87d02448bc23bc45a2e1cbc984d72cf7409ace6a0633ddf6135b766ee
tb_regularize.pf,regularize-client-pf-insert,clients.pf,insert,profissao,profession,mapped,normalize_required_text,normalize_or_apply_declared_default,value,personal,A evidência legada e o contrato atual comprovam esta transformação sem alterar a semântica.,integracao-regularize:tb_regularize.pf,c9897ed87d02448bc23bc45a2e1cbc984d72cf7409ace6a0633ddf6135b766ee
tb_regularize.pf,regularize-client-pf-insert,clients.pf,insert,reservista,military_certificate,mapped,normalize_text,normalize_or_apply_declared_default,value,personal,A evidência legada e o contrato atual comprovam esta transformação sem alterar a semântica.,integracao-regularize:tb_regularize.pf,c9897ed87d02448bc23bc45a2e1cbc984d72cf7409ace6a0633ddf6135b766ee
tb_regularize.pf,regularize-client-pf-insert,clients.pf,insert,sexo,sex,mapped,normalize_person_sex,normalize_or_apply_declared_default,value,personal,A evidência legada e o contrato atual comprovam esta transformação sem alterar a semântica.,integracao-regularize:tb_regularize.pf,c9897ed87d02448bc23bc45a2e1cbc984d72cf7409ace6a0633ddf6135b766ee
tb_regularize.pf,regularize-client-pf-insert,clients.pf,insert,status,status,mapped,normalize_required_status,normalize_or_apply_declared_default,value,none,A evidência legada e o contrato atual comprovam esta transformação sem alterar a semântica.,integracao-regularize:tb_regularize.pf,c9897ed87d02448bc23bc45a2e1cbc984d72cf7409ace6a0633ddf6135b766ee
tb_regularize.pf,regularize-client-pf-insert,clients.pf,insert,telefone,,not_preserved,not_preserved,not_applicable,none,none,ClientPF não possui telefone; o dado pessoal não é anexado a notes.,integracao-regularize:tb_regularize.pf,c9897ed87d02448bc23bc45a2e1cbc984d72cf7409ace6a0633ddf6135b766ee
tb_regularize.pf,regularize-client-pf-insert,clients.pf,insert,uf,state,mapped,normalize_required_state,normalize_or_apply_declared_default,value,none,A evidência legada e o contrato atual comprovam esta transformação sem alterar a semântica.,integracao-regularize:tb_regularize.pf,c9897ed87d02448bc23bc45a2e1cbc984d72cf7409ace6a0633ddf6135b766ee
tb_regularize.pf_empresas,regularize-partner-insert,regularize.partners,insert,empresa_id,pj_id,mapped,resolve_canonical_v2_client_reference,normalize_or_apply_declared_default,foreign_key,none,A chave é resolvida pelo vínculo legado explícito; zero ou múltiplos candidatos geram quarantine.,integracao-regularize:tb_regularize.pf_empresas,96a6aaf66344ed5760761d897d50057cf8f85d4207c37528ffb6d9026e1feacc
tb_regularize.pf_empresas,regularize-partner-insert,regularize.partners,insert,entrada,entry,mapped,normalize_required_date,normalize_or_apply_declared_default,value,none,A evidência legada e o contrato atual comprovam esta transformação sem alterar a semântica.,integracao-regularize:tb_regularize.pf_empresas,96a6aaf66344ed5760761d897d50057cf8f85d4207c37528ffb6d9026e1feacc
tb_regularize.pf_empresas,regularize-partner-insert,regularize.partners,insert,id,id,mapped,uuid_v5_from_full_source_table_and_legacy_id,normalize_or_apply_declared_default,value,none,A evidência legada e o contrato atual comprovam esta transformação sem alterar a semântica.,integracao-regularize:tb_regularize.pf_empresas,96a6aaf66344ed5760761d897d50057cf8f85d4207c37528ffb6d9026e1feacc
tb_regularize.pf_empresas,regularize-partner-insert,regularize.partners,insert,parte,part,mapped,normalize_percentage,normalize_or_apply_declared_default,value,none,A evidência legada e o contrato atual comprovam esta transformação sem alterar a semântica.,integracao-regularize:tb_regularize.pf_empresas,96a6aaf66344ed5760761d897d50057cf8f85d4207c37528ffb6d9026e1feacc
tb_regularize.pf_empresas,regularize-partner-insert,regularize.partners,insert,pf_id,pf_id,mapped,resolve_explicit_client_pf_reference,normalize_or_apply_declared_default,foreign_key,none,A chave é resolvida pelo vínculo legado explícito; zero ou múltiplos candidatos geram quarantine.,integracao-regularize:tb_regularize.pf_empresas,96a6aaf66344ed5760761d897d50057cf8f85d4207c37528ffb6d9026e1feacc
tb_regularize.pf_empresas,regularize-partner-insert,regularize.partners,insert,saida,exit,mapped,normalize_zero_date_to_null,normalize_or_apply_declared_default,value,none,A evidência legada e o contrato atual comprovam esta transformação sem alterar a semântica.,integracao-regularize:tb_regularize.pf_empresas,96a6aaf66344ed5760761d897d50057cf8f85d4207c37528ffb6d9026e1feacc
tb_regularize.processos,process-insert,regularize.process,insert,cliente,client_pj_id,mapped,lookup_client_by_name_fallback,normalize_empty_to_null_or_quarantine_when_required,foreign_key,none,Comportamento legado e contrato atual comprovam este mapeamento de coluna.,v2:tb_regularize.processos,3db29b3826772092d89d6d905034c69ec20dd63181319d42fa4b5340caf41982
tb_regularize.processos,process-insert,regularize.process,insert,cpf_cnpj,client_pj_id,mapped,lookup_client_by_document,normalize_empty_to_null_or_quarantine_when_required,foreign_key,personal,Comportamento legado e contrato atual comprovam este mapeamento de coluna.,v2:tb_regularize.processos,3db29b3826772092d89d6d905034c69ec20dd63181319d42fa4b5340caf41982
tb_regularize.processos,process-insert,regularize.process,insert,cpf_cnpj,cpf_cnpj,mapped,normalize_cpf_cnpj,normalize_empty_to_null_or_quarantine_when_required,none,personal,Comportamento legado e contrato atual comprovam este mapeamento de coluna.,v2:tb_regularize.processos,3db29b3826772092d89d6d905034c69ec20dd63181319d42fa4b5340caf41982
tb_regularize.processos,process-insert,regularize.process,insert,data_entrada,entry_date,mapped,normalize_date,normalize_empty_to_null_or_quarantine_when_required,none,none,Comportamento legado e contrato atual comprovam este mapeamento de coluna.,v2:tb_regularize.processos,3db29b3826772092d89d6d905034c69ec20dd63181319d42fa4b5340caf41982
tb_regularize.processos,process-insert,regularize.process,insert,data_env_fiscal,,not_preserved,discard_without_persisting_value,not_applicable,none,none,A data de envio fiscal não possui campo equivalente no contrato Process atual.,v2:tb_regularize.processos,3db29b3826772092d89d6d905034c69ec20dd63181319d42fa4b5340caf41982
tb_regularize.processos,process-insert,regularize.process,insert,data_finalizacao,completion_date,mapped,normalize_date,normalize_empty_to_null_or_quarantine_when_required,none,none,Comportamento legado e contrato atual comprovam este mapeamento de coluna.,v2:tb_regularize.processos,3db29b3826772092d89d6d905034c69ec20dd63181319d42fa4b5340caf41982
tb_regularize.processos,process-insert,regularize.process,insert,data_ret_fiscal,,not_preserved,discard_without_persisting_value,not_applicable,none,none,A data de retorno fiscal não possui campo equivalente no contrato Process atual.,v2:tb_regularize.processos,3db29b3826772092d89d6d905034c69ec20dd63181319d42fa4b5340caf41982
tb_regularize.processos,process-insert,regularize.process,insert,descricao,description,mapped,normalize_text,normalize_empty_to_null_or_quarantine_when_required,none,none,Comportamento legado e contrato atual comprovam este mapeamento de coluna.,v2:tb_regularize.processos,3db29b3826772092d89d6d905034c69ec20dd63181319d42fa4b5340caf41982
tb_regularize.processos,process-insert,regularize.process,insert,dias_corridos,,not_preserved,discard_without_persisting_value,not_applicable,none,none,Dias corridos é contador operacional derivado e não possui campo no contrato Process atual.,v2:tb_regularize.processos,3db29b3826772092d89d6d905034c69ec20dd63181319d42fa4b5340caf41982
tb_regularize.processos,process-insert,regularize.process,insert,financeiro,,not_preserved,discard_without_persisting_value,not_applicable,none,none,O estado financeiro legado não possui campo equivalente no contrato Process atual.,v2:tb_regularize.processos,3db29b3826772092d89d6d905034c69ec20dd63181319d42fa4b5340caf41982
tb_regularize.processos,process-insert,regularize.process,insert,id,id,mapped,uuid_v5,normalize_empty_to_null_or_quarantine_when_required,identity,none,Comportamento legado e contrato atual comprovam este mapeamento de coluna.,v2:tb_regularize.processos,3db29b3826772092d89d6d905034c69ec20dd63181319d42fa4b5340caf41982
tb_regularize.processos,process-insert,regularize.process,insert,meta,,not_preserved,discard_without_persisting_value,not_applicable,none,none,Meta é quantidade de dias no legado e não pode ser convertida na expected_date sem uma data base inequívoca.,v2:tb_regularize.processos,3db29b3826772092d89d6d905034c69ec20dd63181319d42fa4b5340caf41982
tb_regularize.processos,process-insert,regularize.process,insert,observacao,observation,mapped,normalize_text,normalize_empty_to_null_or_quarantine_when_required,none,none,Comportamento legado e contrato atual comprovam este mapeamento de coluna.,v2:tb_regularize.processos,3db29b3826772092d89d6d905034c69ec20dd63181319d42fa4b5340caf41982
tb_regularize.processos,process-insert,regularize.process,insert,processo,process_type,mapped,normalize_text,normalize_empty_to_null_or_quarantine_when_required,none,none,Comportamento legado e contrato atual comprovam este mapeamento de coluna.,v2:tb_regularize.processos,3db29b3826772092d89d6d905034c69ec20dd63181319d42fa4b5340caf41982
tb_regularize.processos,process-insert,regularize.process,insert,responsavel_dois,responsible2_id,mapped,resolve_optional_user_reference,normalize_empty_to_null_or_quarantine_when_required,foreign_key,none,Comportamento legado e contrato atual comprovam este mapeamento de coluna.,v2:tb_regularize.processos,3db29b3826772092d89d6d905034c69ec20dd63181319d42fa4b5340caf41982
tb_regularize.processos,process-insert,regularize.process,insert,responsavel_tres,responsible3_id,mapped,resolve_optional_user_reference,normalize_empty_to_null_or_quarantine_when_required,foreign_key,none,Comportamento legado e contrato atual comprovam este mapeamento de coluna.,v2:tb_regularize.processos,3db29b3826772092d89d6d905034c69ec20dd63181319d42fa4b5340caf41982
tb_regularize.processos,process-insert,regularize.process,insert,responsavel_um,responsible1_id,mapped,resolve_optional_user_reference,normalize_empty_to_null_or_quarantine_when_required,foreign_key,none,Comportamento legado e contrato atual comprovam este mapeamento de coluna.,v2:tb_regularize.processos,3db29b3826772092d89d6d905034c69ec20dd63181319d42fa4b5340caf41982
tb_regularize.processos,process-insert,regularize.process,insert,status,status,mapped,normalize_status,normalize_empty_to_null_or_quarantine_when_required,none,none,Comportamento legado e contrato atual comprovam este mapeamento de coluna.,v2:tb_regularize.processos,3db29b3826772092d89d6d905034c69ec20dd63181319d42fa4b5340caf41982
tb_regularize.processos,process-insert,regularize.process,insert,tipo,,not_preserved,discard_without_persisting_value,not_applicable,none,none,A categoria numérica de origem não possui campo equivalente no contrato Process atual.,v2:tb_regularize.processos,3db29b3826772092d89d6d905034c69ec20dd63181319d42fa4b5340caf41982
tb_regularize.processos,process-insert,regularize.process,insert,travamento_cliente_notificacao,locking_type,mapped,normalize_text,normalize_empty_to_null_or_quarantine_when_required,none,none,Comportamento legado e contrato atual comprovam este mapeamento de coluna.,v2:tb_regularize.processos,3db29b3826772092d89d6d905034c69ec20dd63181319d42fa4b5340caf41982
tb_regularize.processos,process-insert,regularize.process,insert,urgencia,urgency,mapped,normalize_text,normalize_empty_to_null_or_quarantine_when_required,none,personal,Comportamento legado e contrato atual comprovam este mapeamento de coluna.,v2:tb_regularize.processos,3db29b3826772092d89d6d905034c69ec20dd63181319d42fa4b5340caf41982
tb_regularize.taxas_municipais,municipal-tax-insert,regularize.municipalTaxes,insert,ano,year,mapped,normalize_integer,normalize_empty_to_null_or_quarantine_when_required,none,none,Comportamento legado e contrato atual comprovam este mapeamento de coluna.,v2:tb_regularize.taxas_municipais,f3aa09418307da2d62c3fa75dc35533104dc26178e5a6cad3b840691ea2eeabb
tb_regularize.taxas_municipais,municipal-tax-insert,regularize.municipalTaxes,insert,cliente,client_id,mapped,resolve_regularize_client_reference,normalize_empty_to_null_or_quarantine_when_required,foreign_key,none,Comportamento legado e contrato atual comprovam este mapeamento de coluna.,v2:tb_regularize.taxas_municipais,f3aa09418307da2d62c3fa75dc35533104dc26178e5a6cad3b840691ea2eeabb
tb_regularize.taxas_municipais,municipal-tax-insert,regularize.municipalTaxes,insert,email,tlp_not_email,mapped,normalize_boolean,normalize_empty_to_null_or_quarantine_when_required,none,none,Comportamento legado e contrato atual comprovam este mapeamento de coluna.,v2:tb_regularize.taxas_municipais,f3aa09418307da2d62c3fa75dc35533104dc26178e5a6cad3b840691ea2eeabb
tb_regularize.taxas_municipais,municipal-tax-insert,regularize.municipalTaxes,insert,id,id,mapped,uuid_v5,normalize_empty_to_null_or_quarantine_when_required,identity,none,Comportamento legado e contrato atual comprovam este mapeamento de coluna.,v2:tb_regularize.taxas_municipais,f3aa09418307da2d62c3fa75dc35533104dc26178e5a6cad3b840691ea2eeabb
tb_regularize.taxas_municipais,municipal-tax-insert,regularize.municipalTaxes,insert,tff_analise_feito,tff_analysis_is_done,mapped,normalize_boolean,normalize_empty_to_null_or_quarantine_when_required,none,none,Comportamento legado e contrato atual comprovam este mapeamento de coluna.,v2:tb_regularize.taxas_municipais,f3aa09418307da2d62c3fa75dc35533104dc26178e5a6cad3b840691ea2eeabb
tb_regularize.taxas_municipais,municipal-tax-insert,regularize.municipalTaxes,insert,tff_analise_obs,tff_analysis_notes,mapped,normalize_text,normalize_empty_to_null_or_quarantine_when_required,none,none,Comportamento legado e contrato atual comprovam este mapeamento de coluna.,v2:tb_regularize.taxas_municipais,f3aa09418307da2d62c3fa75dc35533104dc26178e5a6cad3b840691ea2eeabb
tb_regularize.taxas_municipais,municipal-tax-insert,regularize.municipalTaxes,insert,tff_envio_data,tff_sent_date,mapped,normalize_date,normalize_empty_to_null_or_quarantine_when_required,none,none,Comportamento legado e contrato atual comprovam este mapeamento de coluna.,v2:tb_regularize.taxas_municipais,f3aa09418307da2d62c3fa75dc35533104dc26178e5a6cad3b840691ea2eeabb
tb_regularize.taxas_municipais,municipal-tax-insert,regularize.municipalTaxes,insert,tff_obs,tff_notes,mapped,normalize_text,normalize_empty_to_null_or_quarantine_when_required,none,none,Comportamento legado e contrato atual comprovam este mapeamento de coluna.,v2:tb_regularize.taxas_municipais,f3aa09418307da2d62c3fa75dc35533104dc26178e5a6cad3b840691ea2eeabb
tb_regularize.taxas_municipais,municipal-tax-insert,regularize.municipalTaxes,insert,tff_possui,tff_is_applicable,mapped,normalize_boolean,normalize_empty_to_null_or_quarantine_when_required,none,none,Comportamento legado e contrato atual comprovam este mapeamento de coluna.,v2:tb_regularize.taxas_municipais,f3aa09418307da2d62c3fa75dc35533104dc26178e5a6cad3b840691ea2eeabb
tb_regularize.taxas_municipais,municipal-tax-insert,regularize.municipalTaxes,insert,tff_valor,tff_amount,mapped,normalize_float,normalize_empty_to_null_or_quarantine_when_required,none,none,Comportamento legado e contrato atual comprovam este mapeamento de coluna.,v2:tb_regularize.taxas_municipais,f3aa09418307da2d62c3fa75dc35533104dc26178e5a6cad3b840691ea2eeabb
tb_regularize.taxas_municipais,municipal-tax-insert,regularize.municipalTaxes,insert,tff_vencimento,tff_due_date,mapped,normalize_date,normalize_empty_to_null_or_quarantine_when_required,none,none,Comportamento legado e contrato atual comprovam este mapeamento de coluna.,v2:tb_regularize.taxas_municipais,f3aa09418307da2d62c3fa75dc35533104dc26178e5a6cad3b840691ea2eeabb
tb_regularize.taxas_municipais,municipal-tax-insert,regularize.municipalTaxes,insert,tlp_envio,tlp_is_sent,mapped,normalize_text,normalize_empty_to_null_or_quarantine_when_required,none,none,Comportamento legado e contrato atual comprovam este mapeamento de coluna.,v2:tb_regularize.taxas_municipais,f3aa09418307da2d62c3fa75dc35533104dc26178e5a6cad3b840691ea2eeabb
tb_regularize.taxas_municipais,municipal-tax-insert,regularize.municipalTaxes,insert,tlp_envio_data,tlp_sent_date,mapped,normalize_date,normalize_empty_to_null_or_quarantine_when_required,none,none,Comportamento legado e contrato atual comprovam este mapeamento de coluna.,v2:tb_regularize.taxas_municipais,f3aa09418307da2d62c3fa75dc35533104dc26178e5a6cad3b840691ea2eeabb
tb_regularize.taxas_municipais,municipal-tax-insert,regularize.municipalTaxes,insert,tlp_obs,tlp_notes,mapped,normalize_text,normalize_empty_to_null_or_quarantine_when_required,none,none,Comportamento legado e contrato atual comprovam este mapeamento de coluna.,v2:tb_regularize.taxas_municipais,f3aa09418307da2d62c3fa75dc35533104dc26178e5a6cad3b840691ea2eeabb
tb_regularize.taxas_municipais,municipal-tax-insert,regularize.municipalTaxes,insert,tlp_possui,tlp_is_applicable,mapped,normalize_boolean,normalize_empty_to_null_or_quarantine_when_required,none,none,Comportamento legado e contrato atual comprovam este mapeamento de coluna.,v2:tb_regularize.taxas_municipais,f3aa09418307da2d62c3fa75dc35533104dc26178e5a6cad3b840691ea2eeabb
tb_regularize.taxas_municipais,municipal-tax-insert,regularize.municipalTaxes,insert,vencimento,tlp_due_date,mapped,normalize_date,normalize_empty_to_null_or_quarantine_when_required,none,none,Comportamento legado e contrato atual comprovam este mapeamento de coluna.,v2:tb_regularize.taxas_municipais,f3aa09418307da2d62c3fa75dc35533104dc26178e5a6cad3b840691ea2eeabb
tb_regularize.vencimento,client-pf-cnh-expiration-merge,clients.pf,merge,data_expedicao,cnh_expedition,mapped,normalize_zero_date_to_null,normalize_or_apply_declared_default,value,personal,A evidência legada e o contrato atual comprovam esta transformação sem alterar a semântica.,integracao-regularize:tb_regularize.vencimento,087b1ec843e2e6a19a6a827b40f56762e293408546acaf2aac678215d527b829
tb_regularize.vencimento,client-pf-cnh-expiration-merge,clients.pf,merge,data_vencimento,cnh_validity,mapped,normalize_zero_date_to_null,normalize_or_apply_declared_default,value,personal,A evidência legada e o contrato atual comprovam esta transformação sem alterar a semântica.,integracao-regularize:tb_regularize.vencimento,087b1ec843e2e6a19a6a827b40f56762e293408546acaf2aac678215d527b829
tb_regularize.vencimento,client-pf-cnh-expiration-merge,clients.pf,merge,id,,not_preserved,not_preserved,not_applicable,none,none,A identidade auxiliar não substitui a identidade do ClientPF pai.,integracao-regularize:tb_regularize.vencimento,087b1ec843e2e6a19a6a827b40f56762e293408546acaf2aac678215d527b829
tb_regularize.vencimento,client-pf-cnh-expiration-merge,clients.pf,merge,referente,id,mapped,resolve_explicit_client_pf_reference,normalize_or_apply_declared_default,foreign_key,none,A chave é resolvida pelo vínculo legado explícito; zero ou múltiplos candidatos geram quarantine.,integracao-regularize:tb_regularize.vencimento,087b1ec843e2e6a19a6a827b40f56762e293408546acaf2aac678215d527b829
tb_regularize.vencimento,client-pf-cnh-expiration-merge,clients.pf,merge,tipo,,not_preserved,not_preserved,not_applicable,none,none,O tipo seleciona os campos CNH e não é persistido como texto.,integracao-regularize:tb_regularize.vencimento,087b1ec843e2e6a19a6a827b40f56762e293408546acaf2aac678215d527b829
tb_regularize.vencimento,client-pf-rg-expiration-merge,clients.pf,merge,data_expedicao,rg_expedition,mapped,normalize_zero_date_to_null,normalize_or_apply_declared_default,value,personal,A evidência legada e o contrato atual comprovam esta transformação sem alterar a semântica.,integracao-regularize:tb_regularize.vencimento,597c66efa405048c1a7c530b6911e876f94314cbd41dbc89b40c79112640e79d
tb_regularize.vencimento,client-pf-rg-expiration-merge,clients.pf,merge,data_vencimento,rg_validity,mapped,normalize_zero_date_to_null,normalize_or_apply_declared_default,value,personal,A evidência legada e o contrato atual comprovam esta transformação sem alterar a semântica.,integracao-regularize:tb_regularize.vencimento,597c66efa405048c1a7c530b6911e876f94314cbd41dbc89b40c79112640e79d
tb_regularize.vencimento,client-pf-rg-expiration-merge,clients.pf,merge,id,,not_preserved,not_preserved,not_applicable,none,none,A identidade auxiliar não substitui a identidade do ClientPF pai.,integracao-regularize:tb_regularize.vencimento,597c66efa405048c1a7c530b6911e876f94314cbd41dbc89b40c79112640e79d
tb_regularize.vencimento,client-pf-rg-expiration-merge,clients.pf,merge,referente,id,mapped,resolve_explicit_client_pf_reference,normalize_or_apply_declared_default,foreign_key,none,A chave é resolvida pelo vínculo legado explícito; zero ou múltiplos candidatos geram quarantine.,integracao-regularize:tb_regularize.vencimento,597c66efa405048c1a7c530b6911e876f94314cbd41dbc89b40c79112640e79d
tb_regularize.vencimento,client-pf-rg-expiration-merge,clients.pf,merge,tipo,,not_preserved,not_preserved,not_applicable,none,none,O tipo seleciona os campos RG e não é persistido como texto.,integracao-regularize:tb_regularize.vencimento,597c66efa405048c1a7c530b6911e876f94314cbd41dbc89b40c79112640e79d
tb_rh.alergias,user-allergies-merge,users,merge,colaborador_id,id,mapped,resolve_collaborator_user_reference,normalize_empty_to_null_or_quarantine_when_required,foreign_key,none,A referência legada é resolvida por vínculo explícito e falhas nunca fabricam entidade.,rh-pessoal:tb_rh.alergias,8d596d8ec1a6a18cceabe2af9091c1a3271d7becc05faee5ee922efe050a2418
tb_rh.alergias,user-allergies-merge,users,merge,fontes,allergies,mapped,aggregate_child_json,normalize_empty_to_null_or_quarantine_when_required,none,personal,O dado pessoal é preservado somente no destino previsto e nunca integra a quarentena.,rh-pessoal:tb_rh.alergias,8d596d8ec1a6a18cceabe2af9091c1a3271d7becc05faee5ee922efe050a2418
tb_rh.alergias,user-allergies-merge,users,merge,id,,not_preserved,not_preserved,not_applicable,none,none,A identidade da linha filha não substitui a identidade User resolvida pelo colaborador.,rh-pessoal:tb_rh.alergias,8d596d8ec1a6a18cceabe2af9091c1a3271d7becc05faee5ee922efe050a2418
tb_rh.alergias,user-allergies-merge,users,merge,nome,allergies,mapped,aggregate_child_json,normalize_empty_to_null_or_quarantine_when_required,none,personal,O dado pessoal é preservado somente no destino previsto e nunca integra a quarentena.,rh-pessoal:tb_rh.alergias,8d596d8ec1a6a18cceabe2af9091c1a3271d7becc05faee5ee922efe050a2418
tb_rh.alergias,user-allergies-merge,users,merge,tratativo,allergies,mapped,aggregate_child_json,normalize_empty_to_null_or_quarantine_when_required,none,personal,O dado pessoal é preservado somente no destino previsto e nunca integra a quarentena.,rh-pessoal:tb_rh.alergias,8d596d8ec1a6a18cceabe2af9091c1a3271d7becc05faee5ee922efe050a2418
tb_rh.colaboradores,collaborator-job-title-merge,users,merge,cargo,job_title,mapped,resolve_legacy_cargo_name,not_emit_when_legacy_cargo_is_empty_or_zero,lookup_key,personal,cargo é FK para tb_rh.cargos.id e somente o nome resolvido pode alimentar User.job_title.,v2:tb_rh.colaboradores,2f71909e181abbfddca99c1563cc5b9ace57adc38f9a9feb75ba3692015c8a3d
tb_rh.colaboradores,collaborator-user-merge,users,merge,cpf,cpf,mapped,normalize_cpf,normalize_empty_to_null_or_quarantine_when_required,none,personal,Comportamento legado e contrato atual comprovam este mapeamento de coluna.,v2:tb_rh.colaboradores,85524ac7c371f7928307738ff0767f6bc73b5a1bb6643e5468d8bb0697072069
tb_rh.colaboradores,collaborator-user-merge,users,merge,data_admissao,hire_date,mapped,normalize_date,normalize_empty_to_null_or_quarantine_when_required,none,none,Comportamento legado e contrato atual comprovam este mapeamento de coluna.,v2:tb_rh.colaboradores,85524ac7c371f7928307738ff0767f6bc73b5a1bb6643e5468d8bb0697072069
tb_rh.colaboradores,collaborator-user-merge,users,merge,data_admissao_dominio,,not_preserved,discard_without_persisting_value,not_applicable,none,none,A data de admissão no Domínio não possui campo equivalente no contrato User atual.,v2:tb_rh.colaboradores,85524ac7c371f7928307738ff0767f6bc73b5a1bb6643e5468d8bb0697072069
tb_rh.colaboradores,collaborator-user-merge,users,merge,data_demissao,termination_date,mapped,normalize_date,normalize_empty_to_null_or_quarantine_when_required,none,none,Comportamento legado e contrato atual comprovam este mapeamento de coluna.,v2:tb_rh.colaboradores,85524ac7c371f7928307738ff0767f6bc73b5a1bb6643e5468d8bb0697072069
tb_rh.colaboradores,collaborator-user-merge,users,merge,data_nascimento,birth_date,mapped,normalize_date,normalize_empty_to_null_or_quarantine_when_required,none,personal,Comportamento legado e contrato atual comprovam este mapeamento de coluna.,v2:tb_rh.colaboradores,85524ac7c371f7928307738ff0767f6bc73b5a1bb6643e5468d8bb0697072069
tb_rh.colaboradores,collaborator-user-merge,users,merge,departamento_id,department_id,mapped,resolve_department_reference,normalize_empty_to_null_or_quarantine_when_required,foreign_key,none,Comportamento legado e contrato atual comprovam este mapeamento de coluna.,v2:tb_rh.colaboradores,85524ac7c371f7928307738ff0767f6bc73b5a1bb6643e5468d8bb0697072069
tb_rh.colaboradores,collaborator-user-merge,users,merge,email,email,mapped,normalize_email,normalize_empty_to_null_or_quarantine_when_required,none,personal,Comportamento legado e contrato atual comprovam este mapeamento de coluna.,v2:tb_rh.colaboradores,85524ac7c371f7928307738ff0767f6bc73b5a1bb6643e5468d8bb0697072069
tb_rh.colaboradores,collaborator-user-merge,users,merge,endereco,address,mapped,normalize_text,normalize_empty_to_null_or_quarantine_when_required,none,personal,Comportamento legado e contrato atual comprovam este mapeamento de coluna.,v2:tb_rh.colaboradores,85524ac7c371f7928307738ff0767f6bc73b5a1bb6643e5468d8bb0697072069
tb_rh.colaboradores,collaborator-user-merge,users,merge,foto,photo_url,mapped,normalize_legacy_asset_reference,normalize_empty_to_null_or_quarantine_when_required,none,none,Comportamento legado e contrato atual comprovam este mapeamento de coluna.,v2:tb_rh.colaboradores,85524ac7c371f7928307738ff0767f6bc73b5a1bb6643e5468d8bb0697072069
tb_rh.colaboradores,collaborator-user-merge,users,merge,genero,gender,mapped,normalize_text,normalize_empty_to_null_or_quarantine_when_required,none,none,Comportamento legado e contrato atual comprovam este mapeamento de coluna.,v2:tb_rh.colaboradores,85524ac7c371f7928307738ff0767f6bc73b5a1bb6643e5468d8bb0697072069
tb_rh.colaboradores,collaborator-user-merge,users,merge,id,,not_preserved,discard_without_persisting_value,not_applicable,none,none,O identificador de colaborador não substitui a identidade administrativa ligada por user_id.,v2:tb_rh.colaboradores,85524ac7c371f7928307738ff0767f6bc73b5a1bb6643e5468d8bb0697072069
tb_rh.colaboradores,collaborator-user-merge,users,merge,nome,full_name,mapped,normalize_text,normalize_empty_to_null_or_quarantine_when_required,none,none,Comportamento legado e contrato atual comprovam este mapeamento de coluna.,v2:tb_rh.colaboradores,85524ac7c371f7928307738ff0767f6bc73b5a1bb6643e5468d8bb0697072069
tb_rh.colaboradores,collaborator-user-merge,users,merge,rg,rg,mapped,normalize_rg,normalize_empty_to_null_or_quarantine_when_required,none,personal,Comportamento legado e contrato atual comprovam este mapeamento de coluna.,v2:tb_rh.colaboradores,85524ac7c371f7928307738ff0767f6bc73b5a1bb6643e5468d8bb0697072069
tb_rh.colaboradores,collaborator-user-merge,users,merge,status,status,mapped,normalize_status,normalize_empty_to_null_or_quarantine_when_required,none,none,Comportamento legado e contrato atual comprovam este mapeamento de coluna.,v2:tb_rh.colaboradores,85524ac7c371f7928307738ff0767f6bc73b5a1bb6643e5468d8bb0697072069
tb_rh.colaboradores,collaborator-user-merge,users,merge,telefone,phone,mapped,normalize_phone,normalize_empty_to_null_or_quarantine_when_required,none,personal,Comportamento legado e contrato atual comprovam este mapeamento de coluna.,v2:tb_rh.colaboradores,85524ac7c371f7928307738ff0767f6bc73b5a1bb6643e5468d8bb0697072069
tb_rh.colaboradores,collaborator-user-merge,users,merge,user_id,id,mapped,resolve_explicit_legacy_link,normalize_empty_to_null_or_quarantine_when_required,identity,none,Comportamento legado e contrato atual comprovam este mapeamento de coluna.,v2:tb_rh.colaboradores,85524ac7c371f7928307738ff0767f6bc73b5a1bb6643e5468d8bb0697072069
tb_rh.contatos_emergencia,user-emergency-contacts-merge,users,merge,colaborador_id,id,mapped,resolve_collaborator_user_reference,normalize_empty_to_null_or_quarantine_when_required,foreign_key,none,A referência legada é resolvida por vínculo explícito e falhas nunca fabricam entidade.,rh-pessoal:tb_rh.contatos_emergencia,125611c4e727da09448d7ecaee46958dffea46df1c37a06ae0256b11b7b312d6
tb_rh.contatos_emergencia,user-emergency-contacts-merge,users,merge,id,,not_preserved,not_preserved,not_applicable,none,none,A identidade da linha filha não substitui a identidade User resolvida pelo colaborador.,rh-pessoal:tb_rh.contatos_emergencia,125611c4e727da09448d7ecaee46958dffea46df1c37a06ae0256b11b7b312d6
tb_rh.contatos_emergencia,user-emergency-contacts-merge,users,merge,nome,emergency_contacts,mapped,aggregate_child_json,normalize_empty_to_null_or_quarantine_when_required,none,personal,O dado pessoal é preservado somente no destino previsto e nunca integra a quarentena.,rh-pessoal:tb_rh.contatos_emergencia,125611c4e727da09448d7ecaee46958dffea46df1c37a06ae0256b11b7b312d6
tb_rh.contatos_emergencia,user-emergency-contacts-merge,users,merge,numero,emergency_contacts,mapped,aggregate_child_json,normalize_empty_to_null_or_quarantine_when_required,none,personal,O dado pessoal é preservado somente no destino previsto e nunca integra a quarentena.,rh-pessoal:tb_rh.contatos_emergencia,125611c4e727da09448d7ecaee46958dffea46df1c37a06ae0256b11b7b312d6
tb_rh.contatos_emergencia,user-emergency-contacts-merge,users,merge,referencia,emergency_contacts,mapped,aggregate_child_json,normalize_empty_to_null_or_quarantine_when_required,none,personal,O dado pessoal é preservado somente no destino previsto e nunca integra a quarentena.,rh-pessoal:tb_rh.contatos_emergencia,125611c4e727da09448d7ecaee46958dffea46df1c37a06ae0256b11b7b312d6
tb_rh.feriados,rh-holiday-insert,rh.holidays,insert,data,date,mapped,normalize_required_date,normalize_empty_to_null_or_quarantine_when_required,none,none,A coluna legada data alimenta date conforme o contrato atual validado.,rh-pessoal:tb_rh.feriados,aecfc875f86866567b5d750b99624e523e061315051561d4b82b99bb88eff2cd
tb_rh.feriados,rh-holiday-insert,rh.holidays,insert,id,id,mapped,uuid_v5_from_full_source_table_and_legacy_id,normalize_empty_to_null_or_quarantine_when_required,none,none,A coluna legada id alimenta id conforme o contrato atual validado.,rh-pessoal:tb_rh.feriados,aecfc875f86866567b5d750b99624e523e061315051561d4b82b99bb88eff2cd
tb_rh.feriados,rh-holiday-insert,rh.holidays,insert,nome,name,mapped,normalize_required_text,normalize_empty_to_null_or_quarantine_when_required,none,none,A coluna legada nome alimenta name conforme o contrato atual validado.,rh-pessoal:tb_rh.feriados,aecfc875f86866567b5d750b99624e523e061315051561d4b82b99bb88eff2cd
tb_rh.pontos,rh-point-config-insert,rh.pointConfig,insert,assinatura,signature,mapped,normalize_text,normalize_empty_to_null_or_quarantine_when_required,none,personal,O dado pessoal é preservado somente no destino previsto e nunca integra a quarentena.,rh-pessoal:tb_rh.pontos,fb8fd622b366c5960e747e3d4a3ca3b66575af666e30008c0e873165651d349c
tb_rh.pontos,rh-point-config-insert,rh.pointConfig,insert,banco_horas,bank_balance,mapped,time_to_minutes,normalize_empty_to_null_or_quarantine_when_required,none,none,A coluna legada banco_horas alimenta bank_balance conforme o contrato atual validado.,rh-pessoal:tb_rh.pontos,fb8fd622b366c5960e747e3d4a3ca3b66575af666e30008c0e873165651d349c
tb_rh.pontos,rh-point-config-insert,rh.pointConfig,insert,carga_horaria,,not_preserved,not_preserved,not_applicable,none,none,A configuração atual calcula jornada pelos quatro horários e não possui campo de carga separado.,rh-pessoal:tb_rh.pontos,fb8fd622b366c5960e747e3d4a3ca3b66575af666e30008c0e873165651d349c
tb_rh.pontos,rh-point-config-insert,rh.pointConfig,insert,colaborador,user_id,mapped,resolve_collaborator_user_reference,normalize_empty_to_null_or_quarantine_when_required,foreign_key,none,A referência legada é resolvida por vínculo explícito e falhas nunca fabricam entidade.,rh-pessoal:tb_rh.pontos,fb8fd622b366c5960e747e3d4a3ca3b66575af666e30008c0e873165651d349c
tb_rh.pontos,rh-point-config-insert,rh.pointConfig,insert,entrada,start_time,mapped,anchor_required_time,normalize_empty_to_null_or_quarantine_when_required,none,none,A coluna legada entrada alimenta start_time conforme o contrato atual validado.,rh-pessoal:tb_rh.pontos,fb8fd622b366c5960e747e3d4a3ca3b66575af666e30008c0e873165651d349c
tb_rh.pontos,rh-point-config-insert,rh.pointConfig,insert,id,id,mapped,uuid_v5_from_full_source_table_and_legacy_id,normalize_empty_to_null_or_quarantine_when_required,none,none,A coluna legada id alimenta id conforme o contrato atual validado.,rh-pessoal:tb_rh.pontos,fb8fd622b366c5960e747e3d4a3ca3b66575af666e30008c0e873165651d349c
tb_rh.pontos,rh-point-config-insert,rh.pointConfig,insert,retorno_almoco,lunch_return,mapped,anchor_required_time,normalize_empty_to_null_or_quarantine_when_required,none,none,A coluna legada retorno_almoco alimenta lunch_return conforme o contrato atual validado.,rh-pessoal:tb_rh.pontos,fb8fd622b366c5960e747e3d4a3ca3b66575af666e30008c0e873165651d349c
tb_rh.pontos,rh-point-config-insert,rh.pointConfig,insert,saida,end_time,mapped,anchor_required_time,normalize_empty_to_null_or_quarantine_when_required,none,none,A coluna legada saida alimenta end_time conforme o contrato atual validado.,rh-pessoal:tb_rh.pontos,fb8fd622b366c5960e747e3d4a3ca3b66575af666e30008c0e873165651d349c
tb_rh.pontos,rh-point-config-insert,rh.pointConfig,insert,saida_almoco,lunch_break,mapped,anchor_required_time,normalize_empty_to_null_or_quarantine_when_required,none,none,A coluna legada saida_almoco alimenta lunch_break conforme o contrato atual validado.,rh-pessoal:tb_rh.pontos,fb8fd622b366c5960e747e3d4a3ca3b66575af666e30008c0e873165651d349c
tb_rh.pontos_adicionais_folhas,rh-time-bank-release-insert,rh.timeBankReleases,insert,adicionado_por,added_by_user_id,mapped,resolve_collaborator_user_reference,normalize_empty_to_null_or_quarantine_when_required,foreign_key,none,O valor legado referencia tb_rh.colaboradores.id e deve resolver o User explicitamente ligado ao colaborador.,rh-pessoal:tb_rh.pontos_adicionais_folhas,cbc60a549341a78c35bc6f3a320c7dfa38e5c934f20da4394c7d274cb292d5ed
tb_rh.pontos_adicionais_folhas,rh-time-bank-release-insert,rh.timeBankReleases,insert,aprovado,is_approved,mapped,normalize_boolean,normalize_empty_to_null_or_quarantine_when_required,none,none,A coluna legada aprovado alimenta is_approved conforme o contrato atual validado.,rh-pessoal:tb_rh.pontos_adicionais_folhas,cbc60a549341a78c35bc6f3a320c7dfa38e5c934f20da4394c7d274cb292d5ed
tb_rh.pontos_adicionais_folhas,rh-time-bank-release-insert,rh.timeBankReleases,insert,colaborador,user_id,mapped,resolve_collaborator_user_reference,normalize_empty_to_null_or_quarantine_when_required,foreign_key,none,A referência legada é resolvida por vínculo explícito e falhas nunca fabricam entidade.,rh-pessoal:tb_rh.pontos_adicionais_folhas,cbc60a549341a78c35bc6f3a320c7dfa38e5c934f20da4394c7d274cb292d5ed
tb_rh.pontos_adicionais_folhas,rh-time-bank-release-insert,rh.timeBankReleases,insert,data,date,mapped,normalize_required_date,normalize_empty_to_null_or_quarantine_when_required,none,none,A coluna legada data alimenta date conforme o contrato atual validado.,rh-pessoal:tb_rh.pontos_adicionais_folhas,cbc60a549341a78c35bc6f3a320c7dfa38e5c934f20da4394c7d274cb292d5ed
tb_rh.pontos_adicionais_folhas,rh-time-bank-release-insert,rh.timeBankReleases,insert,horas,minutes,mapped,time_to_minutes,normalize_empty_to_null_or_quarantine_when_required,none,none,A coluna legada horas alimenta minutes conforme o contrato atual validado.,rh-pessoal:tb_rh.pontos_adicionais_folhas,cbc60a549341a78c35bc6f3a320c7dfa38e5c934f20da4394c7d274cb292d5ed
tb_rh.pontos_adicionais_folhas,rh-time-bank-release-insert,rh.timeBankReleases,insert,id,id,mapped,uuid_v5_from_full_source_table_and_legacy_id,normalize_empty_to_null_or_quarantine_when_required,none,none,A coluna legada id alimenta id conforme o contrato atual validado.,rh-pessoal:tb_rh.pontos_adicionais_folhas,cbc60a549341a78c35bc6f3a320c7dfa38e5c934f20da4394c7d274cb292d5ed
tb_rh.pontos_adicionais_folhas,rh-time-bank-release-insert,rh.timeBankReleases,insert,motivo,reason,mapped,normalize_required_text,normalize_empty_to_null_or_quarantine_when_required,none,personal,O dado pessoal é preservado somente no destino previsto e nunca integra a quarentena.,rh-pessoal:tb_rh.pontos_adicionais_folhas,cbc60a549341a78c35bc6f3a320c7dfa38e5c934f20da4394c7d274cb292d5ed
tb_rh.pontos_folhas,rh-time-sheet-insert,rh.timeSheets,insert,assinatura,signature,mapped,normalize_text,normalize_empty_to_null_or_quarantine_when_required,none,personal,O dado pessoal é preservado somente no destino previsto e nunca integra a quarentena.,rh-pessoal:tb_rh.pontos_folhas,82cc0e3f008c3d745c6423518ee349e1e1b1e9fc31883215d47a2b3ed421aa23
tb_rh.pontos_folhas,rh-time-sheet-insert,rh.timeSheets,insert,assinatura,status,mapped,derive_signature_status,normalize_empty_to_null_or_quarantine_when_required,none,none,A presença da assinatura legada determina status Assinada; ausência mantém Gerada.,rh-pessoal:tb_rh.pontos_folhas,82cc0e3f008c3d745c6423518ee349e1e1b1e9fc31883215d47a2b3ed421aa23
tb_rh.pontos_folhas,rh-time-sheet-insert,rh.timeSheets,insert,colaborador,user_id,mapped,resolve_collaborator_user_reference,normalize_empty_to_null_or_quarantine_when_required,foreign_key,none,A referência legada é resolvida por vínculo explícito e falhas nunca fabricam entidade.,rh-pessoal:tb_rh.pontos_folhas,82cc0e3f008c3d745c6423518ee349e1e1b1e9fc31883215d47a2b3ed421aa23
tb_rh.pontos_folhas,rh-time-sheet-insert,rh.timeSheets,insert,fim,end_time,mapped,normalize_required_date,normalize_empty_to_null_or_quarantine_when_required,none,none,A coluna legada fim alimenta end_time conforme o contrato atual validado.,rh-pessoal:tb_rh.pontos_folhas,82cc0e3f008c3d745c6423518ee349e1e1b1e9fc31883215d47a2b3ed421aa23
tb_rh.pontos_folhas,rh-time-sheet-insert,rh.timeSheets,insert,id,id,mapped,uuid_v5_from_full_source_table_and_legacy_id,normalize_empty_to_null_or_quarantine_when_required,none,none,A coluna legada id alimenta id conforme o contrato atual validado.,rh-pessoal:tb_rh.pontos_folhas,82cc0e3f008c3d745c6423518ee349e1e1b1e9fc31883215d47a2b3ed421aa23
tb_rh.pontos_folhas,rh-time-sheet-insert,rh.timeSheets,insert,inicio,start_time,mapped,normalize_required_date,normalize_empty_to_null_or_quarantine_when_required,none,none,A coluna legada inicio alimenta start_time conforme o contrato atual validado.,rh-pessoal:tb_rh.pontos_folhas,82cc0e3f008c3d745c6423518ee349e1e1b1e9fc31883215d47a2b3ed421aa23
tb_rh.pontos_registros,rh-point-insert,rh.points,insert,assinado,signature,mapped,derive_legacy_signed_marker,normalize_empty_to_null_or_quarantine_when_required,none,none,A coluna legada assinado alimenta signature conforme o contrato atual validado.,rh-pessoal:tb_rh.pontos_registros,bcee42a68b3040277bbd77b77a836673458de1081882d64096bbc953115c4255
tb_rh.pontos_registros,rh-point-insert,rh.points,insert,atraso,,not_preserved,not_preserved,not_applicable,none,none,"Atraso é informação derivável dos horários e da configuração, sem coluna própria no destino.",rh-pessoal:tb_rh.pontos_registros,bcee42a68b3040277bbd77b77a836673458de1081882d64096bbc953115c4255
tb_rh.pontos_registros,rh-point-insert,rh.points,insert,colaborador,user_id,mapped,resolve_collaborator_user_reference,normalize_empty_to_null_or_quarantine_when_required,foreign_key,none,A referência legada é resolvida por vínculo explícito e falhas nunca fabricam entidade.,rh-pessoal:tb_rh.pontos_registros,bcee42a68b3040277bbd77b77a836673458de1081882d64096bbc953115c4255
tb_rh.pontos_registros,rh-point-insert,rh.points,insert,data,clock_in,mapped,combine_date_and_required_clock_in,normalize_empty_to_null_or_quarantine_when_required,none,none,A coluna legada data alimenta clock_in conforme o contrato atual validado.,rh-pessoal:tb_rh.pontos_registros,bcee42a68b3040277bbd77b77a836673458de1081882d64096bbc953115c4255
tb_rh.pontos_registros,rh-point-insert,rh.points,insert,entrada,clock_in,mapped,combine_date_and_required_clock_in,normalize_empty_to_null_or_quarantine_when_required,none,none,A coluna legada entrada alimenta clock_in conforme o contrato atual validado.,rh-pessoal:tb_rh.pontos_registros,bcee42a68b3040277bbd77b77a836673458de1081882d64096bbc953115c4255
tb_rh.pontos_registros,rh-point-insert,rh.points,insert,hora_diaria,workload_hours,mapped,time_to_minutes,normalize_empty_to_null_or_quarantine_when_required,none,none,A coluna legada hora_diaria alimenta workload_hours conforme o contrato atual validado.,rh-pessoal:tb_rh.pontos_registros,bcee42a68b3040277bbd77b77a836673458de1081882d64096bbc953115c4255
tb_rh.pontos_registros,rh-point-insert,rh.points,insert,horas_extras,time_bank_balance,mapped,add_extra_minutes,normalize_empty_to_null_or_quarantine_when_required,none,none,A coluna legada horas_extras alimenta time_bank_balance conforme o contrato atual validado.,rh-pessoal:tb_rh.pontos_registros,bcee42a68b3040277bbd77b77a836673458de1081882d64096bbc953115c4255
tb_rh.pontos_registros,rh-point-insert,rh.points,insert,horas_faltantes,time_bank_balance,mapped,subtract_missing_minutes,normalize_empty_to_null_or_quarantine_when_required,none,none,A coluna legada horas_faltantes alimenta time_bank_balance conforme o contrato atual validado.,rh-pessoal:tb_rh.pontos_registros,bcee42a68b3040277bbd77b77a836673458de1081882d64096bbc953115c4255
tb_rh.pontos_registros,rh-point-insert,rh.points,insert,id,id,mapped,uuid_v5_from_full_source_table_and_legacy_id,normalize_empty_to_null_or_quarantine_when_required,none,none,A coluna legada id alimenta id conforme o contrato atual validado.,rh-pessoal:tb_rh.pontos_registros,bcee42a68b3040277bbd77b77a836673458de1081882d64096bbc953115c4255
tb_rh.pontos_registros,rh-point-insert,rh.points,insert,retorno_almoco,lunch_in,mapped,combine_date_and_optional_time,normalize_empty_to_null_or_quarantine_when_required,none,none,A coluna legada retorno_almoco alimenta lunch_in conforme o contrato atual validado.,rh-pessoal:tb_rh.pontos_registros,bcee42a68b3040277bbd77b77a836673458de1081882d64096bbc953115c4255
tb_rh.pontos_registros,rh-point-insert,rh.points,insert,saida,clock_out,mapped,combine_date_and_optional_time,normalize_empty_to_null_or_quarantine_when_required,none,none,A coluna legada saida alimenta clock_out conforme o contrato atual validado.,rh-pessoal:tb_rh.pontos_registros,bcee42a68b3040277bbd77b77a836673458de1081882d64096bbc953115c4255
tb_rh.pontos_registros,rh-point-insert,rh.points,insert,saida_almoco,lunch_out,mapped,combine_date_and_optional_time,normalize_empty_to_null_or_quarantine_when_required,none,none,A coluna legada saida_almoco alimenta lunch_out conforme o contrato atual validado.,rh-pessoal:tb_rh.pontos_registros,bcee42a68b3040277bbd77b77a836673458de1081882d64096bbc953115c4255
tb_rh.pontos_solicitacoes,rh-time-clock-request-insert,rh.timeClockRequest,insert,anexo,attachment,mapped,normalize_legacy_asset_reference,normalize_empty_to_null_or_quarantine_when_required,none,personal,O dado pessoal é preservado somente no destino previsto e nunca integra a quarentena.,rh-pessoal:tb_rh.pontos_solicitacoes,4bce48a26e4c4c570986fda53141d59cbd06511dccf594bbe45d554b343a433a
tb_rh.pontos_solicitacoes,rh-time-clock-request-insert,rh.timeClockRequest,insert,aprovador,approver_user_id,mapped,resolve_collaborator_user_reference,normalize_empty_to_null_or_quarantine_when_required,foreign_key,none,O valor legado referencia tb_rh.colaboradores.id e deve resolver o User explicitamente ligado ao colaborador.,rh-pessoal:tb_rh.pontos_solicitacoes,4bce48a26e4c4c570986fda53141d59cbd06511dccf594bbe45d554b343a433a
tb_rh.pontos_solicitacoes,rh-time-clock-request-insert,rh.timeClockRequest,insert,colaborador,user_id,mapped,resolve_collaborator_user_reference,normalize_empty_to_null_or_quarantine_when_required,foreign_key,none,A referência legada é resolvida por vínculo explícito e falhas nunca fabricam entidade.,rh-pessoal:tb_rh.pontos_solicitacoes,4bce48a26e4c4c570986fda53141d59cbd06511dccf594bbe45d554b343a433a
tb_rh.pontos_solicitacoes,rh-time-clock-request-insert,rh.timeClockRequest,insert,data,date,mapped,normalize_required_date,normalize_empty_to_null_or_quarantine_when_required,none,none,A coluna legada data alimenta date conforme o contrato atual validado.,rh-pessoal:tb_rh.pontos_solicitacoes,4bce48a26e4c4c570986fda53141d59cbd06511dccf594bbe45d554b343a433a
tb_rh.pontos_solicitacoes,rh-time-clock-request-insert,rh.timeClockRequest,insert,entrada,clock_in,mapped,combine_date_and_required_clock_in,normalize_empty_to_null_or_quarantine_when_required,none,none,A coluna legada entrada alimenta clock_in conforme o contrato atual validado.,rh-pessoal:tb_rh.pontos_solicitacoes,4bce48a26e4c4c570986fda53141d59cbd06511dccf594bbe45d554b343a433a
tb_rh.pontos_solicitacoes,rh-time-clock-request-insert,rh.timeClockRequest,insert,id,id,mapped,uuid_v5_from_full_source_table_and_legacy_id,normalize_empty_to_null_or_quarantine_when_required,none,none,A coluna legada id alimenta id conforme o contrato atual validado.,rh-pessoal:tb_rh.pontos_solicitacoes,4bce48a26e4c4c570986fda53141d59cbd06511dccf594bbe45d554b343a433a
tb_rh.pontos_solicitacoes,rh-time-clock-request-insert,rh.timeClockRequest,insert,justificativa,justification,mapped,normalize_required_text,normalize_empty_to_null_or_quarantine_when_required,none,personal,O dado pessoal é preservado somente no destino previsto e nunca integra a quarentena.,rh-pessoal:tb_rh.pontos_solicitacoes,4bce48a26e4c4c570986fda53141d59cbd06511dccf594bbe45d554b343a433a
tb_rh.pontos_solicitacoes,rh-time-clock-request-insert,rh.timeClockRequest,insert,obs_aprovador,obs_approver,mapped,normalize_text,normalize_empty_to_null_or_quarantine_when_required,none,personal,O dado pessoal é preservado somente no destino previsto e nunca integra a quarentena.,rh-pessoal:tb_rh.pontos_solicitacoes,4bce48a26e4c4c570986fda53141d59cbd06511dccf594bbe45d554b343a433a
tb_rh.pontos_solicitacoes,rh-time-clock-request-insert,rh.timeClockRequest,insert,ponto,point_id,mapped,resolve_point_reference,normalize_empty_to_null_or_quarantine_when_required,foreign_key,none,A referência legada é resolvida por vínculo explícito e falhas nunca fabricam entidade.,rh-pessoal:tb_rh.pontos_solicitacoes,4bce48a26e4c4c570986fda53141d59cbd06511dccf594bbe45d554b343a433a
tb_rh.pontos_solicitacoes,rh-time-clock-request-insert,rh.timeClockRequest,insert,retorno_almoco,lunch_in,mapped,combine_date_and_optional_time,normalize_empty_to_null_or_quarantine_when_required,none,none,A coluna legada retorno_almoco alimenta lunch_in conforme o contrato atual validado.,rh-pessoal:tb_rh.pontos_solicitacoes,4bce48a26e4c4c570986fda53141d59cbd06511dccf594bbe45d554b343a433a
tb_rh.pontos_solicitacoes,rh-time-clock-request-insert,rh.timeClockRequest,insert,saida,clock_out,mapped,combine_date_and_optional_time,normalize_empty_to_null_or_quarantine_when_required,none,none,A coluna legada saida alimenta clock_out conforme o contrato atual validado.,rh-pessoal:tb_rh.pontos_solicitacoes,4bce48a26e4c4c570986fda53141d59cbd06511dccf594bbe45d554b343a433a
tb_rh.pontos_solicitacoes,rh-time-clock-request-insert,rh.timeClockRequest,insert,saida_almoco,lunch_out,mapped,combine_date_and_optional_time,normalize_empty_to_null_or_quarantine_when_required,none,none,A coluna legada saida_almoco alimenta lunch_out conforme o contrato atual validado.,rh-pessoal:tb_rh.pontos_solicitacoes,4bce48a26e4c4c570986fda53141d59cbd06511dccf594bbe45d554b343a433a
tb_rh.pontos_solicitacoes,rh-time-clock-request-insert,rh.timeClockRequest,insert,status,status,mapped,normalize_time_clock_request_status,normalize_empty_to_null_or_quarantine_when_required,none,none,A coluna legada status alimenta status conforme o contrato atual validado.,rh-pessoal:tb_rh.pontos_solicitacoes,4bce48a26e4c4c570986fda53141d59cbd06511dccf594bbe45d554b343a433a
tb_rh.score,rh-score-insert,rh.score,insert,col_id,user_id,mapped,resolve_collaborator_user_reference,normalize_empty_to_null_or_quarantine_when_required,foreign_key,none,A referência legada é resolvida por vínculo explícito e falhas nunca fabricam entidade.,rh-pessoal:tb_rh.score,38df458476e2f4ad2a360693eac6cf520c306be9f3312c62124c47e949bd43d4
tb_rh.score,rh-score-insert,rh.score,insert,id,id,mapped,uuid_v5_from_full_source_table_and_legacy_id,normalize_empty_to_null_or_quarantine_when_required,none,none,A coluna legada id alimenta id conforme o contrato atual validado.,rh-pessoal:tb_rh.score,38df458476e2f4ad2a360693eac6cf520c306be9f3312c62124c47e949bd43d4
tb_rh.score,rh-score-insert,rh.score,insert,score,final_score,mapped,fallback_when_score_final_empty,normalize_empty_to_null_or_quarantine_when_required,none,none,A coluna legada score alimenta final_score conforme o contrato atual validado.,rh-pessoal:tb_rh.score,38df458476e2f4ad2a360693eac6cf520c306be9f3312c62124c47e949bd43d4
tb_rh.score,rh-score-insert,rh.score,insert,score_comportamental,behavioral,mapped,normalize_number,normalize_empty_to_null_or_quarantine_when_required,none,none,A coluna legada score_comportamental alimenta behavioral conforme o contrato atual validado.,rh-pessoal:tb_rh.score,38df458476e2f4ad2a360693eac6cf520c306be9f3312c62124c47e949bd43d4
tb_rh.score,rh-score-insert,rh.score,insert,score_final,final_score,mapped,prefer_normalized_score_final,normalize_empty_to_null_or_quarantine_when_required,none,none,A coluna legada score_final alimenta final_score conforme o contrato atual validado.,rh-pessoal:tb_rh.score,38df458476e2f4ad2a360693eac6cf520c306be9f3312c62124c47e949bd43d4
tb_rh.score,rh-score-insert,rh.score,insert,score_lider,leadership,mapped,normalize_number,normalize_empty_to_null_or_quarantine_when_required,none,none,A coluna legada score_lider alimenta leadership conforme o contrato atual validado.,rh-pessoal:tb_rh.score,38df458476e2f4ad2a360693eac6cf520c306be9f3312c62124c47e949bd43d4
tb_rh.score,rh-score-insert,rh.score,insert,score_tecnico,technical,mapped,normalize_number,normalize_empty_to_null_or_quarantine_when_required,none,none,A coluna legada score_tecnico alimenta technical conforme o contrato atual validado.,rh-pessoal:tb_rh.score,38df458476e2f4ad2a360693eac6cf520c306be9f3312c62124c47e949bd43d4
tb_rh.score,rh-score-insert,rh.score,insert,score_ti,technology,mapped,normalize_number,normalize_empty_to_null_or_quarantine_when_required,none,none,A coluna legada score_ti alimenta technology conforme o contrato atual validado.,rh-pessoal:tb_rh.score,38df458476e2f4ad2a360693eac6cf520c306be9f3312c62124c47e949bd43d4
tb_rh.score,rh-score-insert,rh.score,insert,trimestre,quarter,mapped,normalize_required_text,normalize_empty_to_null_or_quarantine_when_required,none,none,A coluna legada trimestre alimenta quarter conforme o contrato atual validado.,rh-pessoal:tb_rh.score,38df458476e2f4ad2a360693eac6cf520c306be9f3312c62124c47e949bd43d4
tb_rh.score_avaliacoes,rh-score-evaluation-insert,rh.score_evaluations,insert,avaliador,evaluator_role,mapped,normalize_score_evaluator_role_code,normalize_empty_to_null_or_quarantine_when_required,none,none,"O legado grava o papel em avaliador: 0=SELF, 1=LEADER, 2=RH, 3=DIRECTOR, 4=TI e 5=SUBORDINATE.",rh-pessoal:tb_rh.score_avaliacoes,bcf80c3469b61473645fe8383020ca783c76dbe7d2c5afbf018f9285e754fcd1
tb_rh.score_avaliacoes,rh-score-evaluation-insert,rh.score_evaluations,insert,col_id,score_id,mapped,resolve_score_by_collaborator_and_quarter,normalize_empty_to_null_or_quarantine_when_required,foreign_key,none,A referência legada é resolvida por vínculo explícito e falhas nunca fabricam entidade.,rh-pessoal:tb_rh.score_avaliacoes,bcf80c3469b61473645fe8383020ca783c76dbe7d2c5afbf018f9285e754fcd1
tb_rh.score_avaliacoes,rh-score-evaluation-insert,rh.score_evaluations,insert,id,id,mapped,uuid_v5_from_full_source_table_and_legacy_id,normalize_empty_to_null_or_quarantine_when_required,none,none,A coluna legada id alimenta id conforme o contrato atual validado.,rh-pessoal:tb_rh.score_avaliacoes,bcf80c3469b61473645fe8383020ca783c76dbe7d2c5afbf018f9285e754fcd1
tb_rh.score_avaliacoes,rh-score-evaluation-insert,rh.score_evaluations,insert,n1,answers,mapped,aggregate_score_answers_json,normalize_empty_to_null_or_quarantine_when_required,none,none,As respostas e observações legadas são agregadas deterministicamente no JSON answers atual.,rh-pessoal:tb_rh.score_avaliacoes,bcf80c3469b61473645fe8383020ca783c76dbe7d2c5afbf018f9285e754fcd1
tb_rh.score_avaliacoes,rh-score-evaluation-insert,rh.score_evaluations,insert,n2,answers,mapped,aggregate_score_answers_json,normalize_empty_to_null_or_quarantine_when_required,none,none,As respostas e observações legadas são agregadas deterministicamente no JSON answers atual.,rh-pessoal:tb_rh.score_avaliacoes,bcf80c3469b61473645fe8383020ca783c76dbe7d2c5afbf018f9285e754fcd1
tb_rh.score_avaliacoes,rh-score-evaluation-insert,rh.score_evaluations,insert,n3,answers,mapped,aggregate_score_answers_json,normalize_empty_to_null_or_quarantine_when_required,none,none,As respostas e observações legadas são agregadas deterministicamente no JSON answers atual.,rh-pessoal:tb_rh.score_avaliacoes,bcf80c3469b61473645fe8383020ca783c76dbe7d2c5afbf018f9285e754fcd1
tb_rh.score_avaliacoes,rh-score-evaluation-insert,rh.score_evaluations,insert,n4,answers,mapped,aggregate_score_answers_json,normalize_empty_to_null_or_quarantine_when_required,none,none,As respostas e observações legadas são agregadas deterministicamente no JSON answers atual.,rh-pessoal:tb_rh.score_avaliacoes,bcf80c3469b61473645fe8383020ca783c76dbe7d2c5afbf018f9285e754fcd1
tb_rh.score_avaliacoes,rh-score-evaluation-insert,rh.score_evaluations,insert,n5,answers,mapped,aggregate_score_answers_json,normalize_empty_to_null_or_quarantine_when_required,none,none,As respostas e observações legadas são agregadas deterministicamente no JSON answers atual.,rh-pessoal:tb_rh.score_avaliacoes,bcf80c3469b61473645fe8383020ca783c76dbe7d2c5afbf018f9285e754fcd1
tb_rh.score_avaliacoes,rh-score-evaluation-insert,rh.score_evaluations,insert,n6,answers,mapped,aggregate_score_answers_json,normalize_empty_to_null_or_quarantine_when_required,none,none,As respostas e observações legadas são agregadas deterministicamente no JSON answers atual.,rh-pessoal:tb_rh.score_avaliacoes,bcf80c3469b61473645fe8383020ca783c76dbe7d2c5afbf018f9285e754fcd1
tb_rh.score_avaliacoes,rh-score-evaluation-insert,rh.score_evaluations,insert,n7,answers,mapped,aggregate_score_answers_json,normalize_empty_to_null_or_quarantine_when_required,none,none,As respostas e observações legadas são agregadas deterministicamente no JSON answers atual.,rh-pessoal:tb_rh.score_avaliacoes,bcf80c3469b61473645fe8383020ca783c76dbe7d2c5afbf018f9285e754fcd1
tb_rh.score_avaliacoes,rh-score-evaluation-insert,rh.score_evaluations,insert,n8,answers,mapped,aggregate_score_answers_json,normalize_empty_to_null_or_quarantine_when_required,none,none,As respostas e observações legadas são agregadas deterministicamente no JSON answers atual.,rh-pessoal:tb_rh.score_avaliacoes,bcf80c3469b61473645fe8383020ca783c76dbe7d2c5afbf018f9285e754fcd1
tb_rh.score_avaliacoes,rh-score-evaluation-insert,rh.score_evaluations,insert,obs1,answers,mapped,aggregate_score_answers_json,normalize_empty_to_null_or_quarantine_when_required,none,personal,As respostas e observações legadas são agregadas deterministicamente no JSON answers atual.,rh-pessoal:tb_rh.score_avaliacoes,bcf80c3469b61473645fe8383020ca783c76dbe7d2c5afbf018f9285e754fcd1
tb_rh.score_avaliacoes,rh-score-evaluation-insert,rh.score_evaluations,insert,obs2,answers,mapped,aggregate_score_answers_json,normalize_empty_to_null_or_quarantine_when_required,none,personal,As respostas e observações legadas são agregadas deterministicamente no JSON answers atual.,rh-pessoal:tb_rh.score_avaliacoes,bcf80c3469b61473645fe8383020ca783c76dbe7d2c5afbf018f9285e754fcd1
tb_rh.score_avaliacoes,rh-score-evaluation-insert,rh.score_evaluations,insert,obs3,answers,mapped,aggregate_score_answers_json,normalize_empty_to_null_or_quarantine_when_required,none,personal,As respostas e observações legadas são agregadas deterministicamente no JSON answers atual.,rh-pessoal:tb_rh.score_avaliacoes,bcf80c3469b61473645fe8383020ca783c76dbe7d2c5afbf018f9285e754fcd1
tb_rh.score_avaliacoes,rh-score-evaluation-insert,rh.score_evaluations,insert,obs4,answers,mapped,aggregate_score_answers_json,normalize_empty_to_null_or_quarantine_when_required,none,personal,As respostas e observações legadas são agregadas deterministicamente no JSON answers atual.,rh-pessoal:tb_rh.score_avaliacoes,bcf80c3469b61473645fe8383020ca783c76dbe7d2c5afbf018f9285e754fcd1
tb_rh.score_avaliacoes,rh-score-evaluation-insert,rh.score_evaluations,insert,obs5,answers,mapped,aggregate_score_answers_json,normalize_empty_to_null_or_quarantine_when_required,none,personal,As respostas e observações legadas são agregadas deterministicamente no JSON answers atual.,rh-pessoal:tb_rh.score_avaliacoes,bcf80c3469b61473645fe8383020ca783c76dbe7d2c5afbf018f9285e754fcd1
tb_rh.score_avaliacoes,rh-score-evaluation-insert,rh.score_evaluations,insert,obs6,answers,mapped,aggregate_score_answers_json,normalize_empty_to_null_or_quarantine_when_required,none,personal,As respostas e observações legadas são agregadas deterministicamente no JSON answers atual.,rh-pessoal:tb_rh.score_avaliacoes,bcf80c3469b61473645fe8383020ca783c76dbe7d2c5afbf018f9285e754fcd1
tb_rh.score_avaliacoes,rh-score-evaluation-insert,rh.score_evaluations,insert,obs7,answers,mapped,aggregate_score_answers_json,normalize_empty_to_null_or_quarantine_when_required,none,personal,As respostas e observações legadas são agregadas deterministicamente no JSON answers atual.,rh-pessoal:tb_rh.score_avaliacoes,bcf80c3469b61473645fe8383020ca783c76dbe7d2c5afbf018f9285e754fcd1
tb_rh.score_avaliacoes,rh-score-evaluation-insert,rh.score_evaluations,insert,obs8,answers,mapped,aggregate_score_answers_json,normalize_empty_to_null_or_quarantine_when_required,none,personal,As respostas e observações legadas são agregadas deterministicamente no JSON answers atual.,rh-pessoal:tb_rh.score_avaliacoes,bcf80c3469b61473645fe8383020ca783c76dbe7d2c5afbf018f9285e754fcd1
tb_rh.score_avaliacoes,rh-score-evaluation-insert,rh.score_evaluations,insert,p1,answers,mapped,aggregate_score_answers_json,normalize_empty_to_null_or_quarantine_when_required,none,none,As respostas e observações legadas são agregadas deterministicamente no JSON answers atual.,rh-pessoal:tb_rh.score_avaliacoes,bcf80c3469b61473645fe8383020ca783c76dbe7d2c5afbf018f9285e754fcd1
tb_rh.score_avaliacoes,rh-score-evaluation-insert,rh.score_evaluations,insert,p1,average_score,mapped,derive_average_from_aggregated_answers,normalize_empty_to_null_or_quarantine_when_required,none,none,A coluna legada p1 alimenta average_score conforme o contrato atual validado.,rh-pessoal:tb_rh.score_avaliacoes,bcf80c3469b61473645fe8383020ca783c76dbe7d2c5afbf018f9285e754fcd1
tb_rh.score_avaliacoes,rh-score-evaluation-insert,rh.score_evaluations,insert,p2,answers,mapped,aggregate_score_answers_json,normalize_empty_to_null_or_quarantine_when_required,none,none,As respostas e observações legadas são agregadas deterministicamente no JSON answers atual.,rh-pessoal:tb_rh.score_avaliacoes,bcf80c3469b61473645fe8383020ca783c76dbe7d2c5afbf018f9285e754fcd1
tb_rh.score_avaliacoes,rh-score-evaluation-insert,rh.score_evaluations,insert,p3,answers,mapped,aggregate_score_answers_json,normalize_empty_to_null_or_quarantine_when_required,none,none,As respostas e observações legadas são agregadas deterministicamente no JSON answers atual.,rh-pessoal:tb_rh.score_avaliacoes,bcf80c3469b61473645fe8383020ca783c76dbe7d2c5afbf018f9285e754fcd1
tb_rh.score_avaliacoes,rh-score-evaluation-insert,rh.score_evaluations,insert,p4,answers,mapped,aggregate_score_answers_json,normalize_empty_to_null_or_quarantine_when_required,none,none,As respostas e observações legadas são agregadas deterministicamente no JSON answers atual.,rh-pessoal:tb_rh.score_avaliacoes,bcf80c3469b61473645fe8383020ca783c76dbe7d2c5afbf018f9285e754fcd1
tb_rh.score_avaliacoes,rh-score-evaluation-insert,rh.score_evaluations,insert,p5,answers,mapped,aggregate_score_answers_json,normalize_empty_to_null_or_quarantine_when_required,none,none,As respostas e observações legadas são agregadas deterministicamente no JSON answers atual.,rh-pessoal:tb_rh.score_avaliacoes,bcf80c3469b61473645fe8383020ca783c76dbe7d2c5afbf018f9285e754fcd1
tb_rh.score_avaliacoes,rh-score-evaluation-insert,rh.score_evaluations,insert,p6,answers,mapped,aggregate_score_answers_json,normalize_empty_to_null_or_quarantine_when_required,none,none,As respostas e observações legadas são agregadas deterministicamente no JSON answers atual.,rh-pessoal:tb_rh.score_avaliacoes,bcf80c3469b61473645fe8383020ca783c76dbe7d2c5afbf018f9285e754fcd1
tb_rh.score_avaliacoes,rh-score-evaluation-insert,rh.score_evaluations,insert,p7,answers,mapped,aggregate_score_answers_json,normalize_empty_to_null_or_quarantine_when_required,none,none,As respostas e observações legadas são agregadas deterministicamente no JSON answers atual.,rh-pessoal:tb_rh.score_avaliacoes,bcf80c3469b61473645fe8383020ca783c76dbe7d2c5afbf018f9285e754fcd1
tb_rh.score_avaliacoes,rh-score-evaluation-insert,rh.score_evaluations,insert,p8,answers,mapped,aggregate_score_answers_json,normalize_empty_to_null_or_quarantine_when_required,none,none,As respostas e observações legadas são agregadas deterministicamente no JSON answers atual.,rh-pessoal:tb_rh.score_avaliacoes,bcf80c3469b61473645fe8383020ca783c76dbe7d2c5afbf018f9285e754fcd1
tb_rh.score_avaliacoes,rh-score-evaluation-insert,rh.score_evaluations,insert,status,status,mapped,normalize_score_evaluation_status,normalize_empty_to_null_or_quarantine_when_required,none,none,A coluna legada status alimenta status conforme o contrato atual validado.,rh-pessoal:tb_rh.score_avaliacoes,bcf80c3469b61473645fe8383020ca783c76dbe7d2c5afbf018f9285e754fcd1
tb_rh.score_avaliacoes,rh-score-evaluation-insert,rh.score_evaluations,insert,tipo,type,mapped,normalize_score_question_type,normalize_empty_to_null_or_quarantine_when_required,none,none,A coluna legada tipo alimenta type conforme o contrato atual validado.,rh-pessoal:tb_rh.score_avaliacoes,bcf80c3469b61473645fe8383020ca783c76dbe7d2c5afbf018f9285e754fcd1
tb_rh.score_avaliacoes,rh-score-evaluation-insert,rh.score_evaluations,insert,trimestre,score_id,mapped,resolve_score_by_collaborator_and_quarter,normalize_empty_to_null_or_quarantine_when_required,foreign_key,none,A referência legada é resolvida por vínculo explícito e falhas nunca fabricam entidade.,rh-pessoal:tb_rh.score_avaliacoes,bcf80c3469b61473645fe8383020ca783c76dbe7d2c5afbf018f9285e754fcd1
tb_rh.score_avaliacoes,rh-score-evaluation-insert,rh.score_evaluations,insert,user_id,evaluator_id,mapped,resolve_optional_user_reference,normalize_empty_to_null_or_quarantine_when_required,foreign_key,none,A referência legada é resolvida por vínculo explícito e falhas nunca fabricam entidade.,rh-pessoal:tb_rh.score_avaliacoes,bcf80c3469b61473645fe8383020ca783c76dbe7d2c5afbf018f9285e754fcd1
tb_rh.score_nitro,rh-score-nitro-insert,rh.score_nitro,insert,avaliacoes,hours_score,mapped,derive_legacy_nitro_hours_score,normalize_empty_to_null_or_quarantine_when_required,none,none,"Avaliações >= 8 acrescentam 0,5 ao Nitro legado; o bônus é somado ao bônus de horas no campo aditivo hours_score.",rh-pessoal:tb_rh.score_nitro,0a1a0110afcd660efdd3b98087f7c6edddc684d1ce31e0f16abf27e563d1efc7
tb_rh.score_nitro,rh-score-nitro-insert,rh.score_nitro,insert,ch,hours_score,mapped,derive_legacy_nitro_hours_score,normalize_empty_to_null_or_quarantine_when_required,none,none,Carga horária >= 10 acrescenta 1 ao Nitro legado; o bônus é somado ao bônus de avaliações em hours_score.,rh-pessoal:tb_rh.score_nitro,0a1a0110afcd660efdd3b98087f7c6edddc684d1ce31e0f16abf27e563d1efc7
tb_rh.score_nitro,rh-score-nitro-insert,rh.score_nitro,insert,ch,total_hours,mapped,normalize_legacy_nitro_total_hours,normalize_empty_to_null_or_quarantine_when_required,none,none,A coluna legada ch alimenta total_hours conforme o contrato atual validado.,rh-pessoal:tb_rh.score_nitro,0a1a0110afcd660efdd3b98087f7c6edddc684d1ce31e0f16abf27e563d1efc7
tb_rh.score_nitro,rh-score-nitro-insert,rh.score_nitro,insert,col_id,score_id,mapped,resolve_score_by_collaborator_and_quarter,normalize_empty_to_null_or_quarantine_when_required,foreign_key,none,A referência legada é resolvida por vínculo explícito e falhas nunca fabricam entidade.,rh-pessoal:tb_rh.score_nitro,0a1a0110afcd660efdd3b98087f7c6edddc684d1ce31e0f16abf27e563d1efc7
tb_rh.score_nitro,rh-score-nitro-insert,rh.score_nitro,insert,erros,errors_score,mapped,normalize_legacy_nitro_errors_score,normalize_empty_to_null_or_quarantine_when_required,none,none,"O legado soma erros negativos; o contrato atual subtrai errors_score, portanto o sinal é invertido para preservar a contribuição.",rh-pessoal:tb_rh.score_nitro,0a1a0110afcd660efdd3b98087f7c6edddc684d1ce31e0f16abf27e563d1efc7
tb_rh.score_nitro,rh-score-nitro-insert,rh.score_nitro,insert,erros,total_errors,mapped,normalize_legacy_nitro_total_errors,normalize_empty_to_null_or_quarantine_when_required,none,none,A coluna legada erros alimenta total_errors conforme o contrato atual validado.,rh-pessoal:tb_rh.score_nitro,0a1a0110afcd660efdd3b98087f7c6edddc684d1ce31e0f16abf27e563d1efc7
tb_rh.score_nitro,rh-score-nitro-insert,rh.score_nitro,insert,id,id,mapped,uuid_v5_from_full_source_table_and_legacy_id,normalize_empty_to_null_or_quarantine_when_required,none,none,A coluna legada id alimenta id conforme o contrato atual validado.,rh-pessoal:tb_rh.score_nitro,0a1a0110afcd660efdd3b98087f7c6edddc684d1ce31e0f16abf27e563d1efc7
tb_rh.score_nitro,rh-score-nitro-insert,rh.score_nitro,insert,pastas,folders_score,mapped,normalize_legacy_nitro_folders_score,normalize_empty_to_null_or_quarantine_when_required,none,none,"Pastas positivas acrescentam 0,5, negativas subtraem 0,5 e zero não altera o Nitro.",rh-pessoal:tb_rh.score_nitro,0a1a0110afcd660efdd3b98087f7c6edddc684d1ce31e0f16abf27e563d1efc7
tb_rh.score_nitro,rh-score-nitro-insert,rh.score_nitro,insert,projetos,projects_score,mapped,normalize_legacy_nitro_projects_score,normalize_empty_to_null_or_quarantine_when_required,none,none,A coluna legada projetos alimenta projects_score conforme o contrato atual validado.,rh-pessoal:tb_rh.score_nitro,0a1a0110afcd660efdd3b98087f7c6edddc684d1ce31e0f16abf27e563d1efc7
tb_rh.score_nitro,rh-score-nitro-insert,rh.score_nitro,insert,trimestre,score_id,mapped,resolve_score_by_collaborator_and_quarter,normalize_empty_to_null_or_quarantine_when_required,foreign_key,none,A referência legada é resolvida por vínculo explícito e falhas nunca fabricam entidade.,rh-pessoal:tb_rh.score_nitro,0a1a0110afcd660efdd3b98087f7c6edddc684d1ce31e0f16abf27e563d1efc7
tb_rh.score_perguntas,rh-score-question-insert,rh.score_questions,insert,avaliacao,type,mapped,normalize_score_question_type,normalize_empty_to_null_or_quarantine_when_required,none,none,A coluna legada avaliacao alimenta type conforme o contrato atual validado.,rh-pessoal:tb_rh.score_perguntas,eeba50fc5cc0a927d202cf63ef4b2c46e891760435a967f661332bc4c12647db
tb_rh.score_perguntas,rh-score-question-insert,rh.score_questions,insert,id,id,mapped,uuid_v5_from_full_source_table_and_legacy_id,normalize_empty_to_null_or_quarantine_when_required,none,none,A coluna legada id alimenta id conforme o contrato atual validado.,rh-pessoal:tb_rh.score_perguntas,eeba50fc5cc0a927d202cf63ef4b2c46e891760435a967f661332bc4c12647db
tb_rh.score_perguntas,rh-score-question-insert,rh.score_questions,insert,id,question_id,mapped,stringify_legacy_id,normalize_empty_to_null_or_quarantine_when_required,none,none,A coluna legada id alimenta question_id conforme o contrato atual validado.,rh-pessoal:tb_rh.score_perguntas,eeba50fc5cc0a927d202cf63ef4b2c46e891760435a967f661332bc4c12647db
tb_rh.score_perguntas,rh-score-question-insert,rh.score_questions,insert,quesito,question,mapped,normalize_required_text,normalize_empty_to_null_or_quarantine_when_required,none,none,A coluna legada quesito alimenta question conforme o contrato atual validado.,rh-pessoal:tb_rh.score_perguntas,eeba50fc5cc0a927d202cf63ef4b2c46e891760435a967f661332bc4c12647db
tb_rh.score_perguntas,rh-score-question-insert,rh.score_questions,insert,status,active,mapped,normalize_boolean,normalize_empty_to_null_or_quarantine_when_required,none,none,A coluna legada status alimenta active conforme o contrato atual validado.,rh-pessoal:tb_rh.score_perguntas,eeba50fc5cc0a927d202cf63ef4b2c46e891760435a967f661332bc4c12647db
tb_rh.solicitacoes,rh-request-insert,rh.requests,insert,atribuido,assigned_to_user_id,mapped,resolve_required_collaborator_rh_assignee,required_lookup_never_null,foreign_key,none,"Assignee explícito referencia tb_rh.colaboradores.id e resolve seu User no tenant; ausência exige exatamente um User ativo no tenant, diferente do requester e com permissions.rh >= 1.",rh-pessoal:tb_rh.solicitacoes,3ad5231c25355505c04699d0d8df568c84552a89051d02bb6375fde08d6c6df1
tb_rh.solicitacoes,rh-request-insert,rh.requests,insert,categoria,category_id,mapped,resolve_request_category_reference,normalize_empty_to_null_or_quarantine_when_required,foreign_key,none,A referência legada é resolvida por vínculo explícito e falhas nunca fabricam entidade.,rh-pessoal:tb_rh.solicitacoes,3ad5231c25355505c04699d0d8df568c84552a89051d02bb6375fde08d6c6df1
tb_rh.solicitacoes,rh-request-insert,rh.requests,insert,data_atualizacao,updated_at,mapped,normalize_required_date_with_created_fallback,normalize_empty_to_null_or_quarantine_when_required,none,none,A coluna legada data_atualizacao alimenta updated_at conforme o contrato atual validado.,rh-pessoal:tb_rh.solicitacoes,3ad5231c25355505c04699d0d8df568c84552a89051d02bb6375fde08d6c6df1
tb_rh.solicitacoes,rh-request-insert,rh.requests,insert,data_cadastro,created_at,mapped,normalize_required_date,normalize_empty_to_null_or_quarantine_when_required,none,none,A coluna legada data_cadastro alimenta created_at conforme o contrato atual validado.,rh-pessoal:tb_rh.solicitacoes,3ad5231c25355505c04699d0d8df568c84552a89051d02bb6375fde08d6c6df1
tb_rh.solicitacoes,rh-request-insert,rh.requests,insert,descricao,description,mapped,normalize_required_text,normalize_empty_to_null_or_quarantine_when_required,none,personal,O dado pessoal é preservado somente no destino previsto e nunca integra a quarentena.,rh-pessoal:tb_rh.solicitacoes,3ad5231c25355505c04699d0d8df568c84552a89051d02bb6375fde08d6c6df1
tb_rh.solicitacoes,rh-request-insert,rh.requests,insert,id,id,mapped,uuid_v5_from_full_source_table_and_legacy_id,normalize_empty_to_null_or_quarantine_when_required,none,none,A coluna legada id alimenta id conforme o contrato atual validado.,rh-pessoal:tb_rh.solicitacoes,3ad5231c25355505c04699d0d8df568c84552a89051d02bb6375fde08d6c6df1
tb_rh.solicitacoes,rh-request-insert,rh.requests,insert,requerente,requester_user_id,mapped,resolve_collaborator_user_reference,normalize_empty_to_null_or_quarantine_when_required,foreign_key,none,"requerente referencia tb_rh.colaboradores.id e deve resolver o User ligado, nunca o mesmo id em tb_admin.usuarios.",rh-pessoal:tb_rh.solicitacoes,3ad5231c25355505c04699d0d8df568c84552a89051d02bb6375fde08d6c6df1
tb_rh.solicitacoes,rh-request-insert,rh.requests,insert,status,status,mapped,normalize_rh_request_status,normalize_empty_to_null_or_quarantine_when_required,none,none,A coluna legada status alimenta status conforme o contrato atual validado.,rh-pessoal:tb_rh.solicitacoes,3ad5231c25355505c04699d0d8df568c84552a89051d02bb6375fde08d6c6df1
tb_rh.solicitacoes,rh-request-insert,rh.requests,insert,titulo,title,mapped,normalize_required_text,normalize_empty_to_null_or_quarantine_when_required,none,none,A coluna legada titulo alimenta title conforme o contrato atual validado.,rh-pessoal:tb_rh.solicitacoes,3ad5231c25355505c04699d0d8df568c84552a89051d02bb6375fde08d6c6df1
tb_rh.solicitacoes,rh-request-insert,rh.requests,insert,urgencia,urgency,mapped,normalize_rh_request_urgency,normalize_empty_to_null_or_quarantine_when_required,none,none,A coluna legada urgencia alimenta urgency conforme o contrato atual validado.,rh-pessoal:tb_rh.solicitacoes,3ad5231c25355505c04699d0d8df568c84552a89051d02bb6375fde08d6c6df1
tb_rh.solicitacoes_categorias,rh-request-category-insert,rh.request_categories,insert,categoria,name,mapped,normalize_required_text,normalize_empty_to_null_or_quarantine_when_required,none,none,A coluna legada categoria alimenta name conforme o contrato atual validado.,rh-pessoal:tb_rh.solicitacoes_categorias,178febd9942f9c0a927b69c06eaa5b50e241e6bb4c0ea2f92f292f65b6aff51c
tb_rh.solicitacoes_categorias,rh-request-category-insert,rh.request_categories,insert,id,id,mapped,uuid_v5_from_full_source_table_and_legacy_id,normalize_empty_to_null_or_quarantine_when_required,none,none,A coluna legada id alimenta id conforme o contrato atual validado.,rh-pessoal:tb_rh.solicitacoes_categorias,178febd9942f9c0a927b69c06eaa5b50e241e6bb4c0ea2f92f292f65b6aff51c
tb_rh.solicitacoes_categorias,rh-request-category-insert,rh.request_categories,insert,status,active,mapped,normalize_boolean,normalize_empty_to_null_or_quarantine_when_required,none,none,A coluna legada status alimenta active conforme o contrato atual validado.,rh-pessoal:tb_rh.solicitacoes_categorias,178febd9942f9c0a927b69c06eaa5b50e241e6bb4c0ea2f92f292f65b6aff51c
tb_rh.solicitacoes_mensagens,rh-request-message-insert,rh.request_messages,insert,data_envio,created_at,mapped,normalize_required_date,normalize_empty_to_null_or_quarantine_when_required,none,none,A coluna legada data_envio alimenta created_at conforme o contrato atual validado.,rh-pessoal:tb_rh.solicitacoes_mensagens,9acbaaa4def82aed4af0192ac4e897bf17ad5de2807e553b9e1f09ff503bc942
tb_rh.solicitacoes_mensagens,rh-request-message-insert,rh.request_messages,insert,destinatario,,not_preserved,not_preserved,not_applicable,none,personal,O destinatário é derivado dos participantes da solicitação atual e não é persistido na mensagem.,rh-pessoal:tb_rh.solicitacoes_mensagens,9acbaaa4def82aed4af0192ac4e897bf17ad5de2807e553b9e1f09ff503bc942
tb_rh.solicitacoes_mensagens,rh-request-message-insert,rh.request_messages,insert,id,id,mapped,uuid_v5_from_full_source_table_and_legacy_id,normalize_empty_to_null_or_quarantine_when_required,none,none,A coluna legada id alimenta id conforme o contrato atual validado.,rh-pessoal:tb_rh.solicitacoes_mensagens,9acbaaa4def82aed4af0192ac4e897bf17ad5de2807e553b9e1f09ff503bc942
tb_rh.solicitacoes_mensagens,rh-request-message-insert,rh.request_messages,insert,lida,is_read,mapped,normalize_boolean,normalize_empty_to_null_or_quarantine_when_required,none,none,A coluna legada lida alimenta is_read conforme o contrato atual validado.,rh-pessoal:tb_rh.solicitacoes_mensagens,9acbaaa4def82aed4af0192ac4e897bf17ad5de2807e553b9e1f09ff503bc942
tb_rh.solicitacoes_mensagens,rh-request-message-insert,rh.request_messages,insert,mensagem,message,mapped,normalize_required_text,normalize_empty_to_null_or_quarantine_when_required,none,personal,O dado pessoal é preservado somente no destino previsto e nunca integra a quarentena.,rh-pessoal:tb_rh.solicitacoes_mensagens,9acbaaa4def82aed4af0192ac4e897bf17ad5de2807e553b9e1f09ff503bc942
tb_rh.solicitacoes_mensagens,rh-request-message-insert,rh.request_messages,insert,remetente,sender_user_id,mapped,resolve_collaborator_user_reference,normalize_empty_to_null_or_quarantine_when_required,foreign_key,none,O valor legado referencia tb_rh.colaboradores.id e deve resolver o User explicitamente ligado ao colaborador.,rh-pessoal:tb_rh.solicitacoes_mensagens,9acbaaa4def82aed4af0192ac4e897bf17ad5de2807e553b9e1f09ff503bc942
tb_rh.solicitacoes_mensagens,rh-request-message-insert,rh.request_messages,insert,solicitacao,request_id,mapped,resolve_request_reference,normalize_empty_to_null_or_quarantine_when_required,foreign_key,none,A referência legada é resolvida por vínculo explícito e falhas nunca fabricam entidade.,rh-pessoal:tb_rh.solicitacoes_mensagens,9acbaaa4def82aed4af0192ac4e897bf17ad5de2807e553b9e1f09ff503bc942
tb_rh.solicitacoes_mensagens,rh-request-message-insert,rh.request_messages,insert,tipo,type,mapped,normalize_rh_message_type,normalize_empty_to_null_or_quarantine_when_required,none,none,A coluna legada tipo alimenta type conforme o contrato atual validado.,rh-pessoal:tb_rh.solicitacoes_mensagens,9acbaaa4def82aed4af0192ac4e897bf17ad5de2807e553b9e1f09ff503bc942
tb_tecnologia.estoque,technology-stock-category-derived,stock.categories,derived,,department_id,mapped,resolve_technology_department,normalize_empty_to_null_or_quarantine_when_required,foreign_key,none,A referência legada exige resolução explícita e nunca fabrica entidade ausente.,technology:tb_tecnologia.estoque,0e934cf047deb507627a52c47f1741a90d160d3c26293c3488a4a913d384fe32
tb_tecnologia.estoque,technology-stock-category-derived,stock.categories,derived,categoria,id,mapped,uuid_v5_from_organization_and_normalized_name,normalize_empty_to_null_or_quarantine_when_required,none,none,A coluna legada categoria alimenta id conforme o contrato atual validado.,technology:tb_tecnologia.estoque,0e934cf047deb507627a52c47f1741a90d160d3c26293c3488a4a913d384fe32
tb_tecnologia.estoque,technology-stock-category-derived,stock.categories,derived,categoria,name,mapped,normalize_required_name,normalize_empty_to_null_or_quarantine_when_required,none,none,A coluna legada categoria alimenta name conforme o contrato atual validado.,technology:tb_tecnologia.estoque,0e934cf047deb507627a52c47f1741a90d160d3c26293c3488a4a913d384fe32
tb_tecnologia.estoque,technology-stock-item-insert,stock,insert,,department_id,mapped,resolve_technology_department,normalize_empty_to_null_or_quarantine_when_required,foreign_key,none,A referência legada exige resolução explícita e nunca fabrica entidade ausente.,technology:tb_tecnologia.estoque,b1fba3cbb7a614f32583af27ae97a724e16abcf97b0fddf37295629d2720b505
tb_tecnologia.estoque,technology-stock-item-insert,stock,insert,categoria,category_id,mapped,resolve_derived_category,normalize_empty_to_null_or_quarantine_when_required,foreign_key,none,A referência legada exige resolução explícita e nunca fabrica entidade ausente.,technology:tb_tecnologia.estoque,b1fba3cbb7a614f32583af27ae97a724e16abcf97b0fddf37295629d2720b505
tb_tecnologia.estoque,technology-stock-item-insert,stock,insert,categoria,name,mapped,normalize_required_stock_name,normalize_empty_to_null_or_quarantine_when_required,none,none,A coluna legada categoria alimenta name conforme o contrato atual validado.,technology:tb_tecnologia.estoque,b1fba3cbb7a614f32583af27ae97a724e16abcf97b0fddf37295629d2720b505
tb_tecnologia.estoque,technology-stock-item-insert,stock,insert,criado,,not_preserved,not_preserved,not_applicable,none,none,"O indicador legado 0/1 separa itens automáticos dos cadastrados na tela, mas não possui coluna equivalente em stock.",technology:tb_tecnologia.estoque,b1fba3cbb7a614f32583af27ae97a724e16abcf97b0fddf37295629d2720b505
tb_tecnologia.estoque,technology-stock-item-insert,stock,insert,descricao,description,mapped,normalize_optional_text,normalize_empty_to_null_or_quarantine_when_required,none,none,A coluna legada descricao alimenta description conforme o contrato atual validado.,technology:tb_tecnologia.estoque,b1fba3cbb7a614f32583af27ae97a724e16abcf97b0fddf37295629d2720b505
tb_tecnologia.estoque,technology-stock-item-insert,stock,insert,id,id,mapped,uuid_v5_from_full_source_table_and_legacy_id,normalize_empty_to_null_or_quarantine_when_required,none,none,A coluna legada id alimenta id conforme o contrato atual validado.,technology:tb_tecnologia.estoque,b1fba3cbb7a614f32583af27ae97a724e16abcf97b0fddf37295629d2720b505
tb_tecnologia.estoque,technology-stock-item-insert,stock,insert,localizacao,location_id,mapped,resolve_derived_location,normalize_empty_to_null_or_quarantine_when_required,foreign_key,none,A referência legada exige resolução explícita e nunca fabrica entidade ausente.,technology:tb_tecnologia.estoque,b1fba3cbb7a614f32583af27ae97a724e16abcf97b0fddf37295629d2720b505
tb_tecnologia.estoque,technology-stock-item-insert,stock,insert,quantidade,quantity,mapped,normalize_non_negative_integer,normalize_empty_to_null_or_quarantine_when_required,none,none,A coluna legada quantidade alimenta quantity conforme o contrato atual validado.,technology:tb_tecnologia.estoque,b1fba3cbb7a614f32583af27ae97a724e16abcf97b0fddf37295629d2720b505
tb_tecnologia.estoque,technology-stock-item-insert,stock,insert,status,status,mapped,normalize_stock_status,normalize_empty_to_null_or_quarantine_when_required,none,none,A coluna legada status alimenta status conforme o contrato atual validado.,technology:tb_tecnologia.estoque,b1fba3cbb7a614f32583af27ae97a724e16abcf97b0fddf37295629d2720b505
tb_tecnologia.estoque,technology-stock-location-derived,stock.locations,derived,,department_id,mapped,resolve_technology_department,normalize_empty_to_null_or_quarantine_when_required,foreign_key,none,A referência legada exige resolução explícita e nunca fabrica entidade ausente.,technology:tb_tecnologia.estoque,be3d51c33323af2a74b476a4d18c0e9f21cd131110ecb3dcd49bedaa828ee600
tb_tecnologia.estoque,technology-stock-location-derived,stock.locations,derived,localizacao,floor,mapped,resolve_stock_location_floor,normalize_empty_to_null_or_quarantine_when_required,none,none,A coluna legada localizacao alimenta floor conforme o contrato atual validado.,technology:tb_tecnologia.estoque,be3d51c33323af2a74b476a4d18c0e9f21cd131110ecb3dcd49bedaa828ee600
tb_tecnologia.estoque,technology-stock-location-derived,stock.locations,derived,localizacao,id,mapped,uuid_v5_from_organization_and_resolved_normalized_location_name,normalize_empty_to_null_or_quarantine_when_required,none,none,A coluna legada localizacao alimenta id conforme o contrato atual validado.,technology:tb_tecnologia.estoque,be3d51c33323af2a74b476a4d18c0e9f21cd131110ecb3dcd49bedaa828ee600
tb_tecnologia.estoque,technology-stock-location-derived,stock.locations,derived,localizacao,name,mapped,resolve_stock_location_name,normalize_empty_to_null_or_quarantine_when_required,none,none,A coluna legada localizacao alimenta name conforme o contrato atual validado.,technology:tb_tecnologia.estoque,be3d51c33323af2a74b476a4d18c0e9f21cd131110ecb3dcd49bedaa828ee600
tb_tecnologia.estoque_entradas,technology-stock-entry-insert,stock.entries,insert,data_entrada,entry_date,mapped,normalize_required_date,normalize_empty_to_null_or_quarantine_when_required,none,none,A coluna legada data_entrada alimenta entry_date conforme o contrato atual validado.,technology:tb_tecnologia.estoque_entradas,63014870a9d2e20b5e1a9fd004f3b92cec141fb474674af346a8c44f48a4df23
tb_tecnologia.estoque_entradas,technology-stock-entry-insert,stock.entries,insert,estoque,,not_preserved,not_preserved,not_applicable,none,none,O saldo posterior é derivado dos movimentos e do item atual; copiá-lo criaria uma segunda fonte de verdade.,technology:tb_tecnologia.estoque_entradas,63014870a9d2e20b5e1a9fd004f3b92cec141fb474674af346a8c44f48a4df23
tb_tecnologia.estoque_entradas,technology-stock-entry-insert,stock.entries,insert,id,id,mapped,uuid_v5_from_full_source_table_and_legacy_id,normalize_empty_to_null_or_quarantine_when_required,none,none,A coluna legada id alimenta id conforme o contrato atual validado.,technology:tb_tecnologia.estoque_entradas,63014870a9d2e20b5e1a9fd004f3b92cec141fb474674af346a8c44f48a4df23
tb_tecnologia.estoque_entradas,technology-stock-entry-insert,stock.entries,insert,produto_id,stock_id,mapped,resolve_stock_reference,normalize_empty_to_null_or_quarantine_when_required,foreign_key,none,A referência legada exige resolução explícita e nunca fabrica entidade ausente.,technology:tb_tecnologia.estoque_entradas,63014870a9d2e20b5e1a9fd004f3b92cec141fb474674af346a8c44f48a4df23
tb_tecnologia.estoque_entradas,technology-stock-entry-insert,stock.entries,insert,quantidade,quantity,mapped,normalize_positive_integer,normalize_empty_to_null_or_quarantine_when_required,none,none,A coluna legada quantidade alimenta quantity conforme o contrato atual validado.,technology:tb_tecnologia.estoque_entradas,63014870a9d2e20b5e1a9fd004f3b92cec141fb474674af346a8c44f48a4df23
tb_tecnologia.estoque_entradas,technology-stock-entry-insert,stock.entries,insert,repositor,entry_by_user_id,mapped,resolve_user_reference,normalize_empty_to_null_or_quarantine_when_required,foreign_key,none,A referência legada exige resolução explícita e nunca fabrica entidade ausente.,technology:tb_tecnologia.estoque_entradas,63014870a9d2e20b5e1a9fd004f3b92cec141fb474674af346a8c44f48a4df23
tb_tecnologia.estoque_saidas,technology-stock-exit-insert,stock.exits,insert,autorizador,approver_id,mapped,resolve_optional_user_reference,normalize_empty_to_null_or_quarantine_when_required,foreign_key,none,A referência legada exige resolução explícita e nunca fabrica entidade ausente.,technology:tb_tecnologia.estoque_saidas,7affd6a8cde52ee7c733b57874fcc22fb06649bd8831c443423e565116ae422e
tb_tecnologia.estoque_saidas,technology-stock-exit-insert,stock.exits,insert,data_saida,exit_date,mapped,normalize_required_date,normalize_empty_to_null_or_quarantine_when_required,none,none,A coluna legada data_saida alimenta exit_date conforme o contrato atual validado.,technology:tb_tecnologia.estoque_saidas,7affd6a8cde52ee7c733b57874fcc22fb06649bd8831c443423e565116ae422e
tb_tecnologia.estoque_saidas,technology-stock-exit-insert,stock.exits,insert,destino,destination,mapped,normalize_optional_text,normalize_empty_to_null_or_quarantine_when_required,none,none,A coluna legada destino alimenta destination conforme o contrato atual validado.,technology:tb_tecnologia.estoque_saidas,7affd6a8cde52ee7c733b57874fcc22fb06649bd8831c443423e565116ae422e
tb_tecnologia.estoque_saidas,technology-stock-exit-insert,stock.exits,insert,estoque,,not_preserved,not_preserved,not_applicable,none,none,O saldo posterior é derivado dos movimentos e do item atual; não é uma coluna do evento de saída.,technology:tb_tecnologia.estoque_saidas,7affd6a8cde52ee7c733b57874fcc22fb06649bd8831c443423e565116ae422e
tb_tecnologia.estoque_saidas,technology-stock-exit-insert,stock.exits,insert,id,id,mapped,uuid_v5_from_full_source_table_and_legacy_id,normalize_empty_to_null_or_quarantine_when_required,none,none,A coluna legada id alimenta id conforme o contrato atual validado.,technology:tb_tecnologia.estoque_saidas,7affd6a8cde52ee7c733b57874fcc22fb06649bd8831c443423e565116ae422e
tb_tecnologia.estoque_saidas,technology-stock-exit-insert,stock.exits,insert,obs,,not_preserved,not_preserved,not_applicable,none,personal,O contrato stock.exits atual não possui observação; o texto não será deslocado para destination sem equivalência semântica.,technology:tb_tecnologia.estoque_saidas,7affd6a8cde52ee7c733b57874fcc22fb06649bd8831c443423e565116ae422e
tb_tecnologia.estoque_saidas,technology-stock-exit-insert,stock.exits,insert,operador,operator_id,mapped,resolve_optional_user_reference,normalize_empty_to_null_or_quarantine_when_required,foreign_key,none,A referência legada exige resolução explícita e nunca fabrica entidade ausente.,technology:tb_tecnologia.estoque_saidas,7affd6a8cde52ee7c733b57874fcc22fb06649bd8831c443423e565116ae422e
tb_tecnologia.estoque_saidas,technology-stock-exit-insert,stock.exits,insert,produto_id,stock_id,mapped,resolve_stock_reference,normalize_empty_to_null_or_quarantine_when_required,foreign_key,none,A referência legada exige resolução explícita e nunca fabrica entidade ausente.,technology:tb_tecnologia.estoque_saidas,7affd6a8cde52ee7c733b57874fcc22fb06649bd8831c443423e565116ae422e
tb_tecnologia.estoque_saidas,technology-stock-exit-insert,stock.exits,insert,quantidade,quantity,mapped,normalize_positive_integer,normalize_empty_to_null_or_quarantine_when_required,none,none,A coluna legada quantidade alimenta quantity conforme o contrato atual validado.,technology:tb_tecnologia.estoque_saidas,7affd6a8cde52ee7c733b57874fcc22fb06649bd8831c443423e565116ae422e
tb_tecnologia.estoque_saidas,technology-stock-exit-insert,stock.exits,insert,solicitante,requester_id,mapped,resolve_user_reference,normalize_empty_to_null_or_quarantine_when_required,foreign_key,none,A referência legada exige resolução explícita e nunca fabrica entidade ausente.,technology:tb_tecnologia.estoque_saidas,7affd6a8cde52ee7c733b57874fcc22fb06649bd8831c443423e565116ae422e
tb_tecnologia.inventario,technology-inventory-assigned-insert,tecnologia.inventory,insert,cod,asset_code,mapped,normalize_required_asset_code,normalize_empty_to_null_or_quarantine_when_required,none,none,A coluna legada cod alimenta asset_code conforme o contrato atual validado.,technology:tb_tecnologia.inventario,b2131d867009af13fe10ff1a6ac848e291f50900b65f349a936989c960dbc424
tb_tecnologia.inventario,technology-inventory-assigned-insert,tecnologia.inventory,insert,data_devolucao,return_date,mapped,normalize_optional_legacy_date,normalize_empty_to_null_or_quarantine_when_required,none,none,A coluna legada data_devolucao alimenta return_date conforme o contrato atual validado.,technology:tb_tecnologia.inventario,b2131d867009af13fe10ff1a6ac848e291f50900b65f349a936989c960dbc424
tb_tecnologia.inventario,technology-inventory-assigned-insert,tecnologia.inventory,insert,data_entrega,delivery_date,mapped,normalize_optional_legacy_date,normalize_empty_to_null_or_quarantine_when_required,none,none,A coluna legada data_entrega alimenta delivery_date conforme o contrato atual validado.,technology:tb_tecnologia.inventario,b2131d867009af13fe10ff1a6ac848e291f50900b65f349a936989c960dbc424
tb_tecnologia.inventario,technology-inventory-assigned-insert,tecnologia.inventory,insert,data_registro,created_at,mapped,normalize_required_date,normalize_empty_to_null_or_quarantine_when_required,none,none,A coluna legada data_registro alimenta created_at conforme o contrato atual validado.,technology:tb_tecnologia.inventario,b2131d867009af13fe10ff1a6ac848e291f50900b65f349a936989c960dbc424
tb_tecnologia.inventario,technology-inventory-assigned-insert,tecnologia.inventory,insert,id,id,mapped,uuid_v5_from_full_source_table_and_legacy_id,normalize_empty_to_null_or_quarantine_when_required,none,none,A coluna legada id alimenta id conforme o contrato atual validado.,technology:tb_tecnologia.inventario,b2131d867009af13fe10ff1a6ac848e291f50900b65f349a936989c960dbc424
tb_tecnologia.inventario,technology-inventory-assigned-insert,tecnologia.inventory,insert,obs,notes,mapped,normalize_optional_text,normalize_empty_to_null_or_quarantine_when_required,none,personal,A coluna legada obs alimenta notes conforme o contrato atual validado.,technology:tb_tecnologia.inventario,b2131d867009af13fe10ff1a6ac848e291f50900b65f349a936989c960dbc424
tb_tecnologia.inventario,technology-inventory-assigned-insert,tecnologia.inventory,insert,termo,,not_preserved,not_preserved,not_applicable,none,none,O indicador legado de termo não substitui a entidade tecnologia.terms nem sua identidade própria.,technology:tb_tecnologia.inventario,b2131d867009af13fe10ff1a6ac848e291f50900b65f349a936989c960dbc424
tb_tecnologia.inventario,technology-inventory-assigned-insert,tecnologia.inventory,insert,ti_responsavel,responsible_it_staff_id,mapped,resolve_optional_user_reference,normalize_empty_to_null_or_quarantine_when_required,foreign_key,none,A referência legada exige resolução explícita e nunca fabrica entidade ausente.,technology:tb_tecnologia.inventario,b2131d867009af13fe10ff1a6ac848e291f50900b65f349a936989c960dbc424
tb_tecnologia.inventario,technology-inventory-assigned-insert,tecnologia.inventory,insert,tipo,category_id,mapped,resolve_inventory_category_by_name,normalize_empty_to_null_or_quarantine_when_required,foreign_key,none,A referência legada exige resolução explícita e nunca fabrica entidade ausente.,technology:tb_tecnologia.inventario,b2131d867009af13fe10ff1a6ac848e291f50900b65f349a936989c960dbc424
tb_tecnologia.inventario,technology-inventory-assigned-insert,tecnologia.inventory,insert,usuario_id,user_id,mapped,resolve_optional_user_reference,normalize_empty_to_null_or_quarantine_when_required,foreign_key,none,A referência legada exige resolução explícita e nunca fabrica entidade ausente.,technology:tb_tecnologia.inventario,b2131d867009af13fe10ff1a6ac848e291f50900b65f349a936989c960dbc424
tb_tecnologia.inventario_itens,technology-inventory-location-item-insert,tecnologia.inventory,insert,cod,asset_code,mapped,normalize_required_asset_code,normalize_empty_to_null_or_quarantine_when_required,none,none,A coluna legada cod alimenta asset_code conforme o contrato atual validado.,technology:tb_tecnologia.inventario_itens,b12842b2defe720f3a0bc1d8c1ce09f3a5d679324ed2ed8f3cae7fd1ef780e77
tb_tecnologia.inventario_itens,technology-inventory-location-item-insert,tecnologia.inventory,insert,data_entrega,delivery_date,mapped,normalize_optional_legacy_date,normalize_empty_to_null_or_quarantine_when_required,none,none,A coluna legada data_entrega alimenta delivery_date conforme o contrato atual validado.,technology:tb_tecnologia.inventario_itens,b12842b2defe720f3a0bc1d8c1ce09f3a5d679324ed2ed8f3cae7fd1ef780e77
tb_tecnologia.inventario_itens,technology-inventory-location-item-insert,tecnologia.inventory,insert,data_registro,created_at,mapped,normalize_required_date,normalize_empty_to_null_or_quarantine_when_required,none,none,A coluna legada data_registro alimenta created_at conforme o contrato atual validado.,technology:tb_tecnologia.inventario_itens,b12842b2defe720f3a0bc1d8c1ce09f3a5d679324ed2ed8f3cae7fd1ef780e77
tb_tecnologia.inventario_itens,technology-inventory-location-item-insert,tecnologia.inventory,insert,id,id,mapped,uuid_v5_from_full_source_table_and_legacy_id,normalize_empty_to_null_or_quarantine_when_required,none,none,A coluna legada id alimenta id conforme o contrato atual validado.,technology:tb_tecnologia.inventario_itens,b12842b2defe720f3a0bc1d8c1ce09f3a5d679324ed2ed8f3cae7fd1ef780e77
tb_tecnologia.inventario_itens,technology-inventory-location-item-insert,tecnologia.inventory,insert,id_responsavel,responsible_it_staff_id,mapped,resolve_optional_user_reference,normalize_empty_to_null_or_quarantine_when_required,foreign_key,none,A referência legada exige resolução explícita e nunca fabrica entidade ausente.,technology:tb_tecnologia.inventario_itens,b12842b2defe720f3a0bc1d8c1ce09f3a5d679324ed2ed8f3cae7fd1ef780e77
tb_tecnologia.inventario_itens,technology-inventory-location-item-insert,tecnologia.inventory,insert,local_id,location_id,mapped,resolve_inventory_location_reference,normalize_empty_to_null_or_quarantine_when_required,foreign_key,none,A referência legada exige resolução explícita e nunca fabrica entidade ausente.,technology:tb_tecnologia.inventario_itens,b12842b2defe720f3a0bc1d8c1ce09f3a5d679324ed2ed8f3cae7fd1ef780e77
tb_tecnologia.inventario_itens,technology-inventory-location-item-insert,tecnologia.inventory,insert,obs,notes,mapped,normalize_optional_text,normalize_empty_to_null_or_quarantine_when_required,none,personal,A coluna legada obs alimenta notes conforme o contrato atual validado.,technology:tb_tecnologia.inventario_itens,b12842b2defe720f3a0bc1d8c1ce09f3a5d679324ed2ed8f3cae7fd1ef780e77
tb_tecnologia.inventario_itens,technology-inventory-location-item-insert,tecnologia.inventory,insert,tipo,category_id,mapped,resolve_inventory_category_by_name,normalize_empty_to_null_or_quarantine_when_required,foreign_key,none,A referência legada exige resolução explícita e nunca fabrica entidade ausente.,technology:tb_tecnologia.inventario_itens,b12842b2defe720f3a0bc1d8c1ce09f3a5d679324ed2ed8f3cae7fd1ef780e77
tb_tecnologia.inventario_loc,technology-inventory-location-insert,tecnologia.inventoryLocations,insert,andar,,not_preserved,not_preserved,not_applicable,none,none,A localização de inventário atual não possui andar; o campo não será confundido com stock.locations.floor.,technology:tb_tecnologia.inventario_loc,3b21a00ae099372b33348a9de14b06368bf121a156392f945691a403c0fa43d8
tb_tecnologia.inventario_loc,technology-inventory-location-insert,tecnologia.inventoryLocations,insert,id,id,mapped,uuid_v5_from_organization_and_normalized_name,normalize_empty_to_null_or_quarantine_when_required,none,none,A coluna legada id alimenta id conforme o contrato atual validado.,technology:tb_tecnologia.inventario_loc,3b21a00ae099372b33348a9de14b06368bf121a156392f945691a403c0fa43d8
tb_tecnologia.inventario_loc,technology-inventory-location-insert,tecnologia.inventoryLocations,insert,nome,name,mapped,normalize_required_name,normalize_empty_to_null_or_quarantine_when_required,none,none,A coluna legada nome alimenta name conforme o contrato atual validado.,technology:tb_tecnologia.inventario_loc,3b21a00ae099372b33348a9de14b06368bf121a156392f945691a403c0fa43d8
tb_tecnologia.opcoes,technology-inventory-category-insert,tecnologia.inventoryCategories,insert,categoria,name,mapped,normalize_required_name,normalize_empty_to_null_or_quarantine_when_required,none,none,A coluna legada categoria alimenta name conforme o contrato atual validado.,technology:tb_tecnologia.opcoes,ea81282b977a969a2649ab6cc8cb56693eb1b23d8a0619a00741bc2644f2bd5f
tb_tecnologia.opcoes,technology-inventory-category-insert,tecnologia.inventoryCategories,insert,id,id,mapped,uuid_v5_from_organization_and_normalized_name,normalize_empty_to_null_or_quarantine_when_required,none,none,A coluna legada id alimenta id conforme o contrato atual validado.,technology:tb_tecnologia.opcoes,ea81282b977a969a2649ab6cc8cb56693eb1b23d8a0619a00741bc2644f2bd5f
tb_tecnologia.opcoes,technology-inventory-category-insert,tecnologia.inventoryCategories,insert,tipo,,not_preserved,not_preserved,not_applicable,none,none,"tipo distingue as duas telas legadas, mas ambas usam o mesmo catálogo atual de categorias.",technology:tb_tecnologia.opcoes,ea81282b977a969a2649ab6cc8cb56693eb1b23d8a0619a00741bc2644f2bd5f
tb_tecnologia.senhas,technology-password-insert,tecnologia.passwords_users,insert,id,id,mapped,uuid_v5_from_full_source_table_and_legacy_id,normalize_empty_to_null_or_quarantine_when_required,none,none,A coluna legada id alimenta id conforme o contrato atual validado.,technology:tb_tecnologia.senhas,bafb90daa55bea96fcce6b19000d7f22e29d9882a5c552dbc24edaaaf0ee6b59
tb_tecnologia.senhas,technology-password-insert,tecnologia.passwords_users,insert,id_usuario,user_id,mapped,resolve_user_reference,normalize_empty_to_null_or_quarantine_when_required,foreign_key,none,A referência legada exige resolução explícita e nunca fabrica entidade ausente.,technology:tb_tecnologia.senhas,bafb90daa55bea96fcce6b19000d7f22e29d9882a5c552dbc24edaaaf0ee6b59
tb_tecnologia.senhas,technology-password-insert,tecnologia.passwords_users,insert,item,,not_preserved,not_preserved,not_applicable,none,none,O vínculo Anydesk com item de inventário não existe no contrato atual de senhas de usuário.,technology:tb_tecnologia.senhas,bafb90daa55bea96fcce6b19000d7f22e29d9882a5c552dbc24edaaaf0ee6b59
tb_tecnologia.senhas,technology-password-insert,tecnologia.passwords_users,insert,local,local,mapped,normalize_required_text,normalize_empty_to_null_or_quarantine_when_required,none,none,A coluna legada local alimenta local conforme o contrato atual validado.,technology:tb_tecnologia.senhas,bafb90daa55bea96fcce6b19000d7f22e29d9882a5c552dbc24edaaaf0ee6b59
tb_tecnologia.senhas,technology-password-insert,tecnologia.passwords_users,insert,obs,,not_preserved,redact_and_not_preserve,not_applicable,none,credential,"A observação legada contém credencial não estruturada e notes é exposto e pesquisável; sem canal criptografado comprovado, o texto não pode ser preservado.",technology:tb_tecnologia.senhas,bafb90daa55bea96fcce6b19000d7f22e29d9882a5c552dbc24edaaaf0ee6b59
tb_tecnologia.senhas,technology-password-insert,tecnologia.passwords_users,insert,password,password,mapped,encrypt_credential,required_encrypted_value,none,credential,A credencial somente pode ser persistida após criptografia verificada.,technology:tb_tecnologia.senhas,bafb90daa55bea96fcce6b19000d7f22e29d9882a5c552dbc24edaaaf0ee6b59
tb_tecnologia.senhas,technology-password-insert,tecnologia.passwords_users,insert,tipo,,not_preserved,not_preserved,not_applicable,none,none,tipo 0 identifica User e tipo 1 identifica localização; somente tipo 0 é compatível com user_id atual.,technology:tb_tecnologia.senhas,bafb90daa55bea96fcce6b19000d7f22e29d9882a5c552dbc24edaaaf0ee6b59
tb_tecnologia.senhas,technology-password-insert,tecnologia.passwords_users,insert,user,,not_preserved,redact_and_not_preserve,not_applicable,none,credential,O contrato atual não possui login textual; copiar a credencial para notes a exporia nas listagens.,technology:tb_tecnologia.senhas,bafb90daa55bea96fcce6b19000d7f22e29d9882a5c552dbc24edaaaf0ee6b59
tb_tecnologia.termos,technology-term-insert,tecnologia.terms,insert,assinatura,,not_preserved,redact_and_not_preserve,not_applicable,none,secret,A assinatura legada é um arquivo; signed_at registra evento temporal e não pode receber nome ou conteúdo do arquivo.,technology:tb_tecnologia.termos,f541ab22d55640bd4664eeebce630c01ae5b72196a9768dda3aa92cbff98d508
tb_tecnologia.termos,technology-term-insert,tecnologia.terms,insert,codigo,asset_code,mapped,normalize_optional_text,normalize_empty_to_null_or_quarantine_when_required,none,none,A coluna legada codigo alimenta asset_code conforme o contrato atual validado.,technology:tb_tecnologia.termos,f541ab22d55640bd4664eeebce630c01ae5b72196a9768dda3aa92cbff98d508
tb_tecnologia.termos,technology-term-insert,tecnologia.terms,insert,cpf,user_cpf,mapped,normalize_required_document,normalize_empty_to_null_or_quarantine_when_required,none,personal,A coluna legada cpf alimenta user_cpf conforme o contrato atual validado.,technology:tb_tecnologia.termos,f541ab22d55640bd4664eeebce630c01ae5b72196a9768dda3aa92cbff98d508
tb_tecnologia.termos,technology-term-insert,tecnologia.terms,insert,data,date,mapped,normalize_required_date,normalize_empty_to_null_or_quarantine_when_required,none,none,A coluna legada data alimenta date conforme o contrato atual validado.,technology:tb_tecnologia.termos,f541ab22d55640bd4664eeebce630c01ae5b72196a9768dda3aa92cbff98d508
tb_tecnologia.termos,technology-term-insert,tecnologia.terms,insert,departamento,department_id,mapped,resolve_optional_department_reference,normalize_empty_to_null_or_quarantine_when_required,foreign_key,none,A referência legada exige resolução explícita e nunca fabrica entidade ausente.,technology:tb_tecnologia.termos,f541ab22d55640bd4664eeebce630c01ae5b72196a9768dda3aa92cbff98d508
tb_tecnologia.termos,technology-term-insert,tecnologia.terms,insert,endereco,address,mapped,normalize_optional_text,normalize_empty_to_null_or_quarantine_when_required,none,personal,A coluna legada endereco alimenta address conforme o contrato atual validado.,technology:tb_tecnologia.termos,f541ab22d55640bd4664eeebce630c01ae5b72196a9768dda3aa92cbff98d508
tb_tecnologia.termos,technology-term-insert,tecnologia.terms,insert,equipamentos,equipament_list,mapped,normalize_optional_text,normalize_empty_to_null_or_quarantine_when_required,none,none,A coluna legada equipamentos alimenta equipament_list conforme o contrato atual validado.,technology:tb_tecnologia.termos,f541ab22d55640bd4664eeebce630c01ae5b72196a9768dda3aa92cbff98d508
tb_tecnologia.termos,technology-term-insert,tecnologia.terms,insert,id,id,mapped,uuid_v5_from_full_source_table_and_legacy_id,normalize_empty_to_null_or_quarantine_when_required,none,none,A coluna legada id alimenta id conforme o contrato atual validado.,technology:tb_tecnologia.termos,f541ab22d55640bd4664eeebce630c01ae5b72196a9768dda3aa92cbff98d508
tb_tecnologia.termos,technology-term-insert,tecnologia.terms,insert,imei,imei,mapped,normalize_optional_text,normalize_empty_to_null_or_quarantine_when_required,none,personal,A coluna legada imei alimenta imei conforme o contrato atual validado.,technology:tb_tecnologia.termos,f541ab22d55640bd4664eeebce630c01ae5b72196a9768dda3aa92cbff98d508
tb_tecnologia.termos,technology-term-insert,tecnologia.terms,insert,marca,brand,mapped,normalize_optional_text,normalize_empty_to_null_or_quarantine_when_required,none,none,A coluna legada marca alimenta brand conforme o contrato atual validado.,technology:tb_tecnologia.termos,f541ab22d55640bd4664eeebce630c01ae5b72196a9768dda3aa92cbff98d508
tb_tecnologia.termos,technology-term-insert,tecnologia.terms,insert,motivo,reason,mapped,normalize_optional_text,normalize_empty_to_null_or_quarantine_when_required,none,personal,A coluna legada motivo alimenta reason conforme o contrato atual validado.,technology:tb_tecnologia.termos,f541ab22d55640bd4664eeebce630c01ae5b72196a9768dda3aa92cbff98d508
tb_tecnologia.termos,technology-term-insert,tecnologia.terms,insert,nome,user_name,mapped,normalize_required_text,normalize_empty_to_null_or_quarantine_when_required,none,personal,A coluna legada nome alimenta user_name conforme o contrato atual validado.,technology:tb_tecnologia.termos,f541ab22d55640bd4664eeebce630c01ae5b72196a9768dda3aa92cbff98d508
tb_tecnologia.termos,technology-term-insert,tecnologia.terms,insert,user_id,user_id,mapped,resolve_optional_user_reference,normalize_empty_to_null_or_quarantine_when_required,foreign_key,none,A referência legada exige resolução explícita e nunca fabrica entidade ausente.,technology:tb_tecnologia.termos,f541ab22d55640bd4664eeebce630c01ae5b72196a9768dda3aa92cbff98d508
tb_triagem.campos,triage-fiscal-config-insert,triagem.configs,insert,cliente_id,client_id,mapped,resolve_authoritative_v2_client_from_regularize_code,normalize_empty_to_null_or_quarantine_when_required,foreign_key,none,A referência é resolvida exclusivamente pelo vínculo legado explícito.,remaining:tb_triagem.campos,01ca1044328be8a3c9de5255443d7533be99d927c0645adba66ecf192bacd034
tb_triagem.campos,triage-fiscal-config-insert,triagem.configs,insert,cte_emitente,active_items,mapped,aggregate_enabled_fiscal_field_cte_as_issuer,normalize_empty_to_null_or_quarantine_when_required,none,none,A coluna cte_emitente alimenta active_items conforme o contrato atual validado.,remaining:tb_triagem.campos,01ca1044328be8a3c9de5255443d7533be99d927c0645adba66ecf192bacd034
tb_triagem.campos,triage-fiscal-config-insert,triagem.configs,insert,envio,,not_preserved,not_emitted_no_equivalent_current_column,A coluna não produz valor de destino.,none,none,A preferência legada de envio não integra o checklist fiscal atual; somente valor vazio pode prosseguir e qualquer preferência funcional coloca a linha integral em quarentena.,remaining:tb_triagem.campos,01ca1044328be8a3c9de5255443d7533be99d927c0645adba66ecf192bacd034
tb_triagem.campos,triage-fiscal-config-insert,triagem.configs,insert,faturamento,,not_preserved,not_emitted_no_equivalent_current_column,A coluna não produz valor de destino.,none,none,FISCAL_FIELDS não possui token para faturamento; somente linhas com zero podem prosseguir e qualquer valor funcional coloca a linha integral em quarentena.,remaining:tb_triagem.campos,01ca1044328be8a3c9de5255443d7533be99d927c0645adba66ecf192bacd034
tb_triagem.campos,triage-fiscal-config-insert,triagem.configs,insert,id,id,mapped,uuid_v5_from_full_source_table_and_legacy_id,normalize_empty_to_null_or_quarantine_when_required,none,none,A coluna id alimenta id conforme o contrato atual validado.,remaining:tb_triagem.campos,01ca1044328be8a3c9de5255443d7533be99d927c0645adba66ecf192bacd034
tb_triagem.campos,triage-fiscal-config-insert,triagem.configs,insert,modelo_21,active_items,mapped,aggregate_enabled_fiscal_field_model_21_invoice,normalize_empty_to_null_or_quarantine_when_required,none,none,A coluna modelo_21 alimenta active_items conforme o contrato atual validado.,remaining:tb_triagem.campos,01ca1044328be8a3c9de5255443d7533be99d927c0645adba66ecf192bacd034
tb_triagem.campos,triage-fiscal-config-insert,triagem.configs,insert,nfce,active_items,mapped,aggregate_enabled_fiscal_field_nfce_documents,normalize_empty_to_null_or_quarantine_when_required,none,none,A coluna nfce alimenta active_items conforme o contrato atual validado.,remaining:tb_triagem.campos,01ca1044328be8a3c9de5255443d7533be99d927c0645adba66ecf192bacd034
tb_triagem.campos,triage-fiscal-config-insert,triagem.configs,insert,nfce_tomados,active_items,mapped,aggregate_enabled_fiscal_field_nfse_received,normalize_empty_to_null_or_quarantine_when_required,none,none,A coluna nfce_tomados alimenta active_items conforme o contrato atual validado.,remaining:tb_triagem.campos,01ca1044328be8a3c9de5255443d7533be99d927c0645adba66ecf192bacd034
tb_triagem.campos,triage-fiscal-config-insert,triagem.configs,insert,prestadas_mei,active_items,mapped,aggregate_enabled_fiscal_field_services_provided_as_mei,normalize_empty_to_null_or_quarantine_when_required,none,none,A coluna prestadas_mei alimenta active_items conforme o contrato atual validado.,remaining:tb_triagem.campos,01ca1044328be8a3c9de5255443d7533be99d927c0645adba66ecf192bacd034
tb_triagem.campos,triage-fiscal-config-insert,triagem.configs,insert,sped,active_items,mapped,aggregate_enabled_fiscal_field_sped_fiscal,normalize_empty_to_null_or_quarantine_when_required,none,none,A coluna sped alimenta active_items conforme o contrato atual validado.,remaining:tb_triagem.campos,01ca1044328be8a3c9de5255443d7533be99d927c0645adba66ecf192bacd034
tb_triagem.campos,triage-fiscal-config-insert,triagem.configs,insert,spedContribuicoes,active_items,mapped,aggregate_enabled_fiscal_field_sped_contributions,normalize_empty_to_null_or_quarantine_when_required,none,none,A coluna spedContribuicoes alimenta active_items conforme o contrato atual validado.,remaining:tb_triagem.campos,01ca1044328be8a3c9de5255443d7533be99d927c0645adba66ecf192bacd034
tb_workspace.solicitacoes,workspace-ti-request-insert,tecnologia.requests,insert,atribuido,assigned_to_id,mapped,resolve_optional_ti_user_reference,normalize_empty_to_null_or_quarantine_when_required,foreign_key,none,A referência é resolvida exclusivamente pelo vínculo legado explícito.,remaining:tb_workspace.solicitacoes,95e1cf93b678250db2ae3deaadc5c7da25f56a7d0317dfe17b5d7fcd8158f6a8
tb_workspace.solicitacoes,workspace-ti-request-insert,tecnologia.requests,insert,categoria,category_id,mapped,resolve_workspace_ti_category_reference,normalize_empty_to_null_or_quarantine_when_required,foreign_key,none,A referência é resolvida exclusivamente pelo vínculo legado explícito.,remaining:tb_workspace.solicitacoes,95e1cf93b678250db2ae3deaadc5c7da25f56a7d0317dfe17b5d7fcd8158f6a8
tb_workspace.solicitacoes,workspace-ti-request-insert,tecnologia.requests,insert,data_atualizacao,updated_at,mapped,normalize_required_datetime,normalize_empty_to_null_or_quarantine_when_required,none,none,A coluna data_atualizacao alimenta updated_at conforme o contrato atual validado.,remaining:tb_workspace.solicitacoes,95e1cf93b678250db2ae3deaadc5c7da25f56a7d0317dfe17b5d7fcd8158f6a8
tb_workspace.solicitacoes,workspace-ti-request-insert,tecnologia.requests,insert,data_cadastro,created_at,mapped,normalize_required_datetime,normalize_empty_to_null_or_quarantine_when_required,none,none,A coluna data_cadastro alimenta created_at conforme o contrato atual validado.,remaining:tb_workspace.solicitacoes,95e1cf93b678250db2ae3deaadc5c7da25f56a7d0317dfe17b5d7fcd8158f6a8
tb_workspace.solicitacoes,workspace-ti-request-insert,tecnologia.requests,insert,departamento,,not_preserved,not_emitted_no_equivalent_current_column,A coluna não produz valor de destino.,none,none,O departamento é validado como Tecnologia; o chamado atual é inerentemente TI.,remaining:tb_workspace.solicitacoes,95e1cf93b678250db2ae3deaadc5c7da25f56a7d0317dfe17b5d7fcd8158f6a8
tb_workspace.solicitacoes,workspace-ti-request-insert,tecnologia.requests,insert,descricao,description,mapped,normalize_required_text,normalize_empty_to_null_or_quarantine_when_required,none,personal,A coluna descricao alimenta description conforme o contrato atual validado.,remaining:tb_workspace.solicitacoes,95e1cf93b678250db2ae3deaadc5c7da25f56a7d0317dfe17b5d7fcd8158f6a8
tb_workspace.solicitacoes,workspace-ti-request-insert,tecnologia.requests,insert,id,id,mapped,uuid_v5_from_full_source_table_and_legacy_id,normalize_empty_to_null_or_quarantine_when_required,none,none,A coluna id alimenta id conforme o contrato atual validado.,remaining:tb_workspace.solicitacoes,95e1cf93b678250db2ae3deaadc5c7da25f56a7d0317dfe17b5d7fcd8158f6a8
tb_workspace.solicitacoes,workspace-ti-request-insert,tecnologia.requests,insert,requerente,requester_id,mapped,resolve_explicit_user_reference,normalize_empty_to_null_or_quarantine_when_required,foreign_key,none,A referência é resolvida exclusivamente pelo vínculo legado explícito.,remaining:tb_workspace.solicitacoes,95e1cf93b678250db2ae3deaadc5c7da25f56a7d0317dfe17b5d7fcd8158f6a8
tb_workspace.solicitacoes,workspace-ti-request-insert,tecnologia.requests,insert,status,status,mapped,map_workspace_status_to_ti_status,normalize_empty_to_null_or_quarantine_when_required,none,none,A coluna status alimenta status conforme o contrato atual validado.,remaining:tb_workspace.solicitacoes,95e1cf93b678250db2ae3deaadc5c7da25f56a7d0317dfe17b5d7fcd8158f6a8
tb_workspace.solicitacoes,workspace-ti-request-insert,tecnologia.requests,insert,titulo,title,mapped,normalize_required_text,normalize_empty_to_null_or_quarantine_when_required,none,none,A coluna titulo alimenta title conforme o contrato atual validado.,remaining:tb_workspace.solicitacoes,95e1cf93b678250db2ae3deaadc5c7da25f56a7d0317dfe17b5d7fcd8158f6a8
tb_workspace.solicitacoes,workspace-ti-request-insert,tecnologia.requests,insert,urgencia,urgency,mapped,map_workspace_urgency_to_ti_urgency,normalize_empty_to_null_or_quarantine_when_required,none,none,A coluna urgencia alimenta urgency conforme o contrato atual validado.,remaining:tb_workspace.solicitacoes,95e1cf93b678250db2ae3deaadc5c7da25f56a7d0317dfe17b5d7fcd8158f6a8
tb_workspace.solicitacoes_categorias,workspace-ti-category-insert,tecnologia.request_categories,insert,departamento_id,,not_preserved,not_emitted_no_equivalent_current_column,A coluna não produz valor de destino.,none,none,O departamento é validado como Tecnologia e não existe no catálogo atual de categorias.,remaining:tb_workspace.solicitacoes_categorias,cc8fc4484f9b1fcb015a8ed1676e3bfb3fc1354373a82295d51ceb90c00fe668
tb_workspace.solicitacoes_categorias,workspace-ti-category-insert,tecnologia.request_categories,insert,id,id,mapped,uuid_v5_from_full_source_table_and_legacy_id,normalize_empty_to_null_or_quarantine_when_required,none,none,A coluna id alimenta id conforme o contrato atual validado.,remaining:tb_workspace.solicitacoes_categorias,cc8fc4484f9b1fcb015a8ed1676e3bfb3fc1354373a82295d51ceb90c00fe668
tb_workspace.solicitacoes_categorias,workspace-ti-category-insert,tecnologia.request_categories,insert,nome,name,mapped,normalize_required_text,normalize_empty_to_null_or_quarantine_when_required,none,none,A coluna nome alimenta name conforme o contrato atual validado.,remaining:tb_workspace.solicitacoes_categorias,cc8fc4484f9b1fcb015a8ed1676e3bfb3fc1354373a82295d51ceb90c00fe668
tb_workspace.solicitacoes_categorias,workspace-ti-category-insert,tecnologia.request_categories,insert,status,active,mapped,normalize_boolean,normalize_empty_to_null_or_quarantine_when_required,none,none,A coluna status alimenta active conforme o contrato atual validado.,remaining:tb_workspace.solicitacoes_categorias,cc8fc4484f9b1fcb015a8ed1676e3bfb3fc1354373a82295d51ceb90c00fe668
tb_workspace.solicitacoes_mensagens,workspace-ti-message-insert,tecnologia.request_messages,insert,data_envio,created_at,mapped,normalize_required_datetime,normalize_empty_to_null_or_quarantine_when_required,none,none,A coluna data_envio alimenta created_at conforme o contrato atual validado.,remaining:tb_workspace.solicitacoes_mensagens,8bf30c95c9bdb7b72de7c3ffb09735b99b31c3f4b962164687e8cf66e67f4201
tb_workspace.solicitacoes_mensagens,workspace-ti-message-insert,tecnologia.request_messages,insert,destinatario,,not_preserved,not_emitted_no_equivalent_current_column,A coluna não produz valor de destino.,none,none,TIMessage não persiste destinatário; somente zero pode prosseguir e qualquer destinatário funcional coloca a linha integral em quarentena.,remaining:tb_workspace.solicitacoes_mensagens,8bf30c95c9bdb7b72de7c3ffb09735b99b31c3f4b962164687e8cf66e67f4201
tb_workspace.solicitacoes_mensagens,workspace-ti-message-insert,tecnologia.request_messages,insert,id,id,mapped,uuid_v5_from_full_source_table_and_legacy_id,normalize_empty_to_null_or_quarantine_when_required,none,none,A coluna id alimenta id conforme o contrato atual validado.,remaining:tb_workspace.solicitacoes_mensagens,8bf30c95c9bdb7b72de7c3ffb09735b99b31c3f4b962164687e8cf66e67f4201
tb_workspace.solicitacoes_mensagens,workspace-ti-message-insert,tecnologia.request_messages,insert,lida,,not_preserved,not_emitted_no_equivalent_current_column,A coluna não produz valor de destino.,none,none,TIMessage não possui recibo de leitura; somente zero pode prosseguir e qualquer indicador funcional coloca a linha integral em quarentena.,remaining:tb_workspace.solicitacoes_mensagens,8bf30c95c9bdb7b72de7c3ffb09735b99b31c3f4b962164687e8cf66e67f4201
tb_workspace.solicitacoes_mensagens,workspace-ti-message-insert,tecnologia.request_messages,insert,mensagem,,not_preserved,not_emitted_no_equivalent_current_column,A coluna não produz valor de destino.,none,personal,Anexos tipo 6 só poderiam alimentar attachment após correlação inequívoca e MIME JPEG/PNG/WEBP; o PDF real não possui vínculo pelo nome vazio do backup.,remaining:tb_workspace.solicitacoes_mensagens,8bf30c95c9bdb7b72de7c3ffb09735b99b31c3f4b962164687e8cf66e67f4201
tb_workspace.solicitacoes_mensagens,workspace-ti-message-insert,tecnologia.request_messages,insert,mensagem,message,mapped,normalize_required_non_attachment_message,normalize_empty_to_null_or_quarantine_when_required,none,personal,A coluna mensagem alimenta message conforme o contrato atual validado.,remaining:tb_workspace.solicitacoes_mensagens,8bf30c95c9bdb7b72de7c3ffb09735b99b31c3f4b962164687e8cf66e67f4201
tb_workspace.solicitacoes_mensagens,workspace-ti-message-insert,tecnologia.request_messages,insert,remetente,sender_id,mapped,resolve_explicit_user_reference,normalize_empty_to_null_or_quarantine_when_required,foreign_key,none,A referência é resolvida exclusivamente pelo vínculo legado explícito.,remaining:tb_workspace.solicitacoes_mensagens,8bf30c95c9bdb7b72de7c3ffb09735b99b31c3f4b962164687e8cf66e67f4201
tb_workspace.solicitacoes_mensagens,workspace-ti-message-insert,tecnologia.request_messages,insert,solicitacao,request_id,mapped,resolve_workspace_ti_request_reference,normalize_empty_to_null_or_quarantine_when_required,foreign_key,none,A referência é resolvida exclusivamente pelo vínculo legado explícito.,remaining:tb_workspace.solicitacoes_mensagens,8bf30c95c9bdb7b72de7c3ffb09735b99b31c3f4b962164687e8cf66e67f4201
tb_workspace.solicitacoes_mensagens,workspace-ti-message-insert,tecnologia.request_messages,insert,tipo,type,mapped,map_workspace_message_type,normalize_empty_to_null_or_quarantine_when_required,none,none,A coluna tipo alimenta type conforme o contrato atual validado.,remaining:tb_workspace.solicitacoes_mensagens,8bf30c95c9bdb7b72de7c3ffb09735b99b31c3f4b962164687e8cf66e67f4201
