sourceTable,stepId,destinationTable,mode,identityKind,identity,cardinality,ruleOrigin,dependencies,precedence,columns,constants,defaults,contextContract,emissionContract,contractOrigin,runtimeClassifier,contractDigest,readRows,prepared,quarantine,notEmitted,blockedRows,preflightState,preflightComplete
tb_admin.departamentos,department-insert,departments,insert,generate,"{""kind"":""generate"",""legacyColumn"":""id"",""scope"":""tb_admin.departamentos"",""namespace"":""3f68d246-0b54-4a10-9415-a8845a767fb5""}",1:1,v2:tb_admin.departamentos,,source|defaults,"[{""sourceColumn"":""id"",""destinationColumn"":""id"",""status"":""mapped"",""transformation"":""uuid_v5"",""nullHandling"":""normalize_empty_to_null_or_quarantine_when_required"",""referenceRole"":""identity"",""sensitivity"":""none"",""reason"":""Comportamento legado e contrato atual comprovam este mapeamento de coluna.""},{""sourceColumn"":""nome"",""destinationColumn"":""name"",""status"":""mapped"",""transformation"":""normalize_text"",""nullHandling"":""normalize_empty_to_null_or_quarantine_when_required"",""referenceRole"":""none"",""sensitivity"":""none"",""reason"":""Comportamento legado e contrato atual comprovam este mapeamento de coluna.""},{""sourceColumn"":""color"",""destinationColumn"":""color"",""status"":""mapped"",""transformation"":""normalize_color"",""nullHandling"":""normalize_empty_to_null_or_quarantine_when_required"",""referenceRole"":""none"",""sensitivity"":""none"",""reason"":""Comportamento legado e contrato atual comprovam este mapeamento de coluna.""},{""sourceColumn"":""status"",""destinationColumn"":""status"",""status"":""mapped"",""transformation"":""normalize_department_status"",""nullHandling"":""normalize_empty_to_null_or_quarantine_when_required"",""referenceRole"":""none"",""sensitivity"":""none"",""reason"":""Comportamento legado e contrato atual comprovam este mapeamento de coluna.""},{""sourceColumn"":""parceiros"",""destinationColumn"":""solution"",""status"":""mapped"",""transformation"":""normalize_boolean"",""nullHandling"":""normalize_empty_to_null_or_quarantine_when_required"",""referenceRole"":""none"",""sensitivity"":""none"",""reason"":""Comportamento legado e contrato atual comprovam este mapeamento de coluna.""}]","{""organization_id"":""e8048d1c-0830-45d7-84de-68e20abd685b""}","{""color"":""#64748b"",""status"":""Ativo"",""solution"":false}","{""declared"":false,""mode"":""unknown"",""requirements"":[]}","{""kind"":""runtime_classifier"",""decisionSource"":""runtime_classifier"",""conditions"":null,""decisionRequiredPerSourceRow"":true,""omissionPolicy"":""error"",""runtimeClassifierRequired"":true}","{""ruleOrigin"":""v2:tb_admin.departamentos"",""stepId"":""department-insert"",""classifyRef"":""v2:tb_admin.departamentos#classifySourceRow"",""emitRef"":""v2:tb_admin.departamentos#emitRows""}","{""required"":true,""classifyDigest"":""3600dc5cea77f8cd2d181405a6a0332bc5c5ab9fd9c09508cf06d68cd61be240"",""emitDigest"":""b0683094f6cfca02f49cf4faa1ace95aeb65e464a65bbc0f1de6f55554aa1a2a""}",ea4dcb4701d24811c338518824943d474b32a01e819abccc5fa1d268b28d6f3a,48,0,0,0,48,preflight_blocked,false
tb_admin.logs,admin-log-insert,logs,insert,generate,"{""kind"":""generate"",""legacyColumn"":""id"",""scope"":""tb_admin.logs"",""namespace"":""3f68d246-0b54-4a10-9415-a8845a767fb5""}",1:1,admin-business:tb_admin.logs,tb_admin.usuarios,source|defaults,"[{""sourceColumn"":""id"",""destinationColumn"":""id"",""status"":""mapped"",""transformation"":""uuid_v5_from_full_source_table_and_legacy_id"",""nullHandling"":""normalize_empty_to_null_or_quarantine_when_required"",""referenceRole"":""none"",""sensitivity"":""none"",""reason"":""Comportamento legado e contrato atual comprovam este mapeamento de coluna.""},{""sourceColumn"":""tipo"",""destinationColumn"":""action"",""status"":""mapped"",""transformation"":""normalize_required_text"",""nullHandling"":""normalize_empty_to_null_or_quarantine_when_required"",""referenceRole"":""none"",""sensitivity"":""none"",""reason"":""Comportamento legado e contrato atual comprovam este mapeamento de coluna.""},{""sourceColumn"":""referente"",""destinationColumn"":""referring"",""status"":""mapped"",""transformation"":""normalize_required_text"",""nullHandling"":""normalize_empty_to_null_or_quarantine_when_required"",""referenceRole"":""none"",""sensitivity"":""none"",""reason"":""Comportamento legado e contrato atual comprovam este mapeamento de coluna.""},{""sourceColumn"":""referente_id"",""destinationColumn"":""referring_id"",""status"":""mapped"",""transformation"":""normalize_reference_text"",""nullHandling"":""normalize_empty_to_null_or_quarantine_when_required"",""referenceRole"":""none"",""sensitivity"":""none"",""reason"":""Comportamento legado e contrato atual comprovam este mapeamento de coluna.""},{""sourceColumn"":""usuario_id"",""destinationColumn"":""user_id"",""status"":""mapped"",""transformation"":""resolve_user_reference"",""nullHandling"":""quarantine_when_reference_is_missing_or_ambiguous"",""referenceRole"":""foreign_key"",""sensitivity"":""none"",""reason"":""Comportamento legado e contrato atual comprovam este mapeamento de coluna.""},{""sourceColumn"":""data"",""destinationColumn"":""date"",""status"":""mapped"",""transformation"":""normalize_required_datetime"",""nullHandling"":""normalize_empty_to_null_or_quarantine_when_required"",""referenceRole"":""none"",""sensitivity"":""none"",""reason"":""Comportamento legado e contrato atual comprovam este mapeamento de coluna.""},{""sourceColumn"":""local"",""destinationColumn"":null,""status"":""not_preserved"",""transformation"":""discard_without_persisting_value"",""nullHandling"":""not_applicable"",""referenceRole"":""none"",""sensitivity"":""personal"",""reason"":""O local legado é metadado de rede/contexto sem campo equivalente; não é comprimido no JSON changes.""}]","{""organization_id"":""e8048d1c-0830-45d7-84de-68e20abd685b""}","{""changes"":""{}""}","{""declared"":false,""mode"":""unknown"",""requirements"":[]}","{""kind"":""runtime_classifier"",""decisionSource"":""runtime_classifier"",""conditions"":null,""decisionRequiredPerSourceRow"":true,""omissionPolicy"":""error"",""runtimeClassifierRequired"":true}","{""ruleOrigin"":""admin-business:tb_admin.logs"",""stepId"":""admin-log-insert"",""classifyRef"":""admin-business:tb_admin.logs#classifySourceRow"",""emitRef"":""admin-business:tb_admin.logs#emitRows""}","{""required"":true,""classifyDigest"":""98aaa16a65890d82bd6f96e89b9aee67a9206e5810c5c499bf64b09d38a39a63"",""emitDigest"":""8b6f66a0c8bebdfcd17ecff4a679c4737444e85175cbed585fa9b00095d2933d""}",8e12298326799322f39800ecb22218914330ede036bcdbdfa7f83f4d541e4bca,470127,0,0,0,470127,preflight_blocked,false
tb_admin.permissoes,permission-specific-task-completion-merge,permissions.specific,merge,resolve,"{""kind"":""resolve"",""sourceTable"":""tb_admin.usuarios"",""sourceColumn"":""user_id"",""targetLegacyColumn"":""id""}",N:1,admin-business:tb_admin.permissoes,tb_admin.usuarios,explicit_legacy_link|current_user_organization_unique|source_level,"[{""sourceColumn"":""id"",""destinationColumn"":null,""status"":""not_preserved"",""transformation"":""discard_without_persisting_value"",""nullHandling"":""not_applicable"",""referenceRole"":""none"",""sensitivity"":""none"",""reason"":""A identidade específica atual é o user_id único por usuário e organização.""},{""sourceColumn"":""modulo"",""destinationColumn"":null,""status"":""not_preserved"",""transformation"":""discard_without_persisting_value"",""nullHandling"":""not_applicable"",""referenceRole"":""none"",""sensitivity"":""none"",""reason"":""O módulo é usado para selecionar a única combinação dinâmica com contrato atual.""},{""sourceColumn"":""referencia"",""destinationColumn"":null,""status"":""not_preserved"",""transformation"":""discard_without_persisting_value"",""nullHandling"":""not_applicable"",""referenceRole"":""none"",""sensitivity"":""none"",""reason"":""A referência é usada para selecionar task_completion e não possui coluna própria.""},{""sourceColumn"":""user_id"",""destinationColumn"":""user_id"",""status"":""mapped"",""transformation"":""resolve_user_reference"",""nullHandling"":""quarantine_when_reference_is_missing_or_ambiguous"",""referenceRole"":""foreign_key"",""sensitivity"":""none"",""reason"":""Comportamento legado e contrato atual comprovam este mapeamento de coluna.""},{""sourceColumn"":""nivel"",""destinationColumn"":""task_completion"",""status"":""mapped"",""transformation"":""normalize_dynamic_permission_boolean"",""nullHandling"":""normalize_empty_to_null_or_quarantine_when_required"",""referenceRole"":""none"",""sensitivity"":""none"",""reason"":""A presença dinâmica integracao/ref=0 controla a conclusão de tarefas no contrato atual.""}]","{""organization_id"":""e8048d1c-0830-45d7-84de-68e20abd685b""}",{},"{""declared"":false,""mode"":""unknown"",""requirements"":[]}","{""kind"":""runtime_classifier"",""decisionSource"":""runtime_classifier"",""conditions"":null,""decisionRequiredPerSourceRow"":true,""omissionPolicy"":""error"",""runtimeClassifierRequired"":true}","{""ruleOrigin"":""admin-business:tb_admin.permissoes"",""stepId"":""permission-specific-task-completion-merge"",""classifyRef"":""admin-business:tb_admin.permissoes#classifySourceRow"",""emitRef"":""admin-business:tb_admin.permissoes#emitRows""}","{""required"":true,""classifyDigest"":""cb0e9eec72b87cb9370636287e78b9cf4b4e187fc8a5be6232f4fe7110669da2"",""emitDigest"":""25fa4643b0e811865cc7bf44e10da924aadbdb2e45ea70c2013d1f384e5ff9d8""}",6d06fa4f57822a6b69ea3a7c3292018a2b53aadf10db5652ac9c9f2f5bfd1a9b,14,0,0,0,14,preflight_blocked,false
tb_admin.permissoes_certificado,permission-certificado-merge,permissions,merge,resolve,"{""kind"":""resolve"",""sourceTable"":""tb_admin.usuarios"",""sourceColumn"":""user_id"",""targetLegacyColumn"":""id""}",N:1,admin-business:tb_admin.permissoes_certificado,tb_admin.usuarios,explicit_legacy_link|current_user_organization_unique|lowest_legacy_id_owner|source_module_level,"[{""sourceColumn"":""id"",""destinationColumn"":null,""status"":""not_preserved"",""transformation"":""discard_without_persisting_value"",""nullHandling"":""not_applicable"",""referenceRole"":""none"",""sensitivity"":""none"",""reason"":""A identidade da linha modular é consolidada na linha única de Permission por usuário e organização.""},{""sourceColumn"":""user_id"",""destinationColumn"":""user_id"",""status"":""mapped"",""transformation"":""resolve_user_reference"",""nullHandling"":""quarantine_when_reference_is_missing_or_ambiguous"",""referenceRole"":""foreign_key"",""sensitivity"":""none"",""reason"":""Comportamento legado e contrato atual comprovam este mapeamento de coluna.""},{""sourceColumn"":""permissao"",""destinationColumn"":""certificado"",""status"":""mapped"",""transformation"":""normalize_legacy_permission_level_plus_one"",""nullHandling"":""normalize_empty_to_null_or_quarantine_when_required"",""referenceRole"":""none"",""sensitivity"":""none"",""reason"":""A normalização atual converte o sentinela legado -1 em 0 e os cargos legados 0, 1 e 2 nos níveis atuais 1, 2 e 3.""}]","{""organization_id"":""e8048d1c-0830-45d7-84de-68e20abd685b""}",{},"{""declared"":false,""mode"":""unknown"",""requirements"":[]}","{""kind"":""runtime_classifier"",""decisionSource"":""runtime_classifier"",""conditions"":null,""decisionRequiredPerSourceRow"":true,""omissionPolicy"":""error"",""runtimeClassifierRequired"":true}","{""ruleOrigin"":""admin-business:tb_admin.permissoes_certificado"",""stepId"":""permission-certificado-merge"",""classifyRef"":""admin-business:tb_admin.permissoes_certificado#classifySourceRow"",""emitRef"":""admin-business:tb_admin.permissoes_certificado#emitRows""}","{""required"":true,""classifyDigest"":""95387b2889392dbf8f2d7ac325af425dd9e1816c2feaeae36eaf695026664ec0"",""emitDigest"":""ba09766f539d2fcb210bd374e856c78036477816495523f6bddbe2405ffbf790""}",8e21ff3d7805cb7c7393bd691d15f1b09298bf04626bf58f02742b1bf810eb31,67,0,0,0,67,preflight_blocked,false
tb_admin.permissoes_comercial,permission-comercial-merge,permissions,merge,resolve,"{""kind"":""resolve"",""sourceTable"":""tb_admin.usuarios"",""sourceColumn"":""user_id"",""targetLegacyColumn"":""id""}",N:1,admin-business:tb_admin.permissoes_comercial,tb_admin.usuarios,explicit_legacy_link|current_user_organization_unique|lowest_legacy_id_owner|source_module_level,"[{""sourceColumn"":""id"",""destinationColumn"":null,""status"":""not_preserved"",""transformation"":""discard_without_persisting_value"",""nullHandling"":""not_applicable"",""referenceRole"":""none"",""sensitivity"":""none"",""reason"":""A identidade da linha modular é consolidada na linha única de Permission por usuário e organização.""},{""sourceColumn"":""user_id"",""destinationColumn"":""user_id"",""status"":""mapped"",""transformation"":""resolve_user_reference"",""nullHandling"":""quarantine_when_reference_is_missing_or_ambiguous"",""referenceRole"":""foreign_key"",""sensitivity"":""none"",""reason"":""Comportamento legado e contrato atual comprovam este mapeamento de coluna.""},{""sourceColumn"":""permissao"",""destinationColumn"":""comercial"",""status"":""mapped"",""transformation"":""normalize_legacy_permission_level_plus_one"",""nullHandling"":""normalize_empty_to_null_or_quarantine_when_required"",""referenceRole"":""none"",""sensitivity"":""none"",""reason"":""A normalização atual converte o sentinela legado -1 em 0 e os cargos legados 0, 1 e 2 nos níveis atuais 1, 2 e 3.""}]","{""organization_id"":""e8048d1c-0830-45d7-84de-68e20abd685b""}",{},"{""declared"":false,""mode"":""unknown"",""requirements"":[]}","{""kind"":""runtime_classifier"",""decisionSource"":""runtime_classifier"",""conditions"":null,""decisionRequiredPerSourceRow"":true,""omissionPolicy"":""error"",""runtimeClassifierRequired"":true}","{""ruleOrigin"":""admin-business:tb_admin.permissoes_comercial"",""stepId"":""permission-comercial-merge"",""classifyRef"":""admin-business:tb_admin.permissoes_comercial#classifySourceRow"",""emitRef"":""admin-business:tb_admin.permissoes_comercial#emitRows""}","{""required"":true,""classifyDigest"":""95387b2889392dbf8f2d7ac325af425dd9e1816c2feaeae36eaf695026664ec0"",""emitDigest"":""ba09766f539d2fcb210bd374e856c78036477816495523f6bddbe2405ffbf790""}",d8567dd9092b36e5c195e586a6429dc2ec65fe8d633134e0d07e31949168a24a,17,0,0,0,17,preflight_blocked,false
tb_admin.permissoes_contabil,permission-contabil-merge,permissions,merge,resolve,"{""kind"":""resolve"",""sourceTable"":""tb_admin.usuarios"",""sourceColumn"":""user_id"",""targetLegacyColumn"":""id""}",N:1,admin-business:tb_admin.permissoes_contabil,tb_admin.usuarios,explicit_legacy_link|current_user_organization_unique|lowest_legacy_id_owner|source_module_level,"[{""sourceColumn"":""id"",""destinationColumn"":null,""status"":""not_preserved"",""transformation"":""discard_without_persisting_value"",""nullHandling"":""not_applicable"",""referenceRole"":""none"",""sensitivity"":""none"",""reason"":""A identidade da linha modular é consolidada na linha única de Permission por usuário e organização.""},{""sourceColumn"":""user_id"",""destinationColumn"":""user_id"",""status"":""mapped"",""transformation"":""resolve_user_reference"",""nullHandling"":""quarantine_when_reference_is_missing_or_ambiguous"",""referenceRole"":""foreign_key"",""sensitivity"":""none"",""reason"":""Comportamento legado e contrato atual comprovam este mapeamento de coluna.""},{""sourceColumn"":""permissao"",""destinationColumn"":""contabil"",""status"":""mapped"",""transformation"":""normalize_legacy_permission_level_plus_one"",""nullHandling"":""normalize_empty_to_null_or_quarantine_when_required"",""referenceRole"":""none"",""sensitivity"":""none"",""reason"":""A normalização atual converte o sentinela legado -1 em 0 e os cargos legados 0, 1 e 2 nos níveis atuais 1, 2 e 3.""}]","{""organization_id"":""e8048d1c-0830-45d7-84de-68e20abd685b""}",{},"{""declared"":false,""mode"":""unknown"",""requirements"":[]}","{""kind"":""runtime_classifier"",""decisionSource"":""runtime_classifier"",""conditions"":null,""decisionRequiredPerSourceRow"":true,""omissionPolicy"":""error"",""runtimeClassifierRequired"":true}","{""ruleOrigin"":""admin-business:tb_admin.permissoes_contabil"",""stepId"":""permission-contabil-merge"",""classifyRef"":""admin-business:tb_admin.permissoes_contabil#classifySourceRow"",""emitRef"":""admin-business:tb_admin.permissoes_contabil#emitRows""}","{""required"":true,""classifyDigest"":""95387b2889392dbf8f2d7ac325af425dd9e1816c2feaeae36eaf695026664ec0"",""emitDigest"":""ba09766f539d2fcb210bd374e856c78036477816495523f6bddbe2405ffbf790""}",4ed489d7ab7d5678c2c89dc3671510b390699031d5b31d5875449e85a47701d6,38,0,0,0,38,preflight_blocked,false
tb_admin.permissoes_financeiro,permission-financeiro-merge,permissions,merge,resolve,"{""kind"":""resolve"",""sourceTable"":""tb_admin.usuarios"",""sourceColumn"":""user_id"",""targetLegacyColumn"":""id""}",N:1,admin-business:tb_admin.permissoes_financeiro,tb_admin.usuarios,explicit_legacy_link|current_user_organization_unique|lowest_legacy_id_owner|source_module_level,"[{""sourceColumn"":""id"",""destinationColumn"":null,""status"":""not_preserved"",""transformation"":""discard_without_persisting_value"",""nullHandling"":""not_applicable"",""referenceRole"":""none"",""sensitivity"":""none"",""reason"":""A identidade da linha modular é consolidada na linha única de Permission por usuário e organização.""},{""sourceColumn"":""user_id"",""destinationColumn"":""user_id"",""status"":""mapped"",""transformation"":""resolve_user_reference"",""nullHandling"":""quarantine_when_reference_is_missing_or_ambiguous"",""referenceRole"":""foreign_key"",""sensitivity"":""none"",""reason"":""Comportamento legado e contrato atual comprovam este mapeamento de coluna.""},{""sourceColumn"":""permissao"",""destinationColumn"":""financeiro"",""status"":""mapped"",""transformation"":""normalize_legacy_permission_level_plus_one"",""nullHandling"":""normalize_empty_to_null_or_quarantine_when_required"",""referenceRole"":""none"",""sensitivity"":""none"",""reason"":""A normalização atual converte o sentinela legado -1 em 0 e os cargos legados 0, 1 e 2 nos níveis atuais 1, 2 e 3.""}]","{""organization_id"":""e8048d1c-0830-45d7-84de-68e20abd685b""}",{},"{""declared"":false,""mode"":""unknown"",""requirements"":[]}","{""kind"":""runtime_classifier"",""decisionSource"":""runtime_classifier"",""conditions"":null,""decisionRequiredPerSourceRow"":true,""omissionPolicy"":""error"",""runtimeClassifierRequired"":true}","{""ruleOrigin"":""admin-business:tb_admin.permissoes_financeiro"",""stepId"":""permission-financeiro-merge"",""classifyRef"":""admin-business:tb_admin.permissoes_financeiro#classifySourceRow"",""emitRef"":""admin-business:tb_admin.permissoes_financeiro#emitRows""}","{""required"":true,""classifyDigest"":""95387b2889392dbf8f2d7ac325af425dd9e1816c2feaeae36eaf695026664ec0"",""emitDigest"":""ba09766f539d2fcb210bd374e856c78036477816495523f6bddbe2405ffbf790""}",7d70d4d9d47a1cd7fe5f097aab572bd146f1db4cd6a313058047e975e0845625,12,0,0,0,12,preflight_blocked,false
tb_admin.permissoes_fiscal,permission-fiscal-merge,permissions,merge,resolve,"{""kind"":""resolve"",""sourceTable"":""tb_admin.usuarios"",""sourceColumn"":""user_id"",""targetLegacyColumn"":""id""}",N:1,admin-business:tb_admin.permissoes_fiscal,tb_admin.usuarios,explicit_legacy_link|current_user_organization_unique|lowest_legacy_id_owner|source_module_level,"[{""sourceColumn"":""id"",""destinationColumn"":null,""status"":""not_preserved"",""transformation"":""discard_without_persisting_value"",""nullHandling"":""not_applicable"",""referenceRole"":""none"",""sensitivity"":""none"",""reason"":""A identidade da linha modular é consolidada na linha única de Permission por usuário e organização.""},{""sourceColumn"":""user_id"",""destinationColumn"":""user_id"",""status"":""mapped"",""transformation"":""resolve_user_reference"",""nullHandling"":""quarantine_when_reference_is_missing_or_ambiguous"",""referenceRole"":""foreign_key"",""sensitivity"":""none"",""reason"":""Comportamento legado e contrato atual comprovam este mapeamento de coluna.""},{""sourceColumn"":""permissao"",""destinationColumn"":""fiscal"",""status"":""mapped"",""transformation"":""normalize_legacy_permission_level_plus_one"",""nullHandling"":""normalize_empty_to_null_or_quarantine_when_required"",""referenceRole"":""none"",""sensitivity"":""none"",""reason"":""A normalização atual converte o sentinela legado -1 em 0 e os cargos legados 0, 1 e 2 nos níveis atuais 1, 2 e 3.""}]","{""organization_id"":""e8048d1c-0830-45d7-84de-68e20abd685b""}",{},"{""declared"":false,""mode"":""unknown"",""requirements"":[]}","{""kind"":""runtime_classifier"",""decisionSource"":""runtime_classifier"",""conditions"":null,""decisionRequiredPerSourceRow"":true,""omissionPolicy"":""error"",""runtimeClassifierRequired"":true}","{""ruleOrigin"":""admin-business:tb_admin.permissoes_fiscal"",""stepId"":""permission-fiscal-merge"",""classifyRef"":""admin-business:tb_admin.permissoes_fiscal#classifySourceRow"",""emitRef"":""admin-business:tb_admin.permissoes_fiscal#emitRows""}","{""required"":true,""classifyDigest"":""95387b2889392dbf8f2d7ac325af425dd9e1816c2feaeae36eaf695026664ec0"",""emitDigest"":""ba09766f539d2fcb210bd374e856c78036477816495523f6bddbe2405ffbf790""}",5b7d18913e7e0bbeb6f0debf7350da52c1c9d76ca0014c36c6443a0be87e9fcd,42,0,0,0,42,preflight_blocked,false
tb_admin.permissoes_integracao,permission-integracao-merge,permissions,merge,resolve,"{""kind"":""resolve"",""sourceTable"":""tb_admin.usuarios"",""sourceColumn"":""user_id"",""targetLegacyColumn"":""id""}",N:1,admin-business:tb_admin.permissoes_integracao,tb_admin.usuarios,explicit_legacy_link|current_user_organization_unique|lowest_legacy_id_owner|source_module_level,"[{""sourceColumn"":""id"",""destinationColumn"":null,""status"":""not_preserved"",""transformation"":""discard_without_persisting_value"",""nullHandling"":""not_applicable"",""referenceRole"":""none"",""sensitivity"":""none"",""reason"":""A identidade da linha modular é consolidada na linha única de Permission por usuário e organização.""},{""sourceColumn"":""user_id"",""destinationColumn"":""user_id"",""status"":""mapped"",""transformation"":""resolve_user_reference"",""nullHandling"":""quarantine_when_reference_is_missing_or_ambiguous"",""referenceRole"":""foreign_key"",""sensitivity"":""none"",""reason"":""Comportamento legado e contrato atual comprovam este mapeamento de coluna.""},{""sourceColumn"":""permissao"",""destinationColumn"":""integracao"",""status"":""mapped"",""transformation"":""normalize_legacy_permission_level_plus_one"",""nullHandling"":""normalize_empty_to_null_or_quarantine_when_required"",""referenceRole"":""none"",""sensitivity"":""none"",""reason"":""A normalização atual converte o sentinela legado -1 em 0 e os cargos legados 0, 1 e 2 nos níveis atuais 1, 2 e 3.""}]","{""organization_id"":""e8048d1c-0830-45d7-84de-68e20abd685b""}",{},"{""declared"":false,""mode"":""unknown"",""requirements"":[]}","{""kind"":""runtime_classifier"",""decisionSource"":""runtime_classifier"",""conditions"":null,""decisionRequiredPerSourceRow"":true,""omissionPolicy"":""error"",""runtimeClassifierRequired"":true}","{""ruleOrigin"":""admin-business:tb_admin.permissoes_integracao"",""stepId"":""permission-integracao-merge"",""classifyRef"":""admin-business:tb_admin.permissoes_integracao#classifySourceRow"",""emitRef"":""admin-business:tb_admin.permissoes_integracao#emitRows""}","{""required"":true,""classifyDigest"":""95387b2889392dbf8f2d7ac325af425dd9e1816c2feaeae36eaf695026664ec0"",""emitDigest"":""ba09766f539d2fcb210bd374e856c78036477816495523f6bddbe2405ffbf790""}",1c2b6a3312494d6624f8ff8e2cf8ca0ea5f975eff35420a76b1448478344ee1b,264,0,0,0,264,preflight_blocked,false
tb_admin.permissoes_marketing,permission-marketing-merge,permissions,merge,resolve,"{""kind"":""resolve"",""sourceTable"":""tb_admin.usuarios"",""sourceColumn"":""user_id"",""targetLegacyColumn"":""id""}",N:1,admin-business:tb_admin.permissoes_marketing,tb_admin.usuarios,explicit_legacy_link|current_user_organization_unique|lowest_legacy_id_owner|source_module_level,"[{""sourceColumn"":""id"",""destinationColumn"":null,""status"":""not_preserved"",""transformation"":""discard_without_persisting_value"",""nullHandling"":""not_applicable"",""referenceRole"":""none"",""sensitivity"":""none"",""reason"":""A identidade da linha modular é consolidada na linha única de Permission por usuário e organização.""},{""sourceColumn"":""user_id"",""destinationColumn"":""user_id"",""status"":""mapped"",""transformation"":""resolve_user_reference"",""nullHandling"":""quarantine_when_reference_is_missing_or_ambiguous"",""referenceRole"":""foreign_key"",""sensitivity"":""none"",""reason"":""Comportamento legado e contrato atual comprovam este mapeamento de coluna.""},{""sourceColumn"":""permissao"",""destinationColumn"":""marketing"",""status"":""mapped"",""transformation"":""normalize_legacy_permission_level_plus_one"",""nullHandling"":""normalize_empty_to_null_or_quarantine_when_required"",""referenceRole"":""none"",""sensitivity"":""none"",""reason"":""A normalização atual converte o sentinela legado -1 em 0 e os cargos legados 0, 1 e 2 nos níveis atuais 1, 2 e 3.""}]","{""organization_id"":""e8048d1c-0830-45d7-84de-68e20abd685b""}",{},"{""declared"":false,""mode"":""unknown"",""requirements"":[]}","{""kind"":""runtime_classifier"",""decisionSource"":""runtime_classifier"",""conditions"":null,""decisionRequiredPerSourceRow"":true,""omissionPolicy"":""error"",""runtimeClassifierRequired"":true}","{""ruleOrigin"":""admin-business:tb_admin.permissoes_marketing"",""stepId"":""permission-marketing-merge"",""classifyRef"":""admin-business:tb_admin.permissoes_marketing#classifySourceRow"",""emitRef"":""admin-business:tb_admin.permissoes_marketing#emitRows""}","{""required"":true,""classifyDigest"":""95387b2889392dbf8f2d7ac325af425dd9e1816c2feaeae36eaf695026664ec0"",""emitDigest"":""ba09766f539d2fcb210bd374e856c78036477816495523f6bddbe2405ffbf790""}",48a1804acc6f0bad8ec1082edf1b420a847362df6f64e55279000aeeb5ee23d6,93,0,0,0,93,preflight_blocked,false
tb_admin.permissoes_parcelamento,permission-parcelamento-merge,permissions,merge,resolve,"{""kind"":""resolve"",""sourceTable"":""tb_admin.usuarios"",""sourceColumn"":""user_id"",""targetLegacyColumn"":""id""}",N:1,admin-business:tb_admin.permissoes_parcelamento,tb_admin.usuarios,explicit_legacy_link|current_user_organization_unique|lowest_legacy_id_owner|source_module_level,"[{""sourceColumn"":""id"",""destinationColumn"":null,""status"":""not_preserved"",""transformation"":""discard_without_persisting_value"",""nullHandling"":""not_applicable"",""referenceRole"":""none"",""sensitivity"":""none"",""reason"":""A identidade da linha modular é consolidada na linha única de Permission por usuário e organização.""},{""sourceColumn"":""user_id"",""destinationColumn"":""user_id"",""status"":""mapped"",""transformation"":""resolve_user_reference"",""nullHandling"":""quarantine_when_reference_is_missing_or_ambiguous"",""referenceRole"":""foreign_key"",""sensitivity"":""none"",""reason"":""Comportamento legado e contrato atual comprovam este mapeamento de coluna.""},{""sourceColumn"":""permissao"",""destinationColumn"":""parcelamento"",""status"":""mapped"",""transformation"":""normalize_legacy_permission_level_plus_one"",""nullHandling"":""normalize_empty_to_null_or_quarantine_when_required"",""referenceRole"":""none"",""sensitivity"":""none"",""reason"":""A normalização atual converte o sentinela legado -1 em 0 e os cargos legados 0, 1 e 2 nos níveis atuais 1, 2 e 3.""}]","{""organization_id"":""e8048d1c-0830-45d7-84de-68e20abd685b""}",{},"{""declared"":false,""mode"":""unknown"",""requirements"":[]}","{""kind"":""runtime_classifier"",""decisionSource"":""runtime_classifier"",""conditions"":null,""decisionRequiredPerSourceRow"":true,""omissionPolicy"":""error"",""runtimeClassifierRequired"":true}","{""ruleOrigin"":""admin-business:tb_admin.permissoes_parcelamento"",""stepId"":""permission-parcelamento-merge"",""classifyRef"":""admin-business:tb_admin.permissoes_parcelamento#classifySourceRow"",""emitRef"":""admin-business:tb_admin.permissoes_parcelamento#emitRows""}","{""required"":true,""classifyDigest"":""95387b2889392dbf8f2d7ac325af425dd9e1816c2feaeae36eaf695026664ec0"",""emitDigest"":""ba09766f539d2fcb210bd374e856c78036477816495523f6bddbe2405ffbf790""}",85732fc752fa5b04c13aa96834a89d388909512d4cc704fc57cfdbabade6c75c,26,0,0,0,26,preflight_blocked,false
tb_admin.permissoes_pessoal,permission-pessoal-merge,permissions,merge,resolve,"{""kind"":""resolve"",""sourceTable"":""tb_admin.usuarios"",""sourceColumn"":""user_id"",""targetLegacyColumn"":""id""}",N:1,admin-business:tb_admin.permissoes_pessoal,tb_admin.usuarios,explicit_legacy_link|current_user_organization_unique|lowest_legacy_id_owner|source_module_level,"[{""sourceColumn"":""id"",""destinationColumn"":null,""status"":""not_preserved"",""transformation"":""discard_without_persisting_value"",""nullHandling"":""not_applicable"",""referenceRole"":""none"",""sensitivity"":""none"",""reason"":""A identidade da linha modular é consolidada na linha única de Permission por usuário e organização.""},{""sourceColumn"":""user_id"",""destinationColumn"":""user_id"",""status"":""mapped"",""transformation"":""resolve_user_reference"",""nullHandling"":""quarantine_when_reference_is_missing_or_ambiguous"",""referenceRole"":""foreign_key"",""sensitivity"":""none"",""reason"":""Comportamento legado e contrato atual comprovam este mapeamento de coluna.""},{""sourceColumn"":""permissao"",""destinationColumn"":""pessoal"",""status"":""mapped"",""transformation"":""normalize_legacy_permission_level_plus_one"",""nullHandling"":""normalize_empty_to_null_or_quarantine_when_required"",""referenceRole"":""none"",""sensitivity"":""none"",""reason"":""A normalização atual converte o sentinela legado -1 em 0 e os cargos legados 0, 1 e 2 nos níveis atuais 1, 2 e 3.""}]","{""organization_id"":""e8048d1c-0830-45d7-84de-68e20abd685b""}",{},"{""declared"":false,""mode"":""unknown"",""requirements"":[]}","{""kind"":""runtime_classifier"",""decisionSource"":""runtime_classifier"",""conditions"":null,""decisionRequiredPerSourceRow"":true,""omissionPolicy"":""error"",""runtimeClassifierRequired"":true}","{""ruleOrigin"":""admin-business:tb_admin.permissoes_pessoal"",""stepId"":""permission-pessoal-merge"",""classifyRef"":""admin-business:tb_admin.permissoes_pessoal#classifySourceRow"",""emitRef"":""admin-business:tb_admin.permissoes_pessoal#emitRows""}","{""required"":true,""classifyDigest"":""95387b2889392dbf8f2d7ac325af425dd9e1816c2feaeae36eaf695026664ec0"",""emitDigest"":""ba09766f539d2fcb210bd374e856c78036477816495523f6bddbe2405ffbf790""}",99ab65966f3cc7d29eccbbcab947569d8ab166622d846ea9d161ece6ab9755dc,33,0,0,0,33,preflight_blocked,false
tb_admin.permissoes_regularize,permission-regularize-merge,permissions,merge,resolve,"{""kind"":""resolve"",""sourceTable"":""tb_admin.usuarios"",""sourceColumn"":""user_id"",""targetLegacyColumn"":""id""}",N:1,admin-business:tb_admin.permissoes_regularize,tb_admin.usuarios,explicit_legacy_link|current_user_organization_unique|lowest_legacy_id_owner|source_module_level,"[{""sourceColumn"":""id"",""destinationColumn"":null,""status"":""not_preserved"",""transformation"":""discard_without_persisting_value"",""nullHandling"":""not_applicable"",""referenceRole"":""none"",""sensitivity"":""none"",""reason"":""A identidade da linha modular é consolidada na linha única de Permission por usuário e organização.""},{""sourceColumn"":""user_id"",""destinationColumn"":""user_id"",""status"":""mapped"",""transformation"":""resolve_user_reference"",""nullHandling"":""quarantine_when_reference_is_missing_or_ambiguous"",""referenceRole"":""foreign_key"",""sensitivity"":""none"",""reason"":""Comportamento legado e contrato atual comprovam este mapeamento de coluna.""},{""sourceColumn"":""permissao"",""destinationColumn"":""regularize"",""status"":""mapped"",""transformation"":""normalize_legacy_permission_level_plus_one"",""nullHandling"":""normalize_empty_to_null_or_quarantine_when_required"",""referenceRole"":""none"",""sensitivity"":""none"",""reason"":""A normalização atual converte o sentinela legado -1 em 0 e os cargos legados 0, 1 e 2 nos níveis atuais 1, 2 e 3.""}]","{""organization_id"":""e8048d1c-0830-45d7-84de-68e20abd685b""}",{},"{""declared"":false,""mode"":""unknown"",""requirements"":[]}","{""kind"":""runtime_classifier"",""decisionSource"":""runtime_classifier"",""conditions"":null,""decisionRequiredPerSourceRow"":true,""omissionPolicy"":""error"",""runtimeClassifierRequired"":true}","{""ruleOrigin"":""admin-business:tb_admin.permissoes_regularize"",""stepId"":""permission-regularize-merge"",""classifyRef"":""admin-business:tb_admin.permissoes_regularize#classifySourceRow"",""emitRef"":""admin-business:tb_admin.permissoes_regularize#emitRows""}","{""required"":true,""classifyDigest"":""95387b2889392dbf8f2d7ac325af425dd9e1816c2feaeae36eaf695026664ec0"",""emitDigest"":""ba09766f539d2fcb210bd374e856c78036477816495523f6bddbe2405ffbf790""}",7b686c2b97bf627512905b92d3ebeee365284136c2c9bb392a2b8c8764d275fd,258,0,0,0,258,preflight_blocked,false
tb_admin.permissoes_rh,permission-rh-merge,permissions,merge,resolve,"{""kind"":""resolve"",""sourceTable"":""tb_admin.usuarios"",""sourceColumn"":""user_id"",""targetLegacyColumn"":""id""}",N:1,admin-business:tb_admin.permissoes_rh,tb_admin.usuarios,explicit_legacy_link|current_user_organization_unique|lowest_legacy_id_owner|source_module_level,"[{""sourceColumn"":""id"",""destinationColumn"":null,""status"":""not_preserved"",""transformation"":""discard_without_persisting_value"",""nullHandling"":""not_applicable"",""referenceRole"":""none"",""sensitivity"":""none"",""reason"":""A identidade da linha modular é consolidada na linha única de Permission por usuário e organização.""},{""sourceColumn"":""user_id"",""destinationColumn"":""user_id"",""status"":""mapped"",""transformation"":""resolve_user_reference"",""nullHandling"":""quarantine_when_reference_is_missing_or_ambiguous"",""referenceRole"":""foreign_key"",""sensitivity"":""none"",""reason"":""Comportamento legado e contrato atual comprovam este mapeamento de coluna.""},{""sourceColumn"":""permissao"",""destinationColumn"":""rh"",""status"":""mapped"",""transformation"":""normalize_legacy_permission_level_plus_one"",""nullHandling"":""normalize_empty_to_null_or_quarantine_when_required"",""referenceRole"":""none"",""sensitivity"":""none"",""reason"":""A normalização atual converte o sentinela legado -1 em 0 e os cargos legados 0, 1 e 2 nos níveis atuais 1, 2 e 3.""}]","{""organization_id"":""e8048d1c-0830-45d7-84de-68e20abd685b""}",{},"{""declared"":false,""mode"":""unknown"",""requirements"":[]}","{""kind"":""runtime_classifier"",""decisionSource"":""runtime_classifier"",""conditions"":null,""decisionRequiredPerSourceRow"":true,""omissionPolicy"":""error"",""runtimeClassifierRequired"":true}","{""ruleOrigin"":""admin-business:tb_admin.permissoes_rh"",""stepId"":""permission-rh-merge"",""classifyRef"":""admin-business:tb_admin.permissoes_rh#classifySourceRow"",""emitRef"":""admin-business:tb_admin.permissoes_rh#emitRows""}","{""required"":true,""classifyDigest"":""95387b2889392dbf8f2d7ac325af425dd9e1816c2feaeae36eaf695026664ec0"",""emitDigest"":""ba09766f539d2fcb210bd374e856c78036477816495523f6bddbe2405ffbf790""}",452258ce773a30c74fbcb2e16a15c2d544ab5d362005b45aea246227901e51d2,243,0,0,0,243,preflight_blocked,false
tb_admin.permissoes_triagem,permission-triagem-merge,permissions,merge,resolve,"{""kind"":""resolve"",""sourceTable"":""tb_admin.usuarios"",""sourceColumn"":""user_id"",""targetLegacyColumn"":""id""}",N:1,admin-business:tb_admin.permissoes_triagem,tb_admin.usuarios,explicit_legacy_link|current_user_organization_unique|lowest_legacy_id_owner|source_module_level,"[{""sourceColumn"":""id"",""destinationColumn"":null,""status"":""not_preserved"",""transformation"":""discard_without_persisting_value"",""nullHandling"":""not_applicable"",""referenceRole"":""none"",""sensitivity"":""none"",""reason"":""A identidade da linha modular é consolidada na linha única de Permission por usuário e organização.""},{""sourceColumn"":""user_id"",""destinationColumn"":""user_id"",""status"":""mapped"",""transformation"":""resolve_user_reference"",""nullHandling"":""quarantine_when_reference_is_missing_or_ambiguous"",""referenceRole"":""foreign_key"",""sensitivity"":""none"",""reason"":""Comportamento legado e contrato atual comprovam este mapeamento de coluna.""},{""sourceColumn"":""permissao"",""destinationColumn"":""triagem"",""status"":""mapped"",""transformation"":""normalize_legacy_permission_level_plus_one"",""nullHandling"":""normalize_empty_to_null_or_quarantine_when_required"",""referenceRole"":""none"",""sensitivity"":""none"",""reason"":""A normalização atual converte o sentinela legado -1 em 0 e os cargos legados 0, 1 e 2 nos níveis atuais 1, 2 e 3.""}]","{""organization_id"":""e8048d1c-0830-45d7-84de-68e20abd685b""}",{},"{""declared"":false,""mode"":""unknown"",""requirements"":[]}","{""kind"":""runtime_classifier"",""decisionSource"":""runtime_classifier"",""conditions"":null,""decisionRequiredPerSourceRow"":true,""omissionPolicy"":""error"",""runtimeClassifierRequired"":true}","{""ruleOrigin"":""admin-business:tb_admin.permissoes_triagem"",""stepId"":""permission-triagem-merge"",""classifyRef"":""admin-business:tb_admin.permissoes_triagem#classifySourceRow"",""emitRef"":""admin-business:tb_admin.permissoes_triagem#emitRows""}","{""required"":true,""classifyDigest"":""95387b2889392dbf8f2d7ac325af425dd9e1816c2feaeae36eaf695026664ec0"",""emitDigest"":""ba09766f539d2fcb210bd374e856c78036477816495523f6bddbe2405ffbf790""}",6a7831ce40dcfa9f095444abb4cee1fb6d7eb5375d1772868831f76d422effe5,82,0,0,0,82,preflight_blocked,false
tb_admin.usuarios,user-insert,users,insert,generate,"{""kind"":""generate"",""legacyColumn"":""id"",""scope"":""tb_admin.usuarios"",""namespace"":""3f68d246-0b54-4a10-9415-a8845a767fb5""}",1:1,v2:tb_admin.usuarios,tb_admin.departamentos,source|defaults,"[{""sourceColumn"":""id"",""destinationColumn"":""id"",""status"":""mapped"",""transformation"":""uuid_v5"",""nullHandling"":""normalize_empty_to_null_or_quarantine_when_required"",""referenceRole"":""identity"",""sensitivity"":""none"",""reason"":""Comportamento legado e contrato atual comprovam este mapeamento de coluna.""},{""sourceColumn"":""nome"",""destinationColumn"":""name"",""status"":""mapped"",""transformation"":""normalize_text"",""nullHandling"":""normalize_empty_to_null_or_quarantine_when_required"",""referenceRole"":""none"",""sensitivity"":""none"",""reason"":""Comportamento legado e contrato atual comprovam este mapeamento de coluna.""},{""sourceColumn"":""user"",""destinationColumn"":""login"",""status"":""mapped"",""transformation"":""normalize_login"",""nullHandling"":""normalize_empty_to_null_or_quarantine_when_required"",""referenceRole"":""none"",""sensitivity"":""credential"",""reason"":""Comportamento legado e contrato atual comprovam este mapeamento de coluna.""},{""sourceColumn"":""password"",""destinationColumn"":""password"",""status"":""mapped"",""transformation"":""select_bcrypt_migration_strategy"",""nullHandling"":""normalize_empty_to_null_or_quarantine_when_required"",""referenceRole"":""none"",""sensitivity"":""credential"",""reason"":""Seletor executável preserva bcrypt válido e aplica bcrypt_hash_legacy_plaintext somente a texto legado não vazio.""},{""sourceColumn"":""cargo"",""destinationColumn"":""permission"",""status"":""mapped"",""transformation"":""normalize_integer"",""nullHandling"":""normalize_empty_to_null_or_quarantine_when_required"",""referenceRole"":""none"",""sensitivity"":""personal"",""reason"":""Comportamento legado e contrato atual comprovam este mapeamento de coluna.""},{""sourceColumn"":""status"",""destinationColumn"":""status"",""status"":""mapped"",""transformation"":""normalize_status"",""nullHandling"":""normalize_empty_to_null_or_quarantine_when_required"",""referenceRole"":""none"",""sensitivity"":""none"",""reason"":""Comportamento legado e contrato atual comprovam este mapeamento de coluna.""},{""sourceColumn"":""departamento_id"",""destinationColumn"":""department_id"",""status"":""mapped"",""transformation"":""resolve_department_reference"",""nullHandling"":""normalize_empty_to_null_or_quarantine_when_required"",""referenceRole"":""foreign_key"",""sensitivity"":""none"",""reason"":""Comportamento legado e contrato atual comprovam este mapeamento de coluna.""},{""sourceColumn"":""img"",""destinationColumn"":""photo_url"",""status"":""mapped"",""transformation"":""normalize_legacy_asset_reference"",""nullHandling"":""normalize_empty_to_null_or_quarantine_when_required"",""referenceRole"":""none"",""sensitivity"":""none"",""reason"":""Comportamento legado e contrato atual comprovam este mapeamento de coluna.""},{""sourceColumn"":""nome"",""destinationColumn"":""full_name"",""status"":""mapped"",""transformation"":""normalize_text"",""nullHandling"":""normalize_empty_to_null_or_quarantine_when_required"",""referenceRole"":""none"",""sensitivity"":""none"",""reason"":""Comportamento legado e contrato atual comprovam este mapeamento de coluna.""}]","{""organization_id"":""e8048d1c-0830-45d7-84de-68e20abd685b"",""first_owner_flag"":false}","{""permission"":0,""status"":""Ativo"",""session_version"":0}","{""declared"":false,""mode"":""unknown"",""requirements"":[]}","{""kind"":""runtime_classifier"",""decisionSource"":""runtime_classifier"",""conditions"":null,""decisionRequiredPerSourceRow"":true,""omissionPolicy"":""error"",""runtimeClassifierRequired"":true}","{""ruleOrigin"":""v2:tb_admin.usuarios"",""stepId"":""user-insert"",""classifyRef"":""v2:tb_admin.usuarios#classifySourceRow"",""emitRef"":""v2:tb_admin.usuarios#emitRows""}","{""required"":true,""classifyDigest"":""3600dc5cea77f8cd2d181405a6a0332bc5c5ab9fd9c09508cf06d68cd61be240"",""emitDigest"":""b0683094f6cfca02f49cf4faa1ace95aeb65e464a65bbc0f1de6f55554aa1a2a""}",adc4bfe56b731f44bee75e45df59c13ee5b3c5f1ffb78c90fc4ab2e717a8e313,306,0,0,0,306,preflight_blocked,false
tb_cbc.emails,shared-email-recipient-insert,emails,insert,generate,"{""kind"":""generate"",""legacyColumn"":""id"",""scope"":""tb_cbc.emails"",""namespace"":""3f68d246-0b54-4a10-9415-a8845a767fb5""}",1:1,remaining:tb_cbc.emails,,legacy_identity,"[{""sourceColumn"":""id"",""destinationColumn"":""id"",""status"":""mapped"",""transformation"":""uuid_v5_from_full_source_table_and_legacy_id"",""nullHandling"":""normalize_empty_to_null_or_quarantine_when_required"",""referenceRole"":""none"",""sensitivity"":""none"",""reason"":""A coluna id alimenta id conforme o contrato atual validado.""},{""sourceColumn"":""email"",""destinationColumn"":""email"",""status"":""mapped"",""transformation"":""normalize_required_email"",""nullHandling"":""normalize_empty_to_null_or_quarantine_when_required"",""referenceRole"":""none"",""sensitivity"":""personal"",""reason"":""A coluna email alimenta email conforme o contrato atual validado.""},{""sourceColumn"":""responsavel"",""destinationColumn"":""responsible"",""status"":""mapped"",""transformation"":""normalize_required_text"",""nullHandling"":""normalize_empty_to_null_or_quarantine_when_required"",""referenceRole"":""none"",""sensitivity"":""personal"",""reason"":""A coluna responsavel alimenta responsible conforme o contrato atual validado.""},{""sourceColumn"":""cliente_novo_integracao"",""destinationColumn"":""new_client_sending"",""status"":""mapped"",""transformation"":""normalize_boolean"",""nullHandling"":""normalize_empty_to_null_or_quarantine_when_required"",""referenceRole"":""none"",""sensitivity"":""none"",""reason"":""A coluna cliente_novo_integracao alimenta new_client_sending conforme o contrato atual validado.""},{""sourceColumn"":""tarefa_paralisada_integracao"",""destinationColumn"":""task_stalled_sending"",""status"":""mapped"",""transformation"":""normalize_boolean"",""nullHandling"":""normalize_empty_to_null_or_quarantine_when_required"",""referenceRole"":""none"",""sensitivity"":""none"",""reason"":""A coluna tarefa_paralisada_integracao alimenta task_stalled_sending conforme o contrato atual validado.""}]","{""organization_id"":""e8048d1c-0830-45d7-84de-68e20abd685b""}",{},"{""declared"":false,""mode"":""unknown"",""requirements"":[]}","{""kind"":""runtime_classifier"",""decisionSource"":""runtime_classifier"",""conditions"":null,""decisionRequiredPerSourceRow"":true,""omissionPolicy"":""error"",""runtimeClassifierRequired"":true}","{""ruleOrigin"":""remaining:tb_cbc.emails"",""stepId"":""shared-email-recipient-insert"",""classifyRef"":""remaining:tb_cbc.emails#classifySourceRow"",""emitRef"":""remaining:tb_cbc.emails#emitRows""}","{""required"":true,""classifyDigest"":""1e8ea505b6f173c0a023c338a550e2ce415e9f26f61ca9d2f0df272b2904a910"",""emitDigest"":""eba81454c362f26b8ea0ead57bfbb00e371e48091600f798b9f10d318f64f959""}",c6e09081aefbcc330996fa5335bec32bce4cf5eb4420ad4bd8eb64e58e85a799,22,0,0,0,22,preflight_blocked,false
tb_cbc.panorama_parcelamentos,parcelamento-panorama-insert,parcelamento.panorama,insert,generate,"{""kind"":""generate"",""legacyColumn"":""id"",""scope"":""tb_cbc.panorama_parcelamentos"",""namespace"":""3f68d246-0b54-4a10-9415-a8845a767fb5""}",1:1,parcelamento:tb_cbc.panorama_parcelamentos,tb_regularize.clientes|tb_admin.usuarios,legacy_identity|organization_client_competence_unique,"[{""sourceColumn"":""id"",""destinationColumn"":""id"",""status"":""mapped"",""transformation"":""uuid_v5_from_full_source_table_and_legacy_id"",""nullHandling"":""normalize_empty_to_null_or_quarantine_when_required"",""referenceRole"":""none"",""sensitivity"":""none"",""reason"":""A coluna legada id alimenta id pelo contrato atual comprovado.""},{""sourceColumn"":""comp"",""destinationColumn"":""competence"",""status"":""mapped"",""transformation"":""normalize_year_month"",""nullHandling"":""normalize_empty_to_null_or_quarantine_when_required"",""referenceRole"":""none"",""sensitivity"":""none"",""reason"":""A coluna legada comp alimenta competence pelo contrato atual comprovado.""},{""sourceColumn"":""cliente_id"",""destinationColumn"":""client_id"",""status"":""mapped"",""transformation"":""resolve_client_reference"",""nullHandling"":""resolve_unique_or_quarantine"",""referenceRole"":""foreign_key"",""sensitivity"":""none"",""reason"":""A coluna legada cliente_id alimenta client_id pelo contrato atual comprovado.""},{""sourceColumn"":""cnd_municipal"",""destinationColumn"":""cnd_municipal"",""status"":""mapped"",""transformation"":""normalize_boolean_code"",""nullHandling"":""normalize_empty_to_null_or_quarantine_when_required"",""referenceRole"":""none"",""sensitivity"":""none"",""reason"":""A coluna legada cnd_municipal alimenta cnd_municipal pelo contrato atual comprovado.""},{""sourceColumn"":""cnd_estadual"",""destinationColumn"":""cnd_state"",""status"":""mapped"",""transformation"":""normalize_boolean_code"",""nullHandling"":""normalize_empty_to_null_or_quarantine_when_required"",""referenceRole"":""none"",""sensitivity"":""none"",""reason"":""A coluna legada cnd_estadual alimenta cnd_state pelo contrato atual comprovado.""},{""sourceColumn"":""cnd_federal"",""destinationColumn"":""cnd_federal"",""status"":""mapped"",""transformation"":""normalize_boolean_code"",""nullHandling"":""normalize_empty_to_null_or_quarantine_when_required"",""referenceRole"":""none"",""sensitivity"":""none"",""reason"":""A coluna legada cnd_federal alimenta cnd_federal pelo contrato atual comprovado.""},{""sourceColumn"":""cnd_fgts"",""destinationColumn"":""cnd_fgts"",""status"":""mapped"",""transformation"":""normalize_boolean_code"",""nullHandling"":""normalize_empty_to_null_or_quarantine_when_required"",""referenceRole"":""none"",""sensitivity"":""none"",""reason"":""A coluna legada cnd_fgts alimenta cnd_fgts pelo contrato atual comprovado.""},{""sourceColumn"":""cnd_trabalhista"",""destinationColumn"":""cnd_labor"",""status"":""mapped"",""transformation"":""normalize_boolean_code"",""nullHandling"":""normalize_empty_to_null_or_quarantine_when_required"",""referenceRole"":""none"",""sensitivity"":""none"",""reason"":""A coluna legada cnd_trabalhista alimenta cnd_labor pelo contrato atual comprovado.""},{""sourceColumn"":""protestos"",""destinationColumn"":""protests"",""status"":""mapped"",""transformation"":""normalize_boolean_code"",""nullHandling"":""normalize_empty_to_null_or_quarantine_when_required"",""referenceRole"":""none"",""sensitivity"":""none"",""reason"":""A coluna legada protestos alimenta protests pelo contrato atual comprovado.""},{""sourceColumn"":""situacao_fiscal_estadual"",""destinationColumn"":""state_tax_situation"",""status"":""mapped"",""transformation"":""normalize_boolean_code"",""nullHandling"":""normalize_empty_to_null_or_quarantine_when_required"",""referenceRole"":""none"",""sensitivity"":""none"",""reason"":""A coluna legada situacao_fiscal_estadual alimenta state_tax_situation pelo contrato atual comprovado.""},{""sourceColumn"":""situacao_fiscal_federal"",""destinationColumn"":""federal_tax_situation"",""status"":""mapped"",""transformation"":""normalize_boolean_code"",""nullHandling"":""normalize_empty_to_null_or_quarantine_when_required"",""referenceRole"":""none"",""sensitivity"":""none"",""reason"":""A coluna legada situacao_fiscal_federal alimenta federal_tax_situation pelo contrato atual comprovado.""},{""sourceColumn"":""responsavel_id"",""destinationColumn"":""responsavel_id"",""status"":""mapped"",""transformation"":""resolve_user_reference"",""nullHandling"":""resolve_unique_or_quarantine"",""referenceRole"":""foreign_key"",""sensitivity"":""none"",""reason"":""A coluna legada responsavel_id alimenta responsavel_id pelo contrato atual comprovado.""}]","{""organization_id"":""e8048d1c-0830-45d7-84de-68e20abd685b""}",{},"{""declared"":false,""mode"":""unknown"",""requirements"":[]}","{""kind"":""runtime_classifier"",""decisionSource"":""runtime_classifier"",""conditions"":null,""decisionRequiredPerSourceRow"":true,""omissionPolicy"":""error"",""runtimeClassifierRequired"":true}","{""ruleOrigin"":""parcelamento:tb_cbc.panorama_parcelamentos"",""stepId"":""parcelamento-panorama-insert"",""classifyRef"":""parcelamento:tb_cbc.panorama_parcelamentos#classifySourceRow"",""emitRef"":""parcelamento:tb_cbc.panorama_parcelamentos#emitRows""}","{""required"":true,""classifyDigest"":""02d600c8eeb9a5282dec9d6e38752bea8c338a6fc62aefdcc6164fd84bbb001e"",""emitDigest"":""5cf519817e5ebf8ba0b718d3f18457a69e1d44d382c1365d42e5b6e7d04f681a""}",d20e19db1bcc42beb03ee1f89fc24c48f3c2274d90178d46f750f834617f3e5b,1240,0,0,0,1240,preflight_blocked,false
tb_cbs.estoque,cbs-stock-insert,stock,insert,generate,"{""kind"":""generate"",""legacyColumn"":""id"",""scope"":""tb_cbs.estoque"",""namespace"":""3f68d246-0b54-4a10-9415-a8845a767fb5""}",1:1,remaining:tb_cbs.estoque,tb_admin.departamentos|tb_cbs.estoque_itens|tb_cbs.estoque_categorias_itens|tb_cbs.estoque_categorias|tb_cbs.estoque_localizacoes|tb_cbs.estoque_andares,legacy_identity,"[{""sourceColumn"":""id"",""destinationColumn"":""id"",""status"":""mapped"",""transformation"":""uuid_v5_from_full_source_table_and_legacy_id"",""nullHandling"":""normalize_empty_to_null_or_quarantine_when_required"",""referenceRole"":""none"",""sensitivity"":""none"",""reason"":""A coluna id alimenta id conforme o contrato atual validado.""},{""sourceColumn"":""departamento_id"",""destinationColumn"":""department_id"",""status"":""mapped"",""transformation"":""resolve_explicit_department_reference"",""nullHandling"":""normalize_empty_to_null_or_quarantine_when_required"",""referenceRole"":""foreign_key"",""sensitivity"":""none"",""reason"":""A referência é resolvida exclusivamente pelo vínculo legado explícito.""},{""sourceColumn"":""produto_id"",""destinationColumn"":""name"",""status"":""mapped"",""transformation"":""resolve_stock_item_name"",""nullHandling"":""normalize_empty_to_null_or_quarantine_when_required"",""referenceRole"":""foreign_key"",""sensitivity"":""none"",""reason"":""A referência é resolvida exclusivamente pelo vínculo legado explícito.""},{""sourceColumn"":""produto_id"",""destinationColumn"":""description"",""status"":""mapped"",""transformation"":""resolve_stock_item_description"",""nullHandling"":""normalize_empty_to_null_or_quarantine_when_required"",""referenceRole"":""foreign_key"",""sensitivity"":""none"",""reason"":""A referência é resolvida exclusivamente pelo vínculo legado explícito.""},{""sourceColumn"":""produto_id"",""destinationColumn"":""status"",""status"":""mapped"",""transformation"":""map_legacy_stock_item_zero_active_status"",""nullHandling"":""normalize_empty_to_null_or_quarantine_when_required"",""referenceRole"":""foreign_key"",""sensitivity"":""none"",""reason"":""A referência é resolvida exclusivamente pelo vínculo legado explícito.""},{""sourceColumn"":""produto_id"",""destinationColumn"":""category_id"",""status"":""mapped"",""transformation"":""resolve_item_category_join"",""nullHandling"":""normalize_empty_to_null_or_quarantine_when_required"",""referenceRole"":""foreign_key"",""sensitivity"":""none"",""reason"":""A referência é resolvida exclusivamente pelo vínculo legado explícito.""},{""sourceColumn"":""quantidade"",""destinationColumn"":""quantity"",""status"":""mapped"",""transformation"":""normalize_non_negative_integer"",""nullHandling"":""normalize_empty_to_null_or_quarantine_when_required"",""referenceRole"":""none"",""sensitivity"":""none"",""reason"":""A coluna quantidade alimenta quantity conforme o contrato atual validado.""},{""sourceColumn"":""andar"",""destinationColumn"":null,""status"":""not_preserved"",""transformation"":""not_emitted_no_equivalent_current_column"",""nullHandling"":""A coluna não produz valor de destino."",""referenceRole"":""none"",""sensitivity"":""none"",""reason"":""O andar é validado pela localização e não constitui coluna independente em stock.""},{""sourceColumn"":""localizacao"",""destinationColumn"":""location_id"",""status"":""mapped"",""transformation"":""resolve_explicit_stock_location_reference"",""nullHandling"":""normalize_empty_to_null_or_quarantine_when_required"",""referenceRole"":""foreign_key"",""sensitivity"":""none"",""reason"":""A referência é resolvida exclusivamente pelo vínculo legado explícito.""}]","{""organization_id"":""e8048d1c-0830-45d7-84de-68e20abd685b""}",{},"{""declared"":false,""mode"":""unknown"",""requirements"":[]}","{""kind"":""runtime_classifier"",""decisionSource"":""runtime_classifier"",""conditions"":null,""decisionRequiredPerSourceRow"":true,""omissionPolicy"":""error"",""runtimeClassifierRequired"":true}","{""ruleOrigin"":""remaining:tb_cbs.estoque"",""stepId"":""cbs-stock-insert"",""classifyRef"":""remaining:tb_cbs.estoque#classifySourceRow"",""emitRef"":""remaining:tb_cbs.estoque#emitRows""}","{""required"":true,""classifyDigest"":""fb4e22a58b995634ebdaaf5fec1b20be9dbe1b16c80f4628bcad157dbac789ed"",""emitDigest"":""eba81454c362f26b8ea0ead57bfbb00e371e48091600f798b9f10d318f64f959""}",da47d9a8c6d1f1db4285aecddd0482e39dd9aa97cc7643ad0b73ee4ecf43c087,433,0,0,0,433,preflight_blocked,false
tb_cbs.estoque_categorias,cbs-stock-category-insert,stock.categories,insert,generate,"{""kind"":""generate"",""legacyColumn"":""id"",""scope"":""tb_cbs.estoque_categorias"",""namespace"":""3f68d246-0b54-4a10-9415-a8845a767fb5""}",1:1,remaining:tb_cbs.estoque_categorias,tb_admin.departamentos,legacy_identity,"[{""sourceColumn"":""id"",""destinationColumn"":""id"",""status"":""mapped"",""transformation"":""uuid_v5_from_full_source_table_and_legacy_id"",""nullHandling"":""normalize_empty_to_null_or_quarantine_when_required"",""referenceRole"":""none"",""sensitivity"":""none"",""reason"":""A coluna id alimenta id conforme o contrato atual validado.""},{""sourceColumn"":""nome"",""destinationColumn"":""name"",""status"":""mapped"",""transformation"":""normalize_required_text"",""nullHandling"":""normalize_empty_to_null_or_quarantine_when_required"",""referenceRole"":""none"",""sensitivity"":""none"",""reason"":""A coluna nome alimenta name conforme o contrato atual validado.""},{""sourceColumn"":""departamento_id"",""destinationColumn"":""department_id"",""status"":""mapped"",""transformation"":""resolve_explicit_department_reference"",""nullHandling"":""normalize_empty_to_null_or_quarantine_when_required"",""referenceRole"":""foreign_key"",""sensitivity"":""none"",""reason"":""A referência é resolvida exclusivamente pelo vínculo legado explícito.""}]","{""organization_id"":""e8048d1c-0830-45d7-84de-68e20abd685b""}","{""status"":true}","{""declared"":false,""mode"":""unknown"",""requirements"":[]}","{""kind"":""runtime_classifier"",""decisionSource"":""runtime_classifier"",""conditions"":null,""decisionRequiredPerSourceRow"":true,""omissionPolicy"":""error"",""runtimeClassifierRequired"":true}","{""ruleOrigin"":""remaining:tb_cbs.estoque_categorias"",""stepId"":""cbs-stock-category-insert"",""classifyRef"":""remaining:tb_cbs.estoque_categorias#classifySourceRow"",""emitRef"":""remaining:tb_cbs.estoque_categorias#emitRows""}","{""required"":true,""classifyDigest"":""3371de51740d1803a61ff25fc79f7420975302895c1935bc2890116a7dcead66"",""emitDigest"":""eba81454c362f26b8ea0ead57bfbb00e371e48091600f798b9f10d318f64f959""}",bc75dbc08e4cb0e3264f2459c0a7aba76bc58604f374a974e6a6f9f7432274d2,65,0,0,0,65,preflight_blocked,false
tb_cbs.estoque_entradas,cbs-stock-entry-insert,stock.entries,insert,generate,"{""kind"":""generate"",""legacyColumn"":""id"",""scope"":""tb_cbs.estoque_entradas"",""namespace"":""3f68d246-0b54-4a10-9415-a8845a767fb5""}",1:1,remaining:tb_cbs.estoque_entradas,tb_cbs.estoque|tb_admin.usuarios,legacy_identity,"[{""sourceColumn"":""id"",""destinationColumn"":""id"",""status"":""mapped"",""transformation"":""uuid_v5_from_full_source_table_and_legacy_id"",""nullHandling"":""normalize_empty_to_null_or_quarantine_when_required"",""referenceRole"":""none"",""sensitivity"":""none"",""reason"":""A coluna id alimenta id conforme o contrato atual validado.""},{""sourceColumn"":""produto_id"",""destinationColumn"":""stock_id"",""status"":""mapped"",""transformation"":""resolve_explicit_cbs_stock_reference"",""nullHandling"":""normalize_empty_to_null_or_quarantine_when_required"",""referenceRole"":""foreign_key"",""sensitivity"":""none"",""reason"":""A referência é resolvida exclusivamente pelo vínculo legado explícito.""},{""sourceColumn"":""quantidade"",""destinationColumn"":""quantity"",""status"":""mapped"",""transformation"":""normalize_positive_integer"",""nullHandling"":""normalize_empty_to_null_or_quarantine_when_required"",""referenceRole"":""none"",""sensitivity"":""none"",""reason"":""A coluna quantidade alimenta quantity conforme o contrato atual validado.""},{""sourceColumn"":""data_entrada"",""destinationColumn"":""entry_date"",""status"":""mapped"",""transformation"":""normalize_required_datetime"",""nullHandling"":""normalize_empty_to_null_or_quarantine_when_required"",""referenceRole"":""none"",""sensitivity"":""none"",""reason"":""A coluna data_entrada alimenta entry_date conforme o contrato atual validado.""},{""sourceColumn"":""repositor"",""destinationColumn"":""entry_by_user_id"",""status"":""mapped"",""transformation"":""resolve_explicit_user_reference"",""nullHandling"":""normalize_empty_to_null_or_quarantine_when_required"",""referenceRole"":""foreign_key"",""sensitivity"":""none"",""reason"":""A referência é resolvida exclusivamente pelo vínculo legado explícito.""},{""sourceColumn"":""estoque"",""destinationColumn"":null,""status"":""not_preserved"",""transformation"":""not_emitted_no_equivalent_current_column"",""nullHandling"":""A coluna não produz valor de destino."",""referenceRole"":""none"",""sensitivity"":""none"",""reason"":""O saldo posterior é derivado dos movimentos e não é duplicado no evento atual.""}]","{""organization_id"":""e8048d1c-0830-45d7-84de-68e20abd685b""}",{},"{""declared"":false,""mode"":""unknown"",""requirements"":[]}","{""kind"":""runtime_classifier"",""decisionSource"":""runtime_classifier"",""conditions"":null,""decisionRequiredPerSourceRow"":true,""omissionPolicy"":""error"",""runtimeClassifierRequired"":true}","{""ruleOrigin"":""remaining:tb_cbs.estoque_entradas"",""stepId"":""cbs-stock-entry-insert"",""classifyRef"":""remaining:tb_cbs.estoque_entradas#classifySourceRow"",""emitRef"":""remaining:tb_cbs.estoque_entradas#emitRows""}","{""required"":true,""classifyDigest"":""2ba4344c6c780cd8eb70ae5dda1a6ac53f9811628924c05a30cc1c092b71e93a"",""emitDigest"":""eba81454c362f26b8ea0ead57bfbb00e371e48091600f798b9f10d318f64f959""}",7b21593cfd834d191e1a075ce2293ec2ea099d1ac4b0df3f0fea49e6f63b6927,2215,0,0,0,2215,preflight_blocked,false
tb_cbs.estoque_inventario,cbs-inventory-category-insert,tecnologia.inventoryCategories,insert,generate,"{""kind"":""generate"",""legacyColumn"":""id"",""scope"":""tb_cbs.estoque_inventario"",""namespace"":""3f68d246-0b54-4a10-9415-a8845a767fb5""}",1:1,remaining:tb_cbs.estoque_inventario,,legacy_identity,"[{""sourceColumn"":""id"",""destinationColumn"":""id"",""status"":""mapped"",""transformation"":""uuid_v5_from_full_source_table_and_legacy_id"",""nullHandling"":""normalize_empty_to_null_or_quarantine_when_required"",""referenceRole"":""none"",""sensitivity"":""none"",""reason"":""A coluna id alimenta id conforme o contrato atual validado.""},{""sourceColumn"":""tipo_item"",""destinationColumn"":""name"",""status"":""mapped"",""transformation"":""normalize_required_text"",""nullHandling"":""normalize_empty_to_null_or_quarantine_when_required"",""referenceRole"":""none"",""sensitivity"":""none"",""reason"":""A coluna tipo_item alimenta name conforme o contrato atual validado.""},{""sourceColumn"":""tag"",""destinationColumn"":""tag"",""status"":""mapped"",""transformation"":""normalize_optional_text"",""nullHandling"":""normalize_empty_to_null_or_quarantine_when_required"",""referenceRole"":""none"",""sensitivity"":""none"",""reason"":""A coluna tag alimenta tag conforme o contrato atual validado.""},{""sourceColumn"":""status"",""destinationColumn"":""active"",""status"":""mapped"",""transformation"":""normalize_active_status"",""nullHandling"":""normalize_empty_to_null_or_quarantine_when_required"",""referenceRole"":""none"",""sensitivity"":""none"",""reason"":""A coluna status alimenta active conforme o contrato atual validado.""}]","{""organization_id"":""e8048d1c-0830-45d7-84de-68e20abd685b""}",{},"{""declared"":false,""mode"":""unknown"",""requirements"":[]}","{""kind"":""runtime_classifier"",""decisionSource"":""runtime_classifier"",""conditions"":null,""decisionRequiredPerSourceRow"":true,""omissionPolicy"":""error"",""runtimeClassifierRequired"":true}","{""ruleOrigin"":""remaining:tb_cbs.estoque_inventario"",""stepId"":""cbs-inventory-category-insert"",""classifyRef"":""remaining:tb_cbs.estoque_inventario#classifySourceRow"",""emitRef"":""remaining:tb_cbs.estoque_inventario#emitRows""}","{""required"":true,""classifyDigest"":""43bdf6a14e8530b55b91c4c3fc792df756e5ee6d5febc621f131d3ccee61294c"",""emitDigest"":""eba81454c362f26b8ea0ead57bfbb00e371e48091600f798b9f10d318f64f959""}",584a6cc03eb2f5cde4d845edfb01f45cb096a9c3c0030988866f10ef7bddcf09,26,0,0,0,26,preflight_blocked,false
tb_cbs.estoque_localizacoes,cbs-stock-location-insert,stock.locations,insert,generate,"{""kind"":""generate"",""legacyColumn"":""id"",""scope"":""tb_cbs.estoque_localizacoes"",""namespace"":""3f68d246-0b54-4a10-9415-a8845a767fb5""}",1:1,remaining:tb_cbs.estoque_localizacoes,tb_cbs.estoque_andares|tb_admin.departamentos,legacy_identity,"[{""sourceColumn"":""id"",""destinationColumn"":""id"",""status"":""mapped"",""transformation"":""uuid_v5_from_full_source_table_and_legacy_id"",""nullHandling"":""normalize_empty_to_null_or_quarantine_when_required"",""referenceRole"":""none"",""sensitivity"":""none"",""reason"":""A coluna id alimenta id conforme o contrato atual validado.""},{""sourceColumn"":""nome"",""destinationColumn"":""name"",""status"":""mapped"",""transformation"":""normalize_required_text"",""nullHandling"":""normalize_empty_to_null_or_quarantine_when_required"",""referenceRole"":""none"",""sensitivity"":""none"",""reason"":""A coluna nome alimenta name conforme o contrato atual validado.""},{""sourceColumn"":""andar"",""destinationColumn"":""floor"",""status"":""mapped"",""transformation"":""resolve_and_normalize_legacy_floor"",""nullHandling"":""normalize_empty_to_null_or_quarantine_when_required"",""referenceRole"":""foreign_key"",""sensitivity"":""none"",""reason"":""A referência é resolvida exclusivamente pelo vínculo legado explícito.""},{""sourceColumn"":""departamento_id"",""destinationColumn"":""department_id"",""status"":""mapped"",""transformation"":""resolve_explicit_department_reference"",""nullHandling"":""normalize_empty_to_null_or_quarantine_when_required"",""referenceRole"":""foreign_key"",""sensitivity"":""none"",""reason"":""A referência é resolvida exclusivamente pelo vínculo legado explícito.""}]","{""organization_id"":""e8048d1c-0830-45d7-84de-68e20abd685b""}","{""status"":true}","{""declared"":false,""mode"":""unknown"",""requirements"":[]}","{""kind"":""runtime_classifier"",""decisionSource"":""runtime_classifier"",""conditions"":null,""decisionRequiredPerSourceRow"":true,""omissionPolicy"":""error"",""runtimeClassifierRequired"":true}","{""ruleOrigin"":""remaining:tb_cbs.estoque_localizacoes"",""stepId"":""cbs-stock-location-insert"",""classifyRef"":""remaining:tb_cbs.estoque_localizacoes#classifySourceRow"",""emitRef"":""remaining:tb_cbs.estoque_localizacoes#emitRows""}","{""required"":true,""classifyDigest"":""ac958e511a3a6877fa141805dc60b266d0ad18938eeb95f20e7cf4cc9fc5247c"",""emitDigest"":""eba81454c362f26b8ea0ead57bfbb00e371e48091600f798b9f10d318f64f959""}",14b747b6eb34073505cbfef416870e3dac0960e0adc59cd650c55aa5416efdfa,27,0,0,0,27,preflight_blocked,false
tb_cbs.estoque_saidas,cbs-stock-exit-insert,stock.exits,insert,generate,"{""kind"":""generate"",""legacyColumn"":""id"",""scope"":""tb_cbs.estoque_saidas"",""namespace"":""3f68d246-0b54-4a10-9415-a8845a767fb5""}",1:1,remaining:tb_cbs.estoque_saidas,tb_cbs.estoque|tb_admin.usuarios,legacy_identity,"[{""sourceColumn"":""id"",""destinationColumn"":""id"",""status"":""mapped"",""transformation"":""uuid_v5_from_full_source_table_and_legacy_id"",""nullHandling"":""normalize_empty_to_null_or_quarantine_when_required"",""referenceRole"":""none"",""sensitivity"":""none"",""reason"":""A coluna id alimenta id conforme o contrato atual validado.""},{""sourceColumn"":""produto_id"",""destinationColumn"":""stock_id"",""status"":""mapped"",""transformation"":""resolve_explicit_cbs_stock_reference"",""nullHandling"":""normalize_empty_to_null_or_quarantine_when_required"",""referenceRole"":""foreign_key"",""sensitivity"":""none"",""reason"":""A referência é resolvida exclusivamente pelo vínculo legado explícito.""},{""sourceColumn"":""quantidade"",""destinationColumn"":""quantity"",""status"":""mapped"",""transformation"":""normalize_positive_integer"",""nullHandling"":""normalize_empty_to_null_or_quarantine_when_required"",""referenceRole"":""none"",""sensitivity"":""none"",""reason"":""A coluna quantidade alimenta quantity conforme o contrato atual validado.""},{""sourceColumn"":""data_saida"",""destinationColumn"":""exit_date"",""status"":""mapped"",""transformation"":""normalize_required_datetime"",""nullHandling"":""normalize_empty_to_null_or_quarantine_when_required"",""referenceRole"":""none"",""sensitivity"":""none"",""reason"":""A coluna data_saida alimenta exit_date conforme o contrato atual validado.""},{""sourceColumn"":""destino"",""destinationColumn"":""destination"",""status"":""mapped"",""transformation"":""normalize_optional_text"",""nullHandling"":""normalize_empty_to_null_or_quarantine_when_required"",""referenceRole"":""none"",""sensitivity"":""personal"",""reason"":""A coluna destino alimenta destination conforme o contrato atual validado.""},{""sourceColumn"":""solicitante"",""destinationColumn"":""requester_id"",""status"":""mapped"",""transformation"":""resolve_explicit_user_reference"",""nullHandling"":""normalize_empty_to_null_or_quarantine_when_required"",""referenceRole"":""foreign_key"",""sensitivity"":""none"",""reason"":""A referência é resolvida exclusivamente pelo vínculo legado explícito.""},{""sourceColumn"":""autorizador"",""destinationColumn"":""approver_id"",""status"":""mapped"",""transformation"":""resolve_optional_user_reference"",""nullHandling"":""normalize_empty_to_null_or_quarantine_when_required"",""referenceRole"":""foreign_key"",""sensitivity"":""none"",""reason"":""A referência é resolvida exclusivamente pelo vínculo legado explícito.""},{""sourceColumn"":""operador"",""destinationColumn"":""operator_id"",""status"":""mapped"",""transformation"":""resolve_optional_user_reference"",""nullHandling"":""normalize_empty_to_null_or_quarantine_when_required"",""referenceRole"":""foreign_key"",""sensitivity"":""none"",""reason"":""A referência é resolvida exclusivamente pelo vínculo legado explícito.""},{""sourceColumn"":""estoque"",""destinationColumn"":null,""status"":""not_preserved"",""transformation"":""not_emitted_no_equivalent_current_column"",""nullHandling"":""A coluna não produz valor de destino."",""referenceRole"":""none"",""sensitivity"":""none"",""reason"":""O saldo posterior é derivado dos movimentos e não é duplicado no evento atual.""},{""sourceColumn"":""obs"",""destinationColumn"":null,""status"":""not_preserved"",""transformation"":""not_emitted_no_equivalent_current_column"",""nullHandling"":""A coluna não produz valor de destino."",""referenceRole"":""none"",""sensitivity"":""personal"",""reason"":""stock.exits não possui observação; o texto não é deslocado para destination.""}]","{""organization_id"":""e8048d1c-0830-45d7-84de-68e20abd685b""}","{""approver_id"":null,""operator_id"":null,""location_destination_id"":null}","{""declared"":false,""mode"":""unknown"",""requirements"":[]}","{""kind"":""runtime_classifier"",""decisionSource"":""runtime_classifier"",""conditions"":null,""decisionRequiredPerSourceRow"":true,""omissionPolicy"":""error"",""runtimeClassifierRequired"":true}","{""ruleOrigin"":""remaining:tb_cbs.estoque_saidas"",""stepId"":""cbs-stock-exit-insert"",""classifyRef"":""remaining:tb_cbs.estoque_saidas#classifySourceRow"",""emitRef"":""remaining:tb_cbs.estoque_saidas#emitRows""}","{""required"":true,""classifyDigest"":""6d11d9034b17bc458a129f5af7b519a98bfefb2d7e41c7faa32b2b4561cdacfc"",""emitDigest"":""eba81454c362f26b8ea0ead57bfbb00e371e48091600f798b9f10d318f64f959""}",fed307f882a6e1d8e08a2cb6a83ff5cbc4a8319236777674696b55f690aa0452,3000,0,0,0,3000,preflight_blocked,false
tb_certificados.pf,certificate-pf-insert,certificate.pf,insert,generate,"{""kind"":""generate"",""legacyColumn"":""id"",""scope"":""tb_certificados.pf"",""namespace"":""3f68d246-0b54-4a10-9415-a8845a767fb5""}",1:1,certificates:tb_certificados.pf,,legacy_identity|unique_organization_name_cpf_model|verified_encrypted_file_metadata,"[{""sourceColumn"":""id"",""destinationColumn"":""id"",""status"":""mapped"",""transformation"":""uuid_v5_from_full_source_table_and_legacy_id"",""nullHandling"":""normalize_empty_to_null_or_quarantine_when_required"",""referenceRole"":""none"",""sensitivity"":""none"",""reason"":""A coluna legada id alimenta id pelo contrato privado validado.""},{""sourceColumn"":""cliente"",""destinationColumn"":""client_castelo_status"",""status"":""mapped"",""transformation"":""normalize_boolean"",""nullHandling"":""normalize_empty_to_null_or_quarantine_when_required"",""referenceRole"":""none"",""sensitivity"":""none"",""reason"":""A coluna legada cliente alimenta client_castelo_status pelo contrato privado validado.""},{""sourceColumn"":""nome"",""destinationColumn"":""name"",""status"":""mapped"",""transformation"":""normalize_required_text"",""nullHandling"":""normalize_empty_to_null_or_quarantine_when_required"",""referenceRole"":""none"",""sensitivity"":""personal"",""reason"":""A coluna legada nome alimenta name pelo contrato privado validado.""},{""sourceColumn"":""cpf"",""destinationColumn"":""cpf"",""status"":""mapped"",""transformation"":""normalize_document"",""nullHandling"":""normalize_empty_to_null_or_quarantine_when_required"",""referenceRole"":""none"",""sensitivity"":""personal"",""reason"":""A coluna legada cpf alimenta cpf pelo contrato privado validado.""},{""sourceColumn"":""modelo"",""destinationColumn"":""model"",""status"":""mapped"",""transformation"":""normalize_required_text"",""nullHandling"":""normalize_empty_to_null_or_quarantine_when_required"",""referenceRole"":""none"",""sensitivity"":""none"",""reason"":""A coluna legada modelo alimenta model pelo contrato privado validado.""},{""sourceColumn"":""senha"",""destinationColumn"":""password"",""status"":""mapped"",""transformation"":""preserve_private_certificate_password"",""nullHandling"":""private_channel_or_quarantine"",""referenceRole"":""none"",""sensitivity"":""secret"",""reason"":""O valor secreto nunca integra evidência, relatório ou quarentena e só segue pelo canal privado comprovado.""},{""sourceColumn"":""validade"",""destinationColumn"":""expiration_date"",""status"":""mapped"",""transformation"":""normalize_required_date"",""nullHandling"":""normalize_empty_to_null_or_quarantine_when_required"",""referenceRole"":""none"",""sensitivity"":""none"",""reason"":""A coluna legada validade alimenta expiration_date pelo contrato privado validado.""},{""sourceColumn"":""obs"",""destinationColumn"":""notes"",""status"":""mapped"",""transformation"":""normalize_optional_text"",""nullHandling"":""normalize_empty_to_null_or_quarantine_when_required"",""referenceRole"":""none"",""sensitivity"":""personal"",""reason"":""A coluna legada obs alimenta notes pelo contrato privado validado.""},{""sourceColumn"":""empresa"",""destinationColumn"":""enterprise"",""status"":""mapped"",""transformation"":""normalize_optional_text"",""nullHandling"":""normalize_empty_to_null_or_quarantine_when_required"",""referenceRole"":""none"",""sensitivity"":""personal"",""reason"":""A coluna legada empresa alimenta enterprise pelo contrato privado validado.""},{""sourceColumn"":""cnpj"",""destinationColumn"":""cnpj"",""status"":""mapped"",""transformation"":""normalize_optional_document"",""nullHandling"":""normalize_empty_to_null_or_quarantine_when_required"",""referenceRole"":""none"",""sensitivity"":""personal"",""reason"":""A coluna legada cnpj alimenta cnpj pelo contrato privado validado.""},{""sourceColumn"":""pagamento"",""destinationColumn"":""was_paid"",""status"":""mapped"",""transformation"":""normalize_boolean"",""nullHandling"":""normalize_empty_to_null_or_quarantine_when_required"",""referenceRole"":""none"",""sensitivity"":""none"",""reason"":""A coluna legada pagamento alimenta was_paid pelo contrato privado validado.""},{""sourceColumn"":""data_pagamento"",""destinationColumn"":""payment_date"",""status"":""mapped"",""transformation"":""normalize_optional_date"",""nullHandling"":""normalize_empty_to_null_or_quarantine_when_required"",""referenceRole"":""none"",""sensitivity"":""none"",""reason"":""A coluna legada data_pagamento alimenta payment_date pelo contrato privado validado.""},{""sourceColumn"":""valor_pagamento"",""destinationColumn"":""payment_amount"",""status"":""mapped"",""transformation"":""normalize_optional_non_negative_number"",""nullHandling"":""normalize_empty_to_null_or_quarantine_when_required"",""referenceRole"":""none"",""sensitivity"":""none"",""reason"":""A coluna legada valor_pagamento alimenta payment_amount pelo contrato privado validado.""},{""sourceColumn"":""status"",""destinationColumn"":null,""status"":""not_preserved"",""transformation"":""not_preserved"",""nullHandling"":""not_applicable"",""referenceRole"":""none"",""sensitivity"":""none"",""reason"":""O contrato atual não possui status ativo/inativo; somente linhas ativas podem ser emitidas sem alterar semântica.""},{""sourceColumn"":""contato"",""destinationColumn"":""contact_info"",""status"":""mapped"",""transformation"":""normalize_optional_text"",""nullHandling"":""normalize_empty_to_null_or_quarantine_when_required"",""referenceRole"":""none"",""sensitivity"":""personal"",""reason"":""A coluna legada contato alimenta contact_info pelo contrato privado validado.""},{""sourceColumn"":""arquivo"",""destinationColumn"":""file_path"",""status"":""mapped"",""transformation"":""store_encrypted_certificate_object_path"",""nullHandling"":""private_channel_or_quarantine"",""referenceRole"":""none"",""sensitivity"":""secret"",""reason"":""O valor secreto nunca integra evidência, relatório ou quarentena e só segue pelo canal privado comprovado.""},{""sourceColumn"":""arquivo"",""destinationColumn"":""file_original_name"",""status"":""mapped"",""transformation"":""derive_verified_original_name"",""nullHandling"":""private_channel_or_quarantine"",""referenceRole"":""none"",""sensitivity"":""secret"",""reason"":""O valor secreto nunca integra evidência, relatório ou quarentena e só segue pelo canal privado comprovado.""},{""sourceColumn"":""arquivo"",""destinationColumn"":""file_mime_type"",""status"":""mapped"",""transformation"":""derive_validated_certificate_mime_type"",""nullHandling"":""private_channel_or_quarantine"",""referenceRole"":""none"",""sensitivity"":""secret"",""reason"":""O valor secreto nunca integra evidência, relatório ou quarentena e só segue pelo canal privado comprovado.""},{""sourceColumn"":""arquivo"",""destinationColumn"":""file_size_bytes"",""status"":""mapped"",""transformation"":""derive_verified_plaintext_size"",""nullHandling"":""private_channel_or_quarantine"",""referenceRole"":""none"",""sensitivity"":""secret"",""reason"":""O valor secreto nunca integra evidência, relatório ou quarentena e só segue pelo canal privado comprovado.""},{""sourceColumn"":""arquivo"",""destinationColumn"":""file_sha256"",""status"":""mapped"",""transformation"":""derive_plaintext_sha256_before_encryption"",""nullHandling"":""private_channel_or_quarantine"",""referenceRole"":""none"",""sensitivity"":""secret"",""reason"":""O valor secreto nunca integra evidência, relatório ou quarentena e só segue pelo canal privado comprovado.""},{""sourceColumn"":""arquivo"",""destinationColumn"":""file_uploaded_at"",""status"":""mapped"",""transformation"":""derive_storage_upload_timestamp"",""nullHandling"":""private_channel_or_quarantine"",""referenceRole"":""none"",""sensitivity"":""secret"",""reason"":""O valor secreto nunca integra evidência, relatório ou quarentena e só segue pelo canal privado comprovado.""},{""sourceColumn"":""arquivo"",""destinationColumn"":""file_uploaded_by_user_id"",""status"":""mapped"",""transformation"":""resolve_storage_uploader_user"",""nullHandling"":""private_channel_or_quarantine"",""referenceRole"":""none"",""sensitivity"":""secret"",""reason"":""O valor secreto nunca integra evidência, relatório ou quarentena e só segue pelo canal privado comprovado.""},{""sourceColumn"":""arquivo"",""destinationColumn"":""file_storage_provider"",""status"":""mapped"",""transformation"":""derive_configured_storage_provider"",""nullHandling"":""private_channel_or_quarantine"",""referenceRole"":""none"",""sensitivity"":""secret"",""reason"":""O valor secreto nunca integra evidência, relatório ou quarentena e só segue pelo canal privado comprovado.""},{""sourceColumn"":""arquivo"",""destinationColumn"":""file_storage_bucket"",""status"":""mapped"",""transformation"":""derive_configured_storage_bucket"",""nullHandling"":""private_channel_or_quarantine"",""referenceRole"":""none"",""sensitivity"":""secret"",""reason"":""O valor secreto nunca integra evidência, relatório ou quarentena e só segue pelo canal privado comprovado.""},{""sourceColumn"":""arquivo"",""destinationColumn"":""file_encryption_iv"",""status"":""mapped"",""transformation"":""derive_aes_gcm_iv"",""nullHandling"":""private_channel_or_quarantine"",""referenceRole"":""none"",""sensitivity"":""secret"",""reason"":""O valor secreto nunca integra evidência, relatório ou quarentena e só segue pelo canal privado comprovado.""},{""sourceColumn"":""arquivo"",""destinationColumn"":""file_encryption_tag"",""status"":""mapped"",""transformation"":""derive_aes_gcm_authentication_tag"",""nullHandling"":""private_channel_or_quarantine"",""referenceRole"":""none"",""sensitivity"":""secret"",""reason"":""O valor secreto nunca integra evidência, relatório ou quarentena e só segue pelo canal privado comprovado.""},{""sourceColumn"":""arquivo"",""destinationColumn"":""file_encryption_key_version"",""status"":""mapped"",""transformation"":""derive_configured_encryption_key_version"",""nullHandling"":""private_channel_or_quarantine"",""referenceRole"":""none"",""sensitivity"":""secret"",""reason"":""O valor secreto nunca integra evidência, relatório ou quarentena e só segue pelo canal privado comprovado.""},{""sourceColumn"":""possui"",""destinationColumn"":""has_certificate"",""status"":""mapped"",""transformation"":""derive_from_verified_encrypted_file"",""nullHandling"":""normalize_empty_to_null_or_quarantine_when_required"",""referenceRole"":""none"",""sensitivity"":""none"",""reason"":""A coluna legada possui alimenta has_certificate pelo contrato privado validado.""}]","{""organization_id"":""e8048d1c-0830-45d7-84de-68e20abd685b"",""client_focus_status"":false}",{},"{""declared"":false,""mode"":""unknown"",""requirements"":[]}","{""kind"":""runtime_classifier"",""decisionSource"":""runtime_classifier"",""conditions"":null,""decisionRequiredPerSourceRow"":true,""omissionPolicy"":""error"",""runtimeClassifierRequired"":true}","{""ruleOrigin"":""certificates:tb_certificados.pf"",""stepId"":""certificate-pf-insert"",""classifyRef"":""certificates:tb_certificados.pf#classifySourceRow"",""emitRef"":""certificates:tb_certificados.pf#emitRows""}","{""required"":true,""classifyDigest"":""582b3a6fc35445d2a916f34fab5f37faae10d489184227747cdd05c3daf295fb"",""emitDigest"":""10602e3ca6bf6c08b2bf4696041b9e9f3fd433d9c556acfde925fd743b4a4fd5""}",15dd872a8b2175e7d221e71d9524639b72c9b0b3134e221a616dbceab9e301ca,794,0,0,0,794,preflight_blocked,false
tb_certificados.pj,certificate-pj-insert,certificate.pj,insert,generate,"{""kind"":""generate"",""legacyColumn"":""id"",""scope"":""tb_certificados.pj"",""namespace"":""3f68d246-0b54-4a10-9415-a8845a767fb5""}",1:1,certificates:tb_certificados.pj,,legacy_identity|unique_organization_name_cnpj_model|verified_encrypted_file_metadata,"[{""sourceColumn"":""id"",""destinationColumn"":""id"",""status"":""mapped"",""transformation"":""uuid_v5_from_full_source_table_and_legacy_id"",""nullHandling"":""normalize_empty_to_null_or_quarantine_when_required"",""referenceRole"":""none"",""sensitivity"":""none"",""reason"":""A coluna legada id alimenta id pelo contrato privado validado.""},{""sourceColumn"":""cliente"",""destinationColumn"":""client_castelo_status"",""status"":""mapped"",""transformation"":""normalize_boolean"",""nullHandling"":""normalize_empty_to_null_or_quarantine_when_required"",""referenceRole"":""none"",""sensitivity"":""none"",""reason"":""A coluna legada cliente alimenta client_castelo_status pelo contrato privado validado.""},{""sourceColumn"":""nome"",""destinationColumn"":""name"",""status"":""mapped"",""transformation"":""normalize_required_text"",""nullHandling"":""normalize_empty_to_null_or_quarantine_when_required"",""referenceRole"":""none"",""sensitivity"":""personal"",""reason"":""A coluna legada nome alimenta name pelo contrato privado validado.""},{""sourceColumn"":""cnpj"",""destinationColumn"":""cnpj"",""status"":""mapped"",""transformation"":""normalize_document"",""nullHandling"":""normalize_empty_to_null_or_quarantine_when_required"",""referenceRole"":""none"",""sensitivity"":""personal"",""reason"":""A coluna legada cnpj alimenta cnpj pelo contrato privado validado.""},{""sourceColumn"":""responsavel"",""destinationColumn"":""responsible"",""status"":""mapped"",""transformation"":""normalize_required_text"",""nullHandling"":""normalize_empty_to_null_or_quarantine_when_required"",""referenceRole"":""none"",""sensitivity"":""personal"",""reason"":""A coluna legada responsavel alimenta responsible pelo contrato privado validado.""},{""sourceColumn"":""modelo"",""destinationColumn"":""model"",""status"":""mapped"",""transformation"":""normalize_required_text"",""nullHandling"":""normalize_empty_to_null_or_quarantine_when_required"",""referenceRole"":""none"",""sensitivity"":""none"",""reason"":""A coluna legada modelo alimenta model pelo contrato privado validado.""},{""sourceColumn"":""nj"",""destinationColumn"":""legal_nature"",""status"":""mapped"",""transformation"":""normalize_required_text"",""nullHandling"":""normalize_empty_to_null_or_quarantine_when_required"",""referenceRole"":""none"",""sensitivity"":""none"",""reason"":""A coluna legada nj alimenta legal_nature pelo contrato privado validado.""},{""sourceColumn"":""senha"",""destinationColumn"":""password"",""status"":""mapped"",""transformation"":""preserve_private_certificate_password"",""nullHandling"":""private_channel_or_quarantine"",""referenceRole"":""none"",""sensitivity"":""secret"",""reason"":""O valor secreto nunca integra evidência, relatório ou quarentena e só segue pelo canal privado comprovado.""},{""sourceColumn"":""validade"",""destinationColumn"":""expiration_date"",""status"":""mapped"",""transformation"":""normalize_required_date"",""nullHandling"":""normalize_empty_to_null_or_quarantine_when_required"",""referenceRole"":""none"",""sensitivity"":""none"",""reason"":""A coluna legada validade alimenta expiration_date pelo contrato privado validado.""},{""sourceColumn"":""obs"",""destinationColumn"":""notes"",""status"":""mapped"",""transformation"":""normalize_optional_text"",""nullHandling"":""normalize_empty_to_null_or_quarantine_when_required"",""referenceRole"":""none"",""sensitivity"":""personal"",""reason"":""A coluna legada obs alimenta notes pelo contrato privado validado.""},{""sourceColumn"":""pagamento"",""destinationColumn"":""was_paid"",""status"":""mapped"",""transformation"":""normalize_boolean"",""nullHandling"":""normalize_empty_to_null_or_quarantine_when_required"",""referenceRole"":""none"",""sensitivity"":""none"",""reason"":""A coluna legada pagamento alimenta was_paid pelo contrato privado validado.""},{""sourceColumn"":""data_pagamento"",""destinationColumn"":""payment_date"",""status"":""mapped"",""transformation"":""normalize_optional_date"",""nullHandling"":""normalize_empty_to_null_or_quarantine_when_required"",""referenceRole"":""none"",""sensitivity"":""none"",""reason"":""A coluna legada data_pagamento alimenta payment_date pelo contrato privado validado.""},{""sourceColumn"":""valor_pagamento"",""destinationColumn"":""payment_amount"",""status"":""mapped"",""transformation"":""normalize_optional_non_negative_number"",""nullHandling"":""normalize_empty_to_null_or_quarantine_when_required"",""referenceRole"":""none"",""sensitivity"":""none"",""reason"":""A coluna legada valor_pagamento alimenta payment_amount pelo contrato privado validado.""},{""sourceColumn"":""status"",""destinationColumn"":null,""status"":""not_preserved"",""transformation"":""not_preserved"",""nullHandling"":""not_applicable"",""referenceRole"":""none"",""sensitivity"":""none"",""reason"":""O contrato atual não possui status ativo/inativo; somente linhas ativas podem ser emitidas sem alterar semântica.""},{""sourceColumn"":""contato"",""destinationColumn"":""contact_info"",""status"":""mapped"",""transformation"":""normalize_optional_text"",""nullHandling"":""normalize_empty_to_null_or_quarantine_when_required"",""referenceRole"":""none"",""sensitivity"":""personal"",""reason"":""A coluna legada contato alimenta contact_info pelo contrato privado validado.""},{""sourceColumn"":""arquivo"",""destinationColumn"":""file_path"",""status"":""mapped"",""transformation"":""store_encrypted_certificate_object_path"",""nullHandling"":""private_channel_or_quarantine"",""referenceRole"":""none"",""sensitivity"":""secret"",""reason"":""O valor secreto nunca integra evidência, relatório ou quarentena e só segue pelo canal privado comprovado.""},{""sourceColumn"":""arquivo"",""destinationColumn"":""file_original_name"",""status"":""mapped"",""transformation"":""derive_verified_original_name"",""nullHandling"":""private_channel_or_quarantine"",""referenceRole"":""none"",""sensitivity"":""secret"",""reason"":""O valor secreto nunca integra evidência, relatório ou quarentena e só segue pelo canal privado comprovado.""},{""sourceColumn"":""arquivo"",""destinationColumn"":""file_mime_type"",""status"":""mapped"",""transformation"":""derive_validated_certificate_mime_type"",""nullHandling"":""private_channel_or_quarantine"",""referenceRole"":""none"",""sensitivity"":""secret"",""reason"":""O valor secreto nunca integra evidência, relatório ou quarentena e só segue pelo canal privado comprovado.""},{""sourceColumn"":""arquivo"",""destinationColumn"":""file_size_bytes"",""status"":""mapped"",""transformation"":""derive_verified_plaintext_size"",""nullHandling"":""private_channel_or_quarantine"",""referenceRole"":""none"",""sensitivity"":""secret"",""reason"":""O valor secreto nunca integra evidência, relatório ou quarentena e só segue pelo canal privado comprovado.""},{""sourceColumn"":""arquivo"",""destinationColumn"":""file_sha256"",""status"":""mapped"",""transformation"":""derive_plaintext_sha256_before_encryption"",""nullHandling"":""private_channel_or_quarantine"",""referenceRole"":""none"",""sensitivity"":""secret"",""reason"":""O valor secreto nunca integra evidência, relatório ou quarentena e só segue pelo canal privado comprovado.""},{""sourceColumn"":""arquivo"",""destinationColumn"":""file_uploaded_at"",""status"":""mapped"",""transformation"":""derive_storage_upload_timestamp"",""nullHandling"":""private_channel_or_quarantine"",""referenceRole"":""none"",""sensitivity"":""secret"",""reason"":""O valor secreto nunca integra evidência, relatório ou quarentena e só segue pelo canal privado comprovado.""},{""sourceColumn"":""arquivo"",""destinationColumn"":""file_uploaded_by_user_id"",""status"":""mapped"",""transformation"":""resolve_storage_uploader_user"",""nullHandling"":""private_channel_or_quarantine"",""referenceRole"":""none"",""sensitivity"":""secret"",""reason"":""O valor secreto nunca integra evidência, relatório ou quarentena e só segue pelo canal privado comprovado.""},{""sourceColumn"":""arquivo"",""destinationColumn"":""file_storage_provider"",""status"":""mapped"",""transformation"":""derive_configured_storage_provider"",""nullHandling"":""private_channel_or_quarantine"",""referenceRole"":""none"",""sensitivity"":""secret"",""reason"":""O valor secreto nunca integra evidência, relatório ou quarentena e só segue pelo canal privado comprovado.""},{""sourceColumn"":""arquivo"",""destinationColumn"":""file_storage_bucket"",""status"":""mapped"",""transformation"":""derive_configured_storage_bucket"",""nullHandling"":""private_channel_or_quarantine"",""referenceRole"":""none"",""sensitivity"":""secret"",""reason"":""O valor secreto nunca integra evidência, relatório ou quarentena e só segue pelo canal privado comprovado.""},{""sourceColumn"":""arquivo"",""destinationColumn"":""file_encryption_iv"",""status"":""mapped"",""transformation"":""derive_aes_gcm_iv"",""nullHandling"":""private_channel_or_quarantine"",""referenceRole"":""none"",""sensitivity"":""secret"",""reason"":""O valor secreto nunca integra evidência, relatório ou quarentena e só segue pelo canal privado comprovado.""},{""sourceColumn"":""arquivo"",""destinationColumn"":""file_encryption_tag"",""status"":""mapped"",""transformation"":""derive_aes_gcm_authentication_tag"",""nullHandling"":""private_channel_or_quarantine"",""referenceRole"":""none"",""sensitivity"":""secret"",""reason"":""O valor secreto nunca integra evidência, relatório ou quarentena e só segue pelo canal privado comprovado.""},{""sourceColumn"":""arquivo"",""destinationColumn"":""file_encryption_key_version"",""status"":""mapped"",""transformation"":""derive_configured_encryption_key_version"",""nullHandling"":""private_channel_or_quarantine"",""referenceRole"":""none"",""sensitivity"":""secret"",""reason"":""O valor secreto nunca integra evidência, relatório ou quarentena e só segue pelo canal privado comprovado.""},{""sourceColumn"":""possui"",""destinationColumn"":""has_certificate"",""status"":""mapped"",""transformation"":""derive_from_verified_encrypted_file"",""nullHandling"":""normalize_empty_to_null_or_quarantine_when_required"",""referenceRole"":""none"",""sensitivity"":""none"",""reason"":""A coluna legada possui alimenta has_certificate pelo contrato privado validado.""}]","{""organization_id"":""e8048d1c-0830-45d7-84de-68e20abd685b"",""client_focus_status"":false}",{},"{""declared"":false,""mode"":""unknown"",""requirements"":[]}","{""kind"":""runtime_classifier"",""decisionSource"":""runtime_classifier"",""conditions"":null,""decisionRequiredPerSourceRow"":true,""omissionPolicy"":""error"",""runtimeClassifierRequired"":true}","{""ruleOrigin"":""certificates:tb_certificados.pj"",""stepId"":""certificate-pj-insert"",""classifyRef"":""certificates:tb_certificados.pj#classifySourceRow"",""emitRef"":""certificates:tb_certificados.pj#emitRows""}","{""required"":true,""classifyDigest"":""582b3a6fc35445d2a916f34fab5f37faae10d489184227747cdd05c3daf295fb"",""emitDigest"":""10602e3ca6bf6c08b2bf4696041b9e9f3fd433d9c556acfde925fd743b4a4fd5""}",0ccbc8b141d82cac7e5ee44a886b50da358d0848a0d83545afbf084b1a9e9c3b,780,0,0,0,780,preflight_blocked,false
tb_contabil.clientes_mov,contabil-client-movement-insert,contabil.responsibles,insert,generate,"{""kind"":""generate"",""legacyColumn"":""id"",""scope"":""tb_contabil.clientes_mov"",""namespace"":""3f68d246-0b54-4a10-9415-a8845a767fb5""}",1:1,admin-business:tb_contabil.clientes_mov,tb_integracao.clientes|tb_regularize.clientes,source|defaults,"[{""sourceColumn"":""id"",""destinationColumn"":""id"",""status"":""mapped"",""transformation"":""uuid_v5_from_full_source_table_and_legacy_id"",""nullHandling"":""normalize_empty_to_null_or_quarantine_when_required"",""referenceRole"":""none"",""sensitivity"":""none"",""reason"":""Comportamento legado e contrato atual comprovam este mapeamento de coluna.""},{""sourceColumn"":""cliente_id"",""destinationColumn"":""client_id"",""status"":""mapped"",""transformation"":""resolve_client_reference"",""nullHandling"":""quarantine_when_reference_is_missing_or_ambiguous"",""referenceRole"":""foreign_key"",""sensitivity"":""none"",""reason"":""Comportamento legado e contrato atual comprovam este mapeamento de coluna.""},{""sourceColumn"":""mov"",""destinationColumn"":""customer_with_movement"",""status"":""mapped"",""transformation"":""normalize_boolean"",""nullHandling"":""normalize_empty_to_null_or_quarantine_when_required"",""referenceRole"":""none"",""sensitivity"":""none"",""reason"":""Comportamento legado e contrato atual comprovam este mapeamento de coluna.""}]","{""organization_id"":""e8048d1c-0830-45d7-84de-68e20abd685b""}","{""person_responsible_id"":null,""posted_by_id"":null}","{""declared"":false,""mode"":""unknown"",""requirements"":[]}","{""kind"":""runtime_classifier"",""decisionSource"":""runtime_classifier"",""conditions"":null,""decisionRequiredPerSourceRow"":true,""omissionPolicy"":""error"",""runtimeClassifierRequired"":true}","{""ruleOrigin"":""admin-business:tb_contabil.clientes_mov"",""stepId"":""contabil-client-movement-insert"",""classifyRef"":""admin-business:tb_contabil.clientes_mov#classifySourceRow"",""emitRef"":""admin-business:tb_contabil.clientes_mov#emitRows""}","{""required"":true,""classifyDigest"":""98aaa16a65890d82bd6f96e89b9aee67a9206e5810c5c499bf64b09d38a39a63"",""emitDigest"":""8b6f66a0c8bebdfcd17ecff4a679c4737444e85175cbed585fa9b00095d2933d""}",c9eff6896412b92b3b2f3354d93917c9c110747531c5eba97d83dd0899a38aef,362,0,0,0,362,preflight_blocked,false
tb_contabil.clientes_observacao,contabil-client-history-insert,clients.history,insert,generate,"{""kind"":""generate"",""legacyColumn"":""id"",""scope"":""tb_contabil.clientes_observacao"",""namespace"":""3f68d246-0b54-4a10-9415-a8845a767fb5""}",1:1,admin-business:tb_contabil.clientes_observacao,tb_integracao.clientes|tb_regularize.clientes|tb_admin.usuarios,source|defaults,"[{""sourceColumn"":""id"",""destinationColumn"":""id"",""status"":""mapped"",""transformation"":""uuid_v5_from_full_source_table_and_legacy_id"",""nullHandling"":""normalize_empty_to_null_or_quarantine_when_required"",""referenceRole"":""none"",""sensitivity"":""none"",""reason"":""Comportamento legado e contrato atual comprovam este mapeamento de coluna.""},{""sourceColumn"":""cliente_id"",""destinationColumn"":""client_id"",""status"":""mapped"",""transformation"":""resolve_client_reference"",""nullHandling"":""quarantine_when_reference_is_missing_or_ambiguous"",""referenceRole"":""foreign_key"",""sensitivity"":""none"",""reason"":""Comportamento legado e contrato atual comprovam este mapeamento de coluna.""},{""sourceColumn"":""user_id"",""destinationColumn"":""user_id"",""status"":""mapped"",""transformation"":""resolve_user_reference"",""nullHandling"":""quarantine_when_reference_is_missing_or_ambiguous"",""referenceRole"":""foreign_key"",""sensitivity"":""none"",""reason"":""Comportamento legado e contrato atual comprovam este mapeamento de coluna.""},{""sourceColumn"":""data"",""destinationColumn"":""date"",""status"":""mapped"",""transformation"":""normalize_required_datetime"",""nullHandling"":""normalize_empty_to_null_or_quarantine_when_required"",""referenceRole"":""none"",""sensitivity"":""none"",""reason"":""Comportamento legado e contrato atual comprovam este mapeamento de coluna.""},{""sourceColumn"":""departamento_id"",""destinationColumn"":null,""status"":""not_preserved"",""transformation"":""discard_without_persisting_value"",""nullHandling"":""not_applicable"",""referenceRole"":""none"",""sensitivity"":""none"",""reason"":""A autoria departamental não possui coluna equivalente e não é misturada ao conteúdo integral da observação.""},{""sourceColumn"":""observacao"",""destinationColumn"":""history"",""status"":""mapped"",""transformation"":""preserve_full_history_text"",""nullHandling"":""normalize_empty_to_null_or_quarantine_when_required"",""referenceRole"":""none"",""sensitivity"":""personal"",""reason"":""O contrato ClientHistory preserva o conteúdo integral da observação, sem sumarização ou concatenação.""}]","{""organization_id"":""e8048d1c-0830-45d7-84de-68e20abd685b""}","{""file"":null}","{""declared"":false,""mode"":""unknown"",""requirements"":[]}","{""kind"":""runtime_classifier"",""decisionSource"":""runtime_classifier"",""conditions"":null,""decisionRequiredPerSourceRow"":true,""omissionPolicy"":""error"",""runtimeClassifierRequired"":true}","{""ruleOrigin"":""admin-business:tb_contabil.clientes_observacao"",""stepId"":""contabil-client-history-insert"",""classifyRef"":""admin-business:tb_contabil.clientes_observacao#classifySourceRow"",""emitRef"":""admin-business:tb_contabil.clientes_observacao#emitRows""}","{""required"":true,""classifyDigest"":""98aaa16a65890d82bd6f96e89b9aee67a9206e5810c5c499bf64b09d38a39a63"",""emitDigest"":""8b6f66a0c8bebdfcd17ecff4a679c4737444e85175cbed585fa9b00095d2933d""}",35824bc84a6fe2908432f44b144e6ea170edf09a6fbc080ee36d3f8db3b5019b,13,0,0,0,13,preflight_blocked,false
tb_contabil.controle,contabil-control-insert,contabil.control,insert,generate,"{""kind"":""generate"",""legacyColumn"":""id"",""scope"":""tb_contabil.controle"",""namespace"":""3f68d246-0b54-4a10-9415-a8845a767fb5""}",1:1,admin-business:tb_contabil.controle,tb_integracao.clientes|tb_regularize.clientes,source|defaults,"[{""sourceColumn"":""id"",""destinationColumn"":""id"",""status"":""mapped"",""transformation"":""uuid_v5_from_full_source_table_and_legacy_id"",""nullHandling"":""normalize_empty_to_null_or_quarantine_when_required"",""referenceRole"":""none"",""sensitivity"":""none"",""reason"":""Comportamento legado e contrato atual comprovam este mapeamento de coluna.""},{""sourceColumn"":""cliente_id"",""destinationColumn"":""client_id"",""status"":""mapped"",""transformation"":""resolve_client_reference"",""nullHandling"":""quarantine_when_reference_is_missing_or_ambiguous"",""referenceRole"":""foreign_key"",""sensitivity"":""none"",""reason"":""Comportamento legado e contrato atual comprovam este mapeamento de coluna.""},{""sourceColumn"":""competencia"",""destinationColumn"":""competence"",""status"":""mapped"",""transformation"":""normalize_competence"",""nullHandling"":""normalize_empty_to_null_or_quarantine_when_required"",""referenceRole"":""none"",""sensitivity"":""none"",""reason"":""Comportamento legado e contrato atual comprovam este mapeamento de coluna.""},{""sourceColumn"":""lancamentos_contabil"",""destinationColumn"":""regenerate_accounting_entries"",""status"":""mapped"",""transformation"":""normalize_boolean"",""nullHandling"":""normalize_empty_to_null_or_quarantine_when_required"",""referenceRole"":""none"",""sensitivity"":""none"",""reason"":""Comportamento legado e contrato atual comprovam este mapeamento de coluna.""},{""sourceColumn"":""resumo_acumulador"",""destinationColumn"":""check_summary_by_accumulator"",""status"":""mapped"",""transformation"":""normalize_boolean"",""nullHandling"":""normalize_empty_to_null_or_quarantine_when_required"",""referenceRole"":""none"",""sensitivity"":""none"",""reason"":""Comportamento legado e contrato atual comprovam este mapeamento de coluna.""},{""sourceColumn"":""movimento_contabil"",""destinationColumn"":""post_accounting_transaction"",""status"":""mapped"",""transformation"":""normalize_boolean"",""nullHandling"":""normalize_empty_to_null_or_quarantine_when_required"",""referenceRole"":""none"",""sensitivity"":""none"",""reason"":""Comportamento legado e contrato atual comprovam este mapeamento de coluna.""},{""sourceColumn"":""importacao_extratos"",""destinationColumn"":""import_bank_statements"",""status"":""mapped"",""transformation"":""normalize_boolean"",""nullHandling"":""normalize_empty_to_null_or_quarantine_when_required"",""referenceRole"":""none"",""sensitivity"":""none"",""reason"":""Comportamento legado e contrato atual comprovam este mapeamento de coluna.""},{""sourceColumn"":""conciliar_extratos"",""destinationColumn"":""reconcile_bank_statements"",""status"":""mapped"",""transformation"":""normalize_boolean"",""nullHandling"":""normalize_empty_to_null_or_quarantine_when_required"",""referenceRole"":""none"",""sensitivity"":""none"",""reason"":""Comportamento legado e contrato atual comprovam este mapeamento de coluna.""},{""sourceColumn"":""fornecedores"",""destinationColumn"":""reconcile_vendors"",""status"":""mapped"",""transformation"":""normalize_boolean"",""nullHandling"":""normalize_empty_to_null_or_quarantine_when_required"",""referenceRole"":""none"",""sensitivity"":""none"",""reason"":""Comportamento legado e contrato atual comprovam este mapeamento de coluna.""},{""sourceColumn"":""integracao_impostos"",""destinationColumn"":""integrate_taxes"",""status"":""mapped"",""transformation"":""normalize_boolean"",""nullHandling"":""normalize_empty_to_null_or_quarantine_when_required"",""referenceRole"":""none"",""sensitivity"":""none"",""reason"":""Comportamento legado e contrato atual comprovam este mapeamento de coluna.""},{""sourceColumn"":""impostos_federais"",""destinationColumn"":""settle_federal_taxes_via_ecac"",""status"":""mapped"",""transformation"":""normalize_boolean"",""nullHandling"":""normalize_empty_to_null_or_quarantine_when_required"",""referenceRole"":""none"",""sensitivity"":""none"",""reason"":""Comportamento legado e contrato atual comprovam este mapeamento de coluna.""},{""sourceColumn"":""impostos_estaduais"",""destinationColumn"":""settle_state_taxes_via_sefaz_ba"",""status"":""mapped"",""transformation"":""normalize_boolean"",""nullHandling"":""normalize_empty_to_null_or_quarantine_when_required"",""referenceRole"":""none"",""sensitivity"":""none"",""reason"":""Comportamento legado e contrato atual comprovam este mapeamento de coluna.""},{""sourceColumn"":""pagamento"",""destinationColumn"":""integrate_payroll"",""status"":""mapped"",""transformation"":""normalize_boolean"",""nullHandling"":""normalize_empty_to_null_or_quarantine_when_required"",""referenceRole"":""none"",""sensitivity"":""none"",""reason"":""A tela e o dicionário legados nomeiam pagamento como Integração folha de pagamento.""},{""sourceColumn"":""inss"",""destinationColumn"":""suspense_accounts"",""status"":""mapped"",""transformation"":""normalize_boolean"",""nullHandling"":""normalize_empty_to_null_or_quarantine_when_required"",""referenceRole"":""none"",""sensitivity"":""none"",""reason"":""Apesar do nome físico inss, a tela e os relatórios legados o rotulam Contas transitórias.""},{""sourceColumn"":""contas_estouradas"",""destinationColumn"":""check_overdrawn_accounts"",""status"":""mapped"",""transformation"":""normalize_boolean"",""nullHandling"":""normalize_empty_to_null_or_quarantine_when_required"",""referenceRole"":""none"",""sensitivity"":""none"",""reason"":""Comportamento legado e contrato atual comprovam este mapeamento de coluna.""},{""sourceColumn"":""conciliacao_geral"",""destinationColumn"":""general_account_reconciliation"",""status"":""mapped"",""transformation"":""normalize_boolean"",""nullHandling"":""normalize_empty_to_null_or_quarantine_when_required"",""referenceRole"":""none"",""sensitivity"":""none"",""reason"":""Comportamento legado e contrato atual comprovam este mapeamento de coluna.""},{""sourceColumn"":""emprestimos_juros"",""destinationColumn"":""check_loan_and_interest_accounts"",""status"":""mapped"",""transformation"":""normalize_boolean"",""nullHandling"":""normalize_empty_to_null_or_quarantine_when_required"",""referenceRole"":""none"",""sensitivity"":""none"",""reason"":""Comportamento legado e contrato atual comprovam este mapeamento de coluna.""},{""sourceColumn"":""apuracao"",""destinationColumn"":""monthly_closing"",""status"":""mapped"",""transformation"":""normalize_boolean"",""nullHandling"":""normalize_empty_to_null_or_quarantine_when_required"",""referenceRole"":""none"",""sensitivity"":""none"",""reason"":""Comportamento legado e contrato atual comprovam este mapeamento de coluna.""},{""sourceColumn"":""icms_pis_cofins"",""destinationColumn"":""reconcile_icms_pis_cofins"",""status"":""mapped"",""transformation"":""normalize_boolean"",""nullHandling"":""normalize_empty_to_null_or_quarantine_when_required"",""referenceRole"":""none"",""sensitivity"":""none"",""reason"":""Comportamento legado e contrato atual comprovam este mapeamento de coluna.""},{""sourceColumn"":""depreciacao"",""destinationColumn"":""depreciation"",""status"":""mapped"",""transformation"":""normalize_boolean"",""nullHandling"":""normalize_empty_to_null_or_quarantine_when_required"",""referenceRole"":""none"",""sensitivity"":""none"",""reason"":""Comportamento legado e contrato atual comprovam este mapeamento de coluna.""},{""sourceColumn"":""obs"",""destinationColumn"":""notes"",""status"":""mapped"",""transformation"":""normalize_text"",""nullHandling"":""normalize_empty_to_null_or_quarantine_when_required"",""referenceRole"":""none"",""sensitivity"":""personal"",""reason"":""Comportamento legado e contrato atual comprovam este mapeamento de coluna.""}]","{""organization_id"":""e8048d1c-0830-45d7-84de-68e20abd685b""}",{},"{""declared"":false,""mode"":""unknown"",""requirements"":[]}","{""kind"":""runtime_classifier"",""decisionSource"":""runtime_classifier"",""conditions"":null,""decisionRequiredPerSourceRow"":true,""omissionPolicy"":""error"",""runtimeClassifierRequired"":true}","{""ruleOrigin"":""admin-business:tb_contabil.controle"",""stepId"":""contabil-control-insert"",""classifyRef"":""admin-business:tb_contabil.controle#classifySourceRow"",""emitRef"":""admin-business:tb_contabil.controle#emitRows""}","{""required"":true,""classifyDigest"":""98aaa16a65890d82bd6f96e89b9aee67a9206e5810c5c499bf64b09d38a39a63"",""emitDigest"":""8b6f66a0c8bebdfcd17ecff4a679c4737444e85175cbed585fa9b00095d2933d""}",6f0f171e1bc4ccd4f041975975db4b3261c591eebcde71059d5048412cb2ea1e,2763,0,0,0,2763,preflight_blocked,false
tb_contabil.relacoes,contabil-relationship-insert,contabil.relationship,insert,generate,"{""kind"":""generate"",""legacyColumn"":""id"",""scope"":""tb_contabil.relacoes"",""namespace"":""3f68d246-0b54-4a10-9415-a8845a767fb5""}",1:1,admin-business:tb_contabil.relacoes,tb_integracao.clientes|tb_regularize.clientes,source|defaults,"[{""sourceColumn"":""id"",""destinationColumn"":""id"",""status"":""mapped"",""transformation"":""uuid_v5_from_full_source_table_and_legacy_id"",""nullHandling"":""normalize_empty_to_null_or_quarantine_when_required"",""referenceRole"":""none"",""sensitivity"":""none"",""reason"":""Comportamento legado e contrato atual comprovam este mapeamento de coluna.""},{""sourceColumn"":""cliente_id"",""destinationColumn"":""client_id"",""status"":""mapped"",""transformation"":""resolve_client_reference"",""nullHandling"":""quarantine_when_reference_is_missing_or_ambiguous"",""referenceRole"":""foreign_key"",""sensitivity"":""none"",""reason"":""Comportamento legado e contrato atual comprovam este mapeamento de coluna.""},{""sourceColumn"":""licitacao"",""destinationColumn"":""bidding"",""status"":""mapped"",""transformation"":""normalize_boolean"",""nullHandling"":""normalize_empty_to_null_or_quarantine_when_required"",""referenceRole"":""none"",""sensitivity"":""none"",""reason"":""Comportamento legado e contrato atual comprovam este mapeamento de coluna.""},{""sourceColumn"":""plano_de_contas"",""destinationColumn"":""chart_accounts"",""status"":""mapped"",""transformation"":""normalize_text"",""nullHandling"":""normalize_empty_to_null_or_quarantine_when_required"",""referenceRole"":""none"",""sensitivity"":""none"",""reason"":""Comportamento legado e contrato atual comprovam este mapeamento de coluna.""},{""sourceColumn"":""ferramenta"",""destinationColumn"":""tool"",""status"":""mapped"",""transformation"":""normalize_text"",""nullHandling"":""normalize_empty_to_null_or_quarantine_when_required"",""referenceRole"":""none"",""sensitivity"":""none"",""reason"":""Comportamento legado e contrato atual comprovam este mapeamento de coluna.""},{""sourceColumn"":""obs"",""destinationColumn"":""note"",""status"":""mapped"",""transformation"":""normalize_text"",""nullHandling"":""normalize_empty_to_null_or_quarantine_when_required"",""referenceRole"":""none"",""sensitivity"":""personal"",""reason"":""Comportamento legado e contrato atual comprovam este mapeamento de coluna.""},{""sourceColumn"":""sistema"",""destinationColumn"":""system"",""status"":""mapped"",""transformation"":""normalize_text"",""nullHandling"":""normalize_empty_to_null_or_quarantine_when_required"",""referenceRole"":""none"",""sensitivity"":""none"",""reason"":""Comportamento legado e contrato atual comprovam este mapeamento de coluna.""}]","{""organization_id"":""e8048d1c-0830-45d7-84de-68e20abd685b""}",{},"{""declared"":false,""mode"":""unknown"",""requirements"":[]}","{""kind"":""runtime_classifier"",""decisionSource"":""runtime_classifier"",""conditions"":null,""decisionRequiredPerSourceRow"":true,""omissionPolicy"":""error"",""runtimeClassifierRequired"":true}","{""ruleOrigin"":""admin-business:tb_contabil.relacoes"",""stepId"":""contabil-relationship-insert"",""classifyRef"":""admin-business:tb_contabil.relacoes#classifySourceRow"",""emitRef"":""admin-business:tb_contabil.relacoes#emitRows""}","{""required"":true,""classifyDigest"":""98aaa16a65890d82bd6f96e89b9aee67a9206e5810c5c499bf64b09d38a39a63"",""emitDigest"":""8b6f66a0c8bebdfcd17ecff4a679c4737444e85175cbed585fa9b00095d2933d""}",a0a064a6ce4cb53ec67bd1cc730a9c15623dfe8ee676f1edb3054da9aadaa20f,136,0,0,0,136,preflight_blocked,false
tb_fiscal.icms,fiscal-icms-insert,fiscal.icms,insert,generate,"{""kind"":""generate"",""legacyColumn"":""id"",""scope"":""tb_fiscal.icms"",""namespace"":""3f68d246-0b54-4a10-9415-a8845a767fb5""}",1:1,admin-business:tb_fiscal.icms,,natural_key|lowest_legacy_id_owner|source|defaults,"[{""sourceColumn"":""id"",""destinationColumn"":""id"",""status"":""mapped"",""transformation"":""uuid_v5_from_full_source_table_and_legacy_id"",""nullHandling"":""normalize_empty_to_null_or_quarantine_when_required"",""referenceRole"":""none"",""sensitivity"":""none"",""reason"":""Comportamento legado e contrato atual comprovam este mapeamento de coluna.""},{""sourceColumn"":""estado"",""destinationColumn"":""state"",""status"":""mapped"",""transformation"":""normalize_required_text"",""nullHandling"":""normalize_empty_to_null_or_quarantine_when_required"",""referenceRole"":""none"",""sensitivity"":""none"",""reason"":""Comportamento legado e contrato atual comprovam este mapeamento de coluna.""},{""sourceColumn"":""item"",""destinationColumn"":""item_number"",""status"":""mapped"",""transformation"":""normalize_text"",""nullHandling"":""normalize_empty_to_null_or_quarantine_when_required"",""referenceRole"":""none"",""sensitivity"":""none"",""reason"":""Comportamento legado e contrato atual comprovam este mapeamento de coluna.""},{""sourceColumn"":""cest"",""destinationColumn"":""cest_code"",""status"":""mapped"",""transformation"":""normalize_text"",""nullHandling"":""normalize_empty_to_null_or_quarantine_when_required"",""referenceRole"":""none"",""sensitivity"":""none"",""reason"":""Comportamento legado e contrato atual comprovam este mapeamento de coluna.""},{""sourceColumn"":""descricao"",""destinationColumn"":""description"",""status"":""mapped"",""transformation"":""normalize_required_text"",""nullHandling"":""normalize_empty_to_null_or_quarantine_when_required"",""referenceRole"":""none"",""sensitivity"":""none"",""reason"":""Comportamento legado e contrato atual comprovam este mapeamento de coluna.""},{""sourceColumn"":""acordo"",""destinationColumn"":""interstate_agreement"",""status"":""mapped"",""transformation"":""normalize_text"",""nullHandling"":""normalize_empty_to_null_or_quarantine_when_required"",""referenceRole"":""none"",""sensitivity"":""none"",""reason"":""Comportamento legado e contrato atual comprovam este mapeamento de coluna.""},{""sourceColumn"":""mva_original_aplicada"",""destinationColumn"":""applied_original_mva"",""status"":""mapped"",""transformation"":""normalize_text"",""nullHandling"":""normalize_empty_to_null_or_quarantine_when_required"",""referenceRole"":""none"",""sensitivity"":""none"",""reason"":""Comportamento legado e contrato atual comprovam este mapeamento de coluna.""},{""sourceColumn"":""mva_ajustado"",""destinationColumn"":""adjusted_mva"",""status"":""mapped"",""transformation"":""normalize_text"",""nullHandling"":""normalize_empty_to_null_or_quarantine_when_required"",""referenceRole"":""none"",""sensitivity"":""none"",""reason"":""Comportamento legado e contrato atual comprovam este mapeamento de coluna.""},{""sourceColumn"":""mva_original"",""destinationColumn"":""original_mva"",""status"":""mapped"",""transformation"":""normalize_text"",""nullHandling"":""normalize_empty_to_null_or_quarantine_when_required"",""referenceRole"":""none"",""sensitivity"":""none"",""reason"":""Comportamento legado e contrato atual comprovam este mapeamento de coluna.""}]","{""organization_id"":""e8048d1c-0830-45d7-84de-68e20abd685b""}",{},"{""declared"":false,""mode"":""unknown"",""requirements"":[]}","{""kind"":""runtime_classifier"",""decisionSource"":""runtime_classifier"",""conditions"":null,""decisionRequiredPerSourceRow"":true,""omissionPolicy"":""error"",""runtimeClassifierRequired"":true}","{""ruleOrigin"":""admin-business:tb_fiscal.icms"",""stepId"":""fiscal-icms-insert"",""classifyRef"":""admin-business:tb_fiscal.icms#classifySourceRow"",""emitRef"":""admin-business:tb_fiscal.icms#emitRows""}","{""required"":true,""classifyDigest"":""98aaa16a65890d82bd6f96e89b9aee67a9206e5810c5c499bf64b09d38a39a63"",""emitDigest"":""8b6f66a0c8bebdfcd17ecff4a679c4737444e85175cbed585fa9b00095d2933d""}",b154cbfed45cb4fc5177ebb75ec17dfab2f28125bed8861639a97784ec0827d4,368,0,0,0,368,preflight_blocked,false
tb_fiscal.ipi,fiscal-ipi-insert,fiscal.ipi,insert,generate,"{""kind"":""generate"",""legacyColumn"":""id"",""scope"":""tb_fiscal.ipi"",""namespace"":""3f68d246-0b54-4a10-9415-a8845a767fb5""}",1:1,admin-business:tb_fiscal.ipi,,source|defaults,"[{""sourceColumn"":""id"",""destinationColumn"":""id"",""status"":""mapped"",""transformation"":""uuid_v5_from_full_source_table_and_legacy_id"",""nullHandling"":""normalize_empty_to_null_or_quarantine_when_required"",""referenceRole"":""none"",""sensitivity"":""none"",""reason"":""Comportamento legado e contrato atual comprovam este mapeamento de coluna.""},{""sourceColumn"":""ncm"",""destinationColumn"":""ncm"",""status"":""mapped"",""transformation"":""normalize_required_text"",""nullHandling"":""normalize_empty_to_null_or_quarantine_when_required"",""referenceRole"":""none"",""sensitivity"":""none"",""reason"":""Comportamento legado e contrato atual comprovam este mapeamento de coluna.""},{""sourceColumn"":""ex"",""destinationColumn"":""ex"",""status"":""mapped"",""transformation"":""normalize_text"",""nullHandling"":""normalize_empty_to_null_or_quarantine_when_required"",""referenceRole"":""none"",""sensitivity"":""none"",""reason"":""Comportamento legado e contrato atual comprovam este mapeamento de coluna.""},{""sourceColumn"":""descricao"",""destinationColumn"":""description"",""status"":""mapped"",""transformation"":""normalize_text"",""nullHandling"":""normalize_empty_to_null_or_quarantine_when_required"",""referenceRole"":""none"",""sensitivity"":""none"",""reason"":""Comportamento legado e contrato atual comprovam este mapeamento de coluna.""},{""sourceColumn"":""aliquota"",""destinationColumn"":""aliquot"",""status"":""mapped"",""transformation"":""normalize_text"",""nullHandling"":""normalize_empty_to_null_or_quarantine_when_required"",""referenceRole"":""none"",""sensitivity"":""none"",""reason"":""Comportamento legado e contrato atual comprovam este mapeamento de coluna.""}]","{""organization_id"":""e8048d1c-0830-45d7-84de-68e20abd685b""}",{},"{""declared"":false,""mode"":""unknown"",""requirements"":[]}","{""kind"":""runtime_classifier"",""decisionSource"":""runtime_classifier"",""conditions"":null,""decisionRequiredPerSourceRow"":true,""omissionPolicy"":""error"",""runtimeClassifierRequired"":true}","{""ruleOrigin"":""admin-business:tb_fiscal.ipi"",""stepId"":""fiscal-ipi-insert"",""classifyRef"":""admin-business:tb_fiscal.ipi#classifySourceRow"",""emitRef"":""admin-business:tb_fiscal.ipi#emitRows""}","{""required"":true,""classifyDigest"":""98aaa16a65890d82bd6f96e89b9aee67a9206e5810c5c499bf64b09d38a39a63"",""emitDigest"":""8b6f66a0c8bebdfcd17ecff4a679c4737444e85175cbed585fa9b00095d2933d""}",695a8db4e538aeddc0d9fa44a82e20930dea4b0408e5e335043eaaf73874ffe2,11088,0,0,0,11088,preflight_blocked,false
tb_fiscal.tributacao_pis_cofins,fiscal-ncm-insert,fiscal.ncm,insert,generate,"{""kind"":""generate"",""legacyColumn"":""id"",""scope"":""tb_fiscal.tributacao_pis_cofins"",""namespace"":""3f68d246-0b54-4a10-9415-a8845a767fb5""}",1:1,admin-business:tb_fiscal.tributacao_pis_cofins,,source|defaults,"[{""sourceColumn"":""id"",""destinationColumn"":""id"",""status"":""mapped"",""transformation"":""uuid_v5_from_full_source_table_and_legacy_id"",""nullHandling"":""normalize_empty_to_null_or_quarantine_when_required"",""referenceRole"":""none"",""sensitivity"":""none"",""reason"":""Comportamento legado e contrato atual comprovam este mapeamento de coluna.""},{""sourceColumn"":""regime"",""destinationColumn"":""tax_regime"",""status"":""mapped"",""transformation"":""normalize_required_text"",""nullHandling"":""normalize_empty_to_null_or_quarantine_when_required"",""referenceRole"":""none"",""sensitivity"":""none"",""reason"":""Comportamento legado e contrato atual comprovam este mapeamento de coluna.""},{""sourceColumn"":""ncm"",""destinationColumn"":""ncm_code"",""status"":""mapped"",""transformation"":""normalize_required_text"",""nullHandling"":""normalize_empty_to_null_or_quarantine_when_required"",""referenceRole"":""none"",""sensitivity"":""none"",""reason"":""Comportamento legado e contrato atual comprovam este mapeamento de coluna.""},{""sourceColumn"":""tributacao_federal"",""destinationColumn"":""federal_taxation_type"",""status"":""mapped"",""transformation"":""normalize_required_text"",""nullHandling"":""normalize_empty_to_null_or_quarantine_when_required"",""referenceRole"":""none"",""sensitivity"":""none"",""reason"":""Comportamento legado e contrato atual comprovam este mapeamento de coluna.""},{""sourceColumn"":""obs_ncm"",""destinationColumn"":""ncm_notes"",""status"":""mapped"",""transformation"":""normalize_text"",""nullHandling"":""normalize_empty_to_null_or_quarantine_when_required"",""referenceRole"":""none"",""sensitivity"":""none"",""reason"":""Comportamento legado e contrato atual comprovam este mapeamento de coluna.""},{""sourceColumn"":""cst_pis_saida"",""destinationColumn"":""cst_pis_outgoing"",""status"":""mapped"",""transformation"":""normalize_text"",""nullHandling"":""normalize_empty_to_null_or_quarantine_when_required"",""referenceRole"":""none"",""sensitivity"":""none"",""reason"":""Comportamento legado e contrato atual comprovam este mapeamento de coluna.""},{""sourceColumn"":""cts_cofins_saida"",""destinationColumn"":""cst_cofins_outgoing"",""status"":""mapped"",""transformation"":""normalize_text"",""nullHandling"":""normalize_empty_to_null_or_quarantine_when_required"",""referenceRole"":""none"",""sensitivity"":""none"",""reason"":""O nome legado contém o typo cts, mas o formulário fiscal comprova que o valor é CST COFINS de saída.""},{""sourceColumn"":""grupo"",""destinationColumn"":""product_group"",""status"":""mapped"",""transformation"":""normalize_text"",""nullHandling"":""normalize_empty_to_null_or_quarantine_when_required"",""referenceRole"":""none"",""sensitivity"":""none"",""reason"":""Comportamento legado e contrato atual comprovam este mapeamento de coluna.""},{""sourceColumn"":""descricao"",""destinationColumn"":""description"",""status"":""mapped"",""transformation"":""normalize_required_text"",""nullHandling"":""normalize_empty_to_null_or_quarantine_when_required"",""referenceRole"":""none"",""sensitivity"":""none"",""reason"":""Comportamento legado e contrato atual comprovam este mapeamento de coluna.""},{""sourceColumn"":""inicio_virgencia"",""destinationColumn"":""validity_start_date"",""status"":""mapped"",""transformation"":""normalize_required_datetime"",""nullHandling"":""normalize_empty_to_null_or_quarantine_when_required"",""referenceRole"":""none"",""sensitivity"":""none"",""reason"":""Comportamento legado e contrato atual comprovam este mapeamento de coluna.""},{""sourceColumn"":""origem_info"",""destinationColumn"":""information_source"",""status"":""mapped"",""transformation"":""normalize_text"",""nullHandling"":""normalize_empty_to_null_or_quarantine_when_required"",""referenceRole"":""none"",""sensitivity"":""none"",""reason"":""Comportamento legado e contrato atual comprovam este mapeamento de coluna.""},{""sourceColumn"":""legislacao_ref"",""destinationColumn"":""reference_legislation"",""status"":""mapped"",""transformation"":""normalize_text"",""nullHandling"":""normalize_empty_to_null_or_quarantine_when_required"",""referenceRole"":""none"",""sensitivity"":""none"",""reason"":""Comportamento legado e contrato atual comprovam este mapeamento de coluna.""},{""sourceColumn"":""fim_virgencia"",""destinationColumn"":""validity_end_date"",""status"":""mapped"",""transformation"":""normalize_datetime"",""nullHandling"":""normalize_empty_to_null_or_quarantine_when_required"",""referenceRole"":""none"",""sensitivity"":""none"",""reason"":""Comportamento legado e contrato atual comprovam este mapeamento de coluna.""}]","{""organization_id"":""e8048d1c-0830-45d7-84de-68e20abd685b""}",{},"{""declared"":false,""mode"":""unknown"",""requirements"":[]}","{""kind"":""runtime_classifier"",""decisionSource"":""runtime_classifier"",""conditions"":null,""decisionRequiredPerSourceRow"":true,""omissionPolicy"":""error"",""runtimeClassifierRequired"":true}","{""ruleOrigin"":""admin-business:tb_fiscal.tributacao_pis_cofins"",""stepId"":""fiscal-ncm-insert"",""classifyRef"":""admin-business:tb_fiscal.tributacao_pis_cofins#classifySourceRow"",""emitRef"":""admin-business:tb_fiscal.tributacao_pis_cofins#emitRows""}","{""required"":true,""classifyDigest"":""98aaa16a65890d82bd6f96e89b9aee67a9206e5810c5c499bf64b09d38a39a63"",""emitDigest"":""8b6f66a0c8bebdfcd17ecff4a679c4737444e85175cbed585fa9b00095d2933d""}",d64aee839eafd1cdedbf95f07b891c1a6508f0aa27e61633d701d58f3650b7fc,31362,0,0,0,31362,preflight_blocked,false
tb_integracao.clientes,integration-client-insert,clients,insert,generate,"{""kind"":""generate"",""legacyColumn"":""id"",""scope"":""tb_integracao.clientes"",""namespace"":""3f68d246-0b54-4a10-9415-a8845a767fb5""}",1:1,v2:tb_integracao.clientes,,source|defaults,"[{""sourceColumn"":""id"",""destinationColumn"":""id"",""status"":""mapped"",""transformation"":""uuid_v5"",""nullHandling"":""normalize_empty_to_null_or_quarantine_when_required"",""referenceRole"":""identity"",""sensitivity"":""none"",""reason"":""Comportamento legado e contrato atual comprovam este mapeamento de coluna.""},{""sourceColumn"":""nome"",""destinationColumn"":""name"",""status"":""mapped"",""transformation"":""normalize_text"",""nullHandling"":""normalize_empty_to_null_or_quarantine_when_required"",""referenceRole"":""none"",""sensitivity"":""none"",""reason"":""Comportamento legado e contrato atual comprovam este mapeamento de coluna.""},{""sourceColumn"":""nome"",""destinationColumn"":""company_name"",""status"":""mapped"",""transformation"":""normalize_text"",""nullHandling"":""normalize_empty_to_null_or_quarantine_when_required"",""referenceRole"":""none"",""sensitivity"":""none"",""reason"":""Comportamento legado e contrato atual comprovam este mapeamento de coluna.""},{""sourceColumn"":""nome_fantasia"",""destinationColumn"":""fantasy_name"",""status"":""mapped"",""transformation"":""normalize_text"",""nullHandling"":""normalize_empty_to_null_or_quarantine_when_required"",""referenceRole"":""none"",""sensitivity"":""none"",""reason"":""Comportamento legado e contrato atual comprovam este mapeamento de coluna.""},{""sourceColumn"":""tipo"",""destinationColumn"":""type"",""status"":""mapped"",""transformation"":""normalize_client_type"",""nullHandling"":""normalize_empty_to_null_or_quarantine_when_required"",""referenceRole"":""none"",""sensitivity"":""none"",""reason"":""Comportamento legado e contrato atual comprovam este mapeamento de coluna.""},{""sourceColumn"":""cpf_cnpj"",""destinationColumn"":""cpf_cnpj"",""status"":""mapped"",""transformation"":""normalize_cpf_cnpj"",""nullHandling"":""normalize_empty_to_null_or_quarantine_when_required"",""referenceRole"":""none"",""sensitivity"":""personal"",""reason"":""Comportamento legado e contrato atual comprovam este mapeamento de coluna.""},{""sourceColumn"":""dataAbertura"",""destinationColumn"":""opening_date"",""status"":""mapped"",""transformation"":""normalize_date"",""nullHandling"":""normalize_empty_to_null_or_quarantine_when_required"",""referenceRole"":""none"",""sensitivity"":""none"",""reason"":""Comportamento legado e contrato atual comprovam este mapeamento de coluna.""},{""sourceColumn"":""socioAdm"",""destinationColumn"":""responsible"",""status"":""mapped"",""transformation"":""normalize_text"",""nullHandling"":""normalize_empty_to_null_or_quarantine_when_required"",""referenceRole"":""none"",""sensitivity"":""personal"",""reason"":""Comportamento legado e contrato atual comprovam este mapeamento de coluna.""},{""sourceColumn"":""cpf_socio"",""destinationColumn"":""cpf_responsible"",""status"":""mapped"",""transformation"":""normalize_cpf"",""nullHandling"":""normalize_empty_to_null_or_quarantine_when_required"",""referenceRole"":""none"",""sensitivity"":""personal"",""reason"":""Comportamento legado e contrato atual comprovam este mapeamento de coluna.""},{""sourceColumn"":""contato"",""destinationColumn"":""number"",""status"":""mapped"",""transformation"":""normalize_phone"",""nullHandling"":""normalize_empty_to_null_or_quarantine_when_required"",""referenceRole"":""none"",""sensitivity"":""personal"",""reason"":""Comportamento legado e contrato atual comprovam este mapeamento de coluna.""},{""sourceColumn"":""email"",""destinationColumn"":""email"",""status"":""mapped"",""transformation"":""normalize_email"",""nullHandling"":""normalize_empty_to_null_or_quarantine_when_required"",""referenceRole"":""none"",""sensitivity"":""personal"",""reason"":""Comportamento legado e contrato atual comprovam este mapeamento de coluna.""},{""sourceColumn"":""preposto"",""destinationColumn"":""agent"",""status"":""mapped"",""transformation"":""normalize_text"",""nullHandling"":""normalize_empty_to_null_or_quarantine_when_required"",""referenceRole"":""none"",""sensitivity"":""personal"",""reason"":""Comportamento legado e contrato atual comprovam este mapeamento de coluna.""},{""sourceColumn"":""cpf_preposto"",""destinationColumn"":""cpf_agent"",""status"":""mapped"",""transformation"":""normalize_cpf"",""nullHandling"":""normalize_empty_to_null_or_quarantine_when_required"",""referenceRole"":""none"",""sensitivity"":""personal"",""reason"":""Comportamento legado e contrato atual comprovam este mapeamento de coluna.""},{""sourceColumn"":""instagram"",""destinationColumn"":""instagram"",""status"":""mapped"",""transformation"":""normalize_text"",""nullHandling"":""normalize_empty_to_null_or_quarantine_when_required"",""referenceRole"":""none"",""sensitivity"":""none"",""reason"":""Comportamento legado e contrato atual comprovam este mapeamento de coluna.""},{""sourceColumn"":""indicacao"",""destinationColumn"":""indication"",""status"":""mapped"",""transformation"":""normalize_text"",""nullHandling"":""normalize_empty_to_null_or_quarantine_when_required"",""referenceRole"":""none"",""sensitivity"":""none"",""reason"":""Comportamento legado e contrato atual comprovam este mapeamento de coluna.""},{""sourceColumn"":""grupo_id"",""destinationColumn"":null,""status"":""not_preserved"",""transformation"":""discard_without_persisting_value"",""nullHandling"":""not_applicable"",""referenceRole"":""none"",""sensitivity"":""none"",""reason"":""O identificador de grupo depende da relação clients groups e não pode ser copiado como escalar.""},{""sourceColumn"":""cidade"",""destinationColumn"":""city"",""status"":""mapped"",""transformation"":""normalize_text"",""nullHandling"":""normalize_empty_to_null_or_quarantine_when_required"",""referenceRole"":""none"",""sensitivity"":""none"",""reason"":""Comportamento legado e contrato atual comprovam este mapeamento de coluna.""},{""sourceColumn"":""imagem"",""destinationColumn"":null,""status"":""not_preserved"",""transformation"":""discard_without_persisting_value"",""nullHandling"":""not_applicable"",""referenceRole"":""none"",""sensitivity"":""none"",""reason"":""O arquivo de imagem legado não é persistido pelo pacote de mapeamento sem migração de storage.""},{""sourceColumn"":""tipo_cliente"",""destinationColumn"":""status"",""status"":""mapped"",""transformation"":""normalize_status"",""nullHandling"":""normalize_empty_to_null_or_quarantine_when_required"",""referenceRole"":""none"",""sensitivity"":""none"",""reason"":""Comportamento legado e contrato atual comprovam este mapeamento de coluna.""},{""sourceColumn"":""inicio_contrato"",""destinationColumn"":""customer_since"",""status"":""mapped"",""transformation"":""normalize_date"",""nullHandling"":""normalize_empty_to_null_or_quarantine_when_required"",""referenceRole"":""none"",""sensitivity"":""none"",""reason"":""Comportamento legado e contrato atual comprovam este mapeamento de coluna.""},{""sourceColumn"":""endereco"",""destinationColumn"":""address"",""status"":""mapped"",""transformation"":""normalize_text"",""nullHandling"":""normalize_empty_to_null_or_quarantine_when_required"",""referenceRole"":""none"",""sensitivity"":""personal"",""reason"":""Comportamento legado e contrato atual comprovam este mapeamento de coluna.""},{""sourceColumn"":""cep"",""destinationColumn"":""cep"",""status"":""mapped"",""transformation"":""normalize_digits"",""nullHandling"":""normalize_empty_to_null_or_quarantine_when_required"",""referenceRole"":""none"",""sensitivity"":""personal"",""reason"":""Comportamento legado e contrato atual comprovam este mapeamento de coluna.""},{""sourceColumn"":""bairro"",""destinationColumn"":""neighborhood"",""status"":""mapped"",""transformation"":""normalize_text"",""nullHandling"":""normalize_empty_to_null_or_quarantine_when_required"",""referenceRole"":""none"",""sensitivity"":""none"",""reason"":""Comportamento legado e contrato atual comprovam este mapeamento de coluna.""},{""sourceColumn"":""estado"",""destinationColumn"":""state"",""status"":""mapped"",""transformation"":""normalize_text"",""nullHandling"":""normalize_empty_to_null_or_quarantine_when_required"",""referenceRole"":""none"",""sensitivity"":""none"",""reason"":""Comportamento legado e contrato atual comprovam este mapeamento de coluna.""},{""sourceColumn"":""complexidade"",""destinationColumn"":null,""status"":""not_preserved"",""transformation"":""discard_without_persisting_value"",""nullHandling"":""not_applicable"",""referenceRole"":""none"",""sensitivity"":""none"",""reason"":""O contrato Client atual não possui campo de complexidade e não há adaptação equivalente comprovada.""}]","{""organization_id"":""e8048d1c-0830-45d7-84de-68e20abd685b""}","{""status"":""Migrado"",""prospecting_status"":""Migrado do legado"",""cpf_cnpj"":"""",""type"":""PJ"",""type_registration"":""Migrado""}","{""declared"":false,""mode"":""unknown"",""requirements"":[]}","{""kind"":""runtime_classifier"",""decisionSource"":""runtime_classifier"",""conditions"":null,""decisionRequiredPerSourceRow"":true,""omissionPolicy"":""error"",""runtimeClassifierRequired"":true}","{""ruleOrigin"":""v2:tb_integracao.clientes"",""stepId"":""integration-client-insert"",""classifyRef"":""v2:tb_integracao.clientes#classifySourceRow"",""emitRef"":""v2:tb_integracao.clientes#emitRows""}","{""required"":true,""classifyDigest"":""3600dc5cea77f8cd2d181405a6a0332bc5c5ab9fd9c09508cf06d68cd61be240"",""emitDigest"":""b0683094f6cfca02f49cf4faa1ace95aeb65e464a65bbc0f1de6f55554aa1a2a""}",d2fe709605c9adc7b41988bff432497093c25c681a18a3df3e58cde738966619,2339,0,0,0,2339,preflight_blocked,false
tb_integracao.grupos,integration-group-insert,clients.group,insert,generate,"{""kind"":""generate"",""legacyColumn"":""id"",""scope"":""tb_integracao.grupos"",""namespace"":""3f68d246-0b54-4a10-9415-a8845a767fb5""}",1:1,integracao-regularize:tb_integracao.grupos,,source,"[{""sourceColumn"":""id"",""destinationColumn"":""id"",""status"":""mapped"",""transformation"":""uuid_v5_from_full_source_table_and_legacy_id"",""nullHandling"":""normalize_or_apply_declared_default"",""referenceRole"":""value"",""sensitivity"":""none"",""reason"":""A evidência legada e o contrato atual comprovam esta transformação sem alterar a semântica.""},{""sourceColumn"":""nome"",""destinationColumn"":""name"",""status"":""mapped"",""transformation"":""normalize_required_text"",""nullHandling"":""normalize_or_apply_declared_default"",""referenceRole"":""value"",""sensitivity"":""none"",""reason"":""A evidência legada e o contrato atual comprovam esta transformação sem alterar a semântica.""}]","{""organization_id"":""e8048d1c-0830-45d7-84de-68e20abd685b""}","{""status"":true}","{""declared"":false,""mode"":""unknown"",""requirements"":[]}","{""kind"":""runtime_classifier"",""decisionSource"":""runtime_classifier"",""conditions"":null,""decisionRequiredPerSourceRow"":true,""omissionPolicy"":""error"",""runtimeClassifierRequired"":true}","{""ruleOrigin"":""integracao-regularize:tb_integracao.grupos"",""stepId"":""integration-group-insert"",""classifyRef"":""integracao-regularize:tb_integracao.grupos#classifySourceRow"",""emitRef"":""integracao-regularize:tb_integracao.grupos#emitRows""}","{""required"":true,""classifyDigest"":""a8ef45cbdce7b567adbacc1951466a8dee7f55bc3b8eb4208900f2f13c0dbb1a"",""emitDigest"":""0d1293a9fc53ad46b0b44007a2222cf2c543ff683491674b3090d6353942138a""}",a9969a8c0945e279610832cb8f89df3500b869f14341c1508b7810af26842e8a,191,0,0,0,191,preflight_blocked,false
tb_integracao.pa,integration-pa-merge,clients.pa,merge,resolve,"{""kind"":""resolve"",""sourceTable"":""tb_integracao.clientes"",""sourceColumn"":""cliente_id"",""targetLegacyColumn"":""id""}",1:1,integracao-regularize:tb_integracao.pa,tb_integracao.clientes,explicit_legacy_link|source,"[{""sourceColumn"":""id"",""destinationColumn"":null,""status"":""not_preserved"",""transformation"":""not_preserved"",""nullHandling"":""not_applicable"",""referenceRole"":""none"",""sensitivity"":""none"",""reason"":""A identidade atual de PA é client_id, não o id auxiliar legado.""},{""sourceColumn"":""cliente_id"",""destinationColumn"":""client_id"",""status"":""mapped"",""transformation"":""resolve_explicit_client_reference"",""nullHandling"":""normalize_or_apply_declared_default"",""referenceRole"":""foreign_key"",""sensitivity"":""none"",""reason"":""A chave é resolvida pelo vínculo legado explícito; zero ou múltiplos candidatos geram quarantine.""},{""sourceColumn"":""regime"",""destinationColumn"":null,""status"":""not_preserved"",""transformation"":""not_preserved"",""nullHandling"":""not_applicable"",""referenceRole"":""none"",""sensitivity"":""none"",""reason"":""O regime genérico não distingue o regime de apuração exigido pelo PA atual.""},{""sourceColumn"":""atividades"",""destinationColumn"":""activities"",""status"":""mapped"",""transformation"":""normalize_text"",""nullHandling"":""normalize_or_apply_declared_default"",""referenceRole"":""value"",""sensitivity"":""none"",""reason"":""A evidência legada e o contrato atual comprovam esta transformação sem alterar a semântica.""},{""sourceColumn"":""cnae_principal"",""destinationColumn"":null,""status"":""not_preserved"",""transformation"":""not_preserved"",""nullHandling"":""not_applicable"",""referenceRole"":""none"",""sensitivity"":""none"",""reason"":""O CNAE pertence ao Client e não é atualizado lateralmente pelo PA.""},{""sourceColumn"":""cnae_secundario"",""destinationColumn"":null,""status"":""not_preserved"",""transformation"":""not_preserved"",""nullHandling"":""not_applicable"",""referenceRole"":""none"",""sensitivity"":""none"",""reason"":""A lista CNAE pertence ao Client e não é inferida pelo PA.""},{""sourceColumn"":""faturamento_mensal"",""destinationColumn"":""tax_billing"",""status"":""mapped"",""transformation"":""normalize_text"",""nullHandling"":""normalize_or_apply_declared_default"",""referenceRole"":""value"",""sensitivity"":""none"",""reason"":""A evidência legada e o contrato atual comprovam esta transformação sem alterar a semântica.""},{""sourceColumn"":""faturamento_anual"",""destinationColumn"":""management_billing"",""status"":""mapped"",""transformation"":""normalize_text"",""nullHandling"":""normalize_or_apply_declared_default"",""referenceRole"":""value"",""sensitivity"":""none"",""reason"":""A evidência legada e o contrato atual comprovam esta transformação sem alterar a semântica.""},{""sourceColumn"":""licitacao"",""destinationColumn"":""works_bidding"",""status"":""mapped"",""transformation"":""normalize_boolean"",""nullHandling"":""normalize_or_apply_declared_default"",""referenceRole"":""value"",""sensitivity"":""none"",""reason"":""A evidência legada e o contrato atual comprovam esta transformação sem alterar a semântica.""},{""sourceColumn"":""nome_socio"",""destinationColumn"":null,""status"":""not_preserved"",""transformation"":""not_preserved"",""nullHandling"":""not_applicable"",""referenceRole"":""none"",""sensitivity"":""none"",""reason"":""Sócio possui identidade própria e não é comprimido em campo textual de PA.""},{""sourceColumn"":""colaboradores_registrados"",""destinationColumn"":""registered_collabortors"",""status"":""mapped"",""transformation"":""normalize_integer"",""nullHandling"":""normalize_or_apply_declared_default"",""referenceRole"":""value"",""sensitivity"":""none"",""reason"":""A evidência legada e o contrato atual comprovam esta transformação sem alterar a semântica.""},{""sourceColumn"":""colaboradores_nao_registrados"",""destinationColumn"":""unregistered_collabortors"",""status"":""mapped"",""transformation"":""normalize_integer"",""nullHandling"":""normalize_or_apply_declared_default"",""referenceRole"":""value"",""sensitivity"":""none"",""reason"":""A evidência legada e o contrato atual comprovam esta transformação sem alterar a semântica.""},{""sourceColumn"":""esocial"",""destinationColumn"":""esocial"",""status"":""mapped"",""transformation"":""normalize_boolean"",""nullHandling"":""normalize_or_apply_declared_default"",""referenceRole"":""value"",""sensitivity"":""none"",""reason"":""A evidência legada e o contrato atual comprovam esta transformação sem alterar a semântica.""},{""sourceColumn"":""quant_bancos"",""destinationColumn"":""how_many_banks"",""status"":""mapped"",""transformation"":""normalize_presence_boolean"",""nullHandling"":""normalize_or_apply_declared_default"",""referenceRole"":""value"",""sensitivity"":""none"",""reason"":""A evidência legada e o contrato atual comprovam esta transformação sem alterar a semântica.""},{""sourceColumn"":""quais_bancos"",""destinationColumn"":""whitch_banks"",""status"":""mapped"",""transformation"":""normalize_text"",""nullHandling"":""normalize_or_apply_declared_default"",""referenceRole"":""value"",""sensitivity"":""none"",""reason"":""A evidência legada e o contrato atual comprovam esta transformação sem alterar a semântica.""},{""sourceColumn"":""responsaveis_deps"",""destinationColumn"":""responsible_departments"",""status"":""mapped"",""transformation"":""normalize_text"",""nullHandling"":""normalize_or_apply_declared_default"",""referenceRole"":""value"",""sensitivity"":""none"",""reason"":""A evidência legada e o contrato atual comprovam esta transformação sem alterar a semântica.""},{""sourceColumn"":""trabalha_com_sistema"",""destinationColumn"":""works_system"",""status"":""mapped"",""transformation"":""normalize_boolean"",""nullHandling"":""normalize_or_apply_declared_default"",""referenceRole"":""value"",""sensitivity"":""none"",""reason"":""A evidência legada e o contrato atual comprovam esta transformação sem alterar a semântica.""},{""sourceColumn"":""nome_sistema"",""destinationColumn"":""system_name"",""status"":""mapped"",""transformation"":""normalize_text"",""nullHandling"":""normalize_or_apply_declared_default"",""referenceRole"":""value"",""sensitivity"":""none"",""reason"":""A evidência legada e o contrato atual comprovam esta transformação sem alterar a semântica.""},{""sourceColumn"":""tempo_uso_sistema"",""destinationColumn"":""system_usage_time"",""status"":""mapped"",""transformation"":""normalize_text"",""nullHandling"":""normalize_or_apply_declared_default"",""referenceRole"":""value"",""sensitivity"":""none"",""reason"":""A evidência legada e o contrato atual comprovam esta transformação sem alterar a semântica.""},{""sourceColumn"":""valor_sistema"",""destinationColumn"":""system_value"",""status"":""mapped"",""transformation"":""normalize_text"",""nullHandling"":""normalize_or_apply_declared_default"",""referenceRole"":""value"",""sensitivity"":""none"",""reason"":""A evidência legada e o contrato atual comprovam esta transformação sem alterar a semântica.""},{""sourceColumn"":""contato_sistema"",""destinationColumn"":""system_contact"",""status"":""mapped"",""transformation"":""normalize_text"",""nullHandling"":""normalize_or_apply_declared_default"",""referenceRole"":""value"",""sensitivity"":""personal"",""reason"":""A evidência legada e o contrato atual comprovam esta transformação sem alterar a semântica.""},{""sourceColumn"":""operacoes_sistema"",""destinationColumn"":""system_operations"",""status"":""mapped"",""transformation"":""normalize_text"",""nullHandling"":""normalize_or_apply_declared_default"",""referenceRole"":""value"",""sensitivity"":""none"",""reason"":""A evidência legada e o contrato atual comprovam esta transformação sem alterar a semântica.""},{""sourceColumn"":""armazenamento_nuvem"",""destinationColumn"":""cloud_storage"",""status"":""mapped"",""transformation"":""normalize_boolean"",""nullHandling"":""normalize_or_apply_declared_default"",""referenceRole"":""value"",""sensitivity"":""none"",""reason"":""A evidência legada e o contrato atual comprovam esta transformação sem alterar a semântica.""},{""sourceColumn"":""qualNuvem"",""destinationColumn"":""which_cloud_storage"",""status"":""mapped"",""transformation"":""normalize_text"",""nullHandling"":""normalize_or_apply_declared_default"",""referenceRole"":""value"",""sensitivity"":""none"",""reason"":""A evidência legada e o contrato atual comprovam esta transformação sem alterar a semântica.""},{""sourceColumn"":""departamentos"",""destinationColumn"":null,""status"":""not_preserved"",""transformation"":""not_preserved"",""nullHandling"":""not_applicable"",""referenceRole"":""none"",""sensitivity"":""none"",""reason"":""A enumeração não possui coluna equivalente distinta no PA atual.""},{""sourceColumn"":""servicos"",""destinationColumn"":""services"",""status"":""mapped"",""transformation"":""normalize_text"",""nullHandling"":""normalize_or_apply_declared_default"",""referenceRole"":""value"",""sensitivity"":""none"",""reason"":""A evidência legada e o contrato atual comprovam esta transformação sem alterar a semântica.""},{""sourceColumn"":""mudanca"",""destinationColumn"":""dissatisfaction"",""status"":""mapped"",""transformation"":""normalize_text"",""nullHandling"":""normalize_or_apply_declared_default"",""referenceRole"":""value"",""sensitivity"":""none"",""reason"":""A evidência legada e o contrato atual comprovam esta transformação sem alterar a semântica.""},{""sourceColumn"":""contrato_aluguel"",""destinationColumn"":""rental_agreement"",""status"":""mapped"",""transformation"":""normalize_boolean"",""nullHandling"":""normalize_or_apply_declared_default"",""referenceRole"":""value"",""sensitivity"":""none"",""reason"":""A evidência legada e o contrato atual comprovam esta transformação sem alterar a semântica.""},{""sourceColumn"":""regime_apuracao"",""destinationColumn"":""assessment_regime"",""status"":""mapped"",""transformation"":""normalize_text"",""nullHandling"":""normalize_or_apply_declared_default"",""referenceRole"":""value"",""sensitivity"":""none"",""reason"":""A evidência legada e o contrato atual comprovam esta transformação sem alterar a semântica.""},{""sourceColumn"":""alvara"",""destinationColumn"":""permit"",""status"":""mapped"",""transformation"":""normalize_text"",""nullHandling"":""normalize_or_apply_declared_default"",""referenceRole"":""value"",""sensitivity"":""none"",""reason"":""A evidência legada e o contrato atual comprovam esta transformação sem alterar a semântica.""}]","{""organization_id"":""e8048d1c-0830-45d7-84de-68e20abd685b""}",{},"{""declared"":false,""mode"":""unknown"",""requirements"":[]}","{""kind"":""runtime_classifier"",""decisionSource"":""runtime_classifier"",""conditions"":null,""decisionRequiredPerSourceRow"":true,""omissionPolicy"":""error"",""runtimeClassifierRequired"":true}","{""ruleOrigin"":""integracao-regularize:tb_integracao.pa"",""stepId"":""integration-pa-merge"",""classifyRef"":""integracao-regularize:tb_integracao.pa#classifySourceRow"",""emitRef"":""integracao-regularize:tb_integracao.pa#emitRows""}","{""required"":true,""classifyDigest"":""7c73b7c78bb2857b414586c924ca0fb412b424a430adcc9fcc89bcdeadb27eff"",""emitDigest"":""0d1293a9fc53ad46b0b44007a2222cf2c543ff683491674b3090d6353942138a""}",e1a9c6f07fc987fabc6e4570cf6a4a96714b77ecc3e23cc5e8cafe55eeb8775e,1256,0,0,0,1256,preflight_blocked,false
tb_integracao.pa_historicos,integration-pa-history-insert,clients.history,insert,generate,"{""kind"":""generate"",""legacyColumn"":""id"",""scope"":""tb_integracao.pa_historicos"",""namespace"":""3f68d246-0b54-4a10-9415-a8845a767fb5""}",1:1,integracao-regularize:tb_integracao.pa_historicos,tb_integracao.clientes|tb_admin.usuarios,source,"[{""sourceColumn"":""id"",""destinationColumn"":""id"",""status"":""mapped"",""transformation"":""uuid_v5_from_full_source_table_and_legacy_id"",""nullHandling"":""normalize_or_apply_declared_default"",""referenceRole"":""value"",""sensitivity"":""none"",""reason"":""A evidência legada e o contrato atual comprovam esta transformação sem alterar a semântica.""},{""sourceColumn"":""cliente_id"",""destinationColumn"":""client_id"",""status"":""mapped"",""transformation"":""resolve_explicit_client_reference"",""nullHandling"":""normalize_or_apply_declared_default"",""referenceRole"":""foreign_key"",""sensitivity"":""none"",""reason"":""A chave é resolvida pelo vínculo legado explícito; zero ou múltiplos candidatos geram quarantine.""},{""sourceColumn"":""dia"",""destinationColumn"":""date"",""status"":""mapped"",""transformation"":""normalize_required_datetime"",""nullHandling"":""normalize_or_apply_declared_default"",""referenceRole"":""value"",""sensitivity"":""none"",""reason"":""A evidência legada e o contrato atual comprovam esta transformação sem alterar a semântica.""},{""sourceColumn"":""historico"",""destinationColumn"":""history"",""status"":""mapped"",""transformation"":""normalize_required_text"",""nullHandling"":""normalize_or_apply_declared_default"",""referenceRole"":""value"",""sensitivity"":""personal"",""reason"":""A evidência legada e o contrato atual comprovam esta transformação sem alterar a semântica.""},{""sourceColumn"":""arquivo"",""destinationColumn"":""file"",""status"":""mapped"",""transformation"":""normalize_legacy_asset_reference"",""nullHandling"":""normalize_or_apply_declared_default"",""referenceRole"":""value"",""sensitivity"":""none"",""reason"":""A evidência legada e o contrato atual comprovam esta transformação sem alterar a semântica.""},{""sourceColumn"":""user_id"",""destinationColumn"":""user_id"",""status"":""mapped"",""transformation"":""resolve_explicit_user_reference"",""nullHandling"":""normalize_or_apply_declared_default"",""referenceRole"":""foreign_key"",""sensitivity"":""none"",""reason"":""A chave é resolvida pelo vínculo legado explícito; zero ou múltiplos candidatos geram quarantine.""}]","{""organization_id"":""e8048d1c-0830-45d7-84de-68e20abd685b""}",{},"{""declared"":false,""mode"":""unknown"",""requirements"":[]}","{""kind"":""runtime_classifier"",""decisionSource"":""runtime_classifier"",""conditions"":null,""decisionRequiredPerSourceRow"":true,""omissionPolicy"":""error"",""runtimeClassifierRequired"":true}","{""ruleOrigin"":""integracao-regularize:tb_integracao.pa_historicos"",""stepId"":""integration-pa-history-insert"",""classifyRef"":""integracao-regularize:tb_integracao.pa_historicos#classifySourceRow"",""emitRef"":""integracao-regularize:tb_integracao.pa_historicos#emitRows""}","{""required"":true,""classifyDigest"":""7fc36d9e0f559417e6b6658bf7b46a1f10983353bd813211acc33588e723c1ce"",""emitDigest"":""0d1293a9fc53ad46b0b44007a2222cf2c543ff683491674b3090d6353942138a""}",87636ef0f941b9052d87a14b10c193e6a71364c807bc75b339713a12657701cf,3494,0,0,0,3494,preflight_blocked,false
tb_integracao.planos,project-plan-insert,integracao.projectPlan,insert,generate,"{""kind"":""generate"",""legacyColumn"":""id"",""scope"":""tb_integracao.planos"",""namespace"":""3f68d246-0b54-4a10-9415-a8845a767fb5""}",1:1,v2:tb_integracao.planos,,source|defaults,"[{""sourceColumn"":""id"",""destinationColumn"":""id"",""status"":""mapped"",""transformation"":""uuid_v5"",""nullHandling"":""normalize_empty_to_null_or_quarantine_when_required"",""referenceRole"":""identity"",""sensitivity"":""none"",""reason"":""Comportamento legado e contrato atual comprovam este mapeamento de coluna.""},{""sourceColumn"":""nome"",""destinationColumn"":""name"",""status"":""mapped"",""transformation"":""normalize_text"",""nullHandling"":""normalize_empty_to_null_or_quarantine_when_required"",""referenceRole"":""none"",""sensitivity"":""none"",""reason"":""Comportamento legado e contrato atual comprovam este mapeamento de coluna.""},{""sourceColumn"":""color"",""destinationColumn"":""color"",""status"":""mapped"",""transformation"":""normalize_color"",""nullHandling"":""normalize_empty_to_null_or_quarantine_when_required"",""referenceRole"":""none"",""sensitivity"":""none"",""reason"":""Comportamento legado e contrato atual comprovam este mapeamento de coluna.""}]","{""organization_id"":""e8048d1c-0830-45d7-84de-68e20abd685b""}","{""color"":""#64748b""}","{""declared"":false,""mode"":""unknown"",""requirements"":[]}","{""kind"":""runtime_classifier"",""decisionSource"":""runtime_classifier"",""conditions"":null,""decisionRequiredPerSourceRow"":true,""omissionPolicy"":""error"",""runtimeClassifierRequired"":true}","{""ruleOrigin"":""v2:tb_integracao.planos"",""stepId"":""project-plan-insert"",""classifyRef"":""v2:tb_integracao.planos#classifySourceRow"",""emitRef"":""v2:tb_integracao.planos#emitRows""}","{""required"":true,""classifyDigest"":""3600dc5cea77f8cd2d181405a6a0332bc5c5ab9fd9c09508cf06d68cd61be240"",""emitDigest"":""b0683094f6cfca02f49cf4faa1ace95aeb65e464a65bbc0f1de6f55554aa1a2a""}",2e41bbbe6f4334417ee2532e07cb20c6b5faf0bd0bdf6a82dfaae3e3ddbc21a7,6,0,0,0,6,preflight_blocked,false
tb_integracao.prospeccao_comercial,prospecting-client-merge,clients,merge,resolve,"{""kind"":""resolve"",""sourceTable"":""tb_integracao.clientes"",""sourceColumn"":""cliente_id"",""targetLegacyColumn"":""id""}",1:N,v2:tb_integracao.prospeccao_comercial,tb_integracao.clientes,explicit_legacy_link|commercial_facet|existing_client,"[{""sourceColumn"":""cliente_id"",""destinationColumn"":""id"",""status"":""mapped"",""transformation"":""resolve_explicit_legacy_link"",""nullHandling"":""normalize_empty_to_null_or_quarantine_when_required"",""referenceRole"":""identity"",""sensitivity"":""none"",""reason"":""Comportamento legado e contrato atual comprovam este mapeamento de coluna.""},{""sourceColumn"":""solucao"",""destinationColumn"":""description_prospecting"",""status"":""mapped"",""transformation"":""normalize_text"",""nullHandling"":""normalize_empty_to_null_or_quarantine_when_required"",""referenceRole"":""none"",""sensitivity"":""none"",""reason"":""Comportamento legado e contrato atual comprovam este mapeamento de coluna.""},{""sourceColumn"":""data_status"",""destinationColumn"":""date_status"",""status"":""mapped"",""transformation"":""normalize_date"",""nullHandling"":""normalize_empty_to_null_or_quarantine_when_required"",""referenceRole"":""none"",""sensitivity"":""none"",""reason"":""Comportamento legado e contrato atual comprovam este mapeamento de coluna.""},{""sourceColumn"":""status_prospeccao"",""destinationColumn"":""prospecting_status"",""status"":""mapped"",""transformation"":""normalize_status"",""nullHandling"":""normalize_empty_to_null_or_quarantine_when_required"",""referenceRole"":""none"",""sensitivity"":""none"",""reason"":""Comportamento legado e contrato atual comprovam este mapeamento de coluna.""},{""sourceColumn"":""mes"",""destinationColumn"":null,""status"":""not_preserved"",""transformation"":""discard_without_persisting_value"",""nullHandling"":""not_applicable"",""referenceRole"":""none"",""sensitivity"":""none"",""reason"":""O mês isolado é derivável das datas preservadas e não possui campo autônomo no Client atual.""},{""sourceColumn"":""data_cadastro"",""destinationColumn"":""register_date_prospecting"",""status"":""mapped"",""transformation"":""normalize_date"",""nullHandling"":""normalize_empty_to_null_or_quarantine_when_required"",""referenceRole"":""none"",""sensitivity"":""none"",""reason"":""Comportamento legado e contrato atual comprovam este mapeamento de coluna.""},{""sourceColumn"":""participantes"",""destinationColumn"":""participants_meet"",""status"":""mapped"",""transformation"":""normalize_text"",""nullHandling"":""normalize_empty_to_null_or_quarantine_when_required"",""referenceRole"":""none"",""sensitivity"":""none"",""reason"":""Comportamento legado e contrato atual comprovam este mapeamento de coluna.""},{""sourceColumn"":""modo_reuniao"",""destinationColumn"":""meet_type"",""status"":""mapped"",""transformation"":""normalize_text"",""nullHandling"":""normalize_empty_to_null_or_quarantine_when_required"",""referenceRole"":""none"",""sensitivity"":""none"",""reason"":""Comportamento legado e contrato atual comprovam este mapeamento de coluna.""},{""sourceColumn"":""data_fechamento"",""destinationColumn"":""closing_date"",""status"":""mapped"",""transformation"":""normalize_date"",""nullHandling"":""normalize_empty_to_null_or_quarantine_when_required"",""referenceRole"":""none"",""sensitivity"":""none"",""reason"":""Comportamento legado e contrato atual comprovam este mapeamento de coluna.""},{""sourceColumn"":""ramo"",""destinationColumn"":""segment"",""status"":""mapped"",""transformation"":""normalize_text"",""nullHandling"":""normalize_empty_to_null_or_quarantine_when_required"",""referenceRole"":""none"",""sensitivity"":""none"",""reason"":""Comportamento legado e contrato atual comprovam este mapeamento de coluna.""}]",{},{},"{""declared"":false,""mode"":""unknown"",""requirements"":[]}","{""kind"":""runtime_classifier"",""decisionSource"":""runtime_classifier"",""conditions"":null,""decisionRequiredPerSourceRow"":true,""omissionPolicy"":""error"",""runtimeClassifierRequired"":true}","{""ruleOrigin"":""v2:tb_integracao.prospeccao_comercial"",""stepId"":""prospecting-client-merge"",""classifyRef"":""v2:tb_integracao.prospeccao_comercial#classifySourceRow"",""emitRef"":""v2:tb_integracao.prospeccao_comercial#emitRows""}","{""required"":true,""classifyDigest"":""ec35f45e28d906eea50df4c7a69b39bca52b956243e7f146ca4c091fae872eff"",""emitDigest"":""3c91d764a9af5778e6fba73e8eb9d1ed417aae218aaba16b2c765ada34ace1f1""}",883d2fd9f3ebee8ffdda78377e50fe826c0a7824f13774b4d6d47f8866641b52,2341,0,0,0,2341,preflight_blocked,false
tb_integracao.prospeccao_comercial,prospecting-project-insert,integracao.projects,insert,generate,"{""kind"":""generate"",""legacyColumn"":""id"",""scope"":""tb_integracao.prospeccao_comercial"",""namespace"":""3f68d246-0b54-4a10-9415-a8845a767fb5""}",1:N,v2:tb_integracao.prospeccao_comercial,tb_integracao.clientes,source|fallback,"[{""sourceColumn"":""id"",""destinationColumn"":""id"",""status"":""mapped"",""transformation"":""uuid_v5"",""nullHandling"":""normalize_empty_to_null_or_quarantine_when_required"",""referenceRole"":""identity"",""sensitivity"":""none"",""reason"":""Comportamento legado e contrato atual comprovam este mapeamento de coluna.""},{""sourceColumn"":""servico"",""destinationColumn"":""name"",""status"":""mapped"",""transformation"":""normalize_text"",""nullHandling"":""normalize_empty_to_null_or_quarantine_when_required"",""referenceRole"":""none"",""sensitivity"":""none"",""reason"":""Comportamento legado e contrato atual comprovam este mapeamento de coluna.""},{""sourceColumn"":""cliente_id"",""destinationColumn"":""client_id"",""status"":""mapped"",""transformation"":""resolve_client_reference"",""nullHandling"":""normalize_empty_to_null_or_quarantine_when_required"",""referenceRole"":""foreign_key"",""sensitivity"":""none"",""reason"":""Comportamento legado e contrato atual comprovam este mapeamento de coluna.""},{""sourceColumn"":""situacao"",""destinationColumn"":""status"",""status"":""mapped"",""transformation"":""normalize_status"",""nullHandling"":""normalize_empty_to_null_or_quarantine_when_required"",""referenceRole"":""none"",""sensitivity"":""none"",""reason"":""Comportamento legado e contrato atual comprovam este mapeamento de coluna.""},{""sourceColumn"":""data_cadastro"",""destinationColumn"":""start_date"",""status"":""mapped"",""transformation"":""normalize_date"",""nullHandling"":""normalize_empty_to_null_or_quarantine_when_required"",""referenceRole"":""none"",""sensitivity"":""none"",""reason"":""Comportamento legado e contrato atual comprovam este mapeamento de coluna.""},{""sourceColumn"":""data_fechamento"",""destinationColumn"":""end_date"",""status"":""mapped"",""transformation"":""normalize_date"",""nullHandling"":""normalize_empty_to_null_or_quarantine_when_required"",""referenceRole"":""none"",""sensitivity"":""none"",""reason"":""Comportamento legado e contrato atual comprovam este mapeamento de coluna.""},{""sourceColumn"":""data_status"",""destinationColumn"":""end_date"",""status"":""mapped"",""transformation"":""normalize_date_fallback"",""nullHandling"":""normalize_empty_to_null_or_quarantine_when_required"",""referenceRole"":""none"",""sensitivity"":""none"",""reason"":""Comportamento legado e contrato atual comprovam este mapeamento de coluna.""},{""sourceColumn"":""solucao"",""destinationColumn"":""objective"",""status"":""mapped"",""transformation"":""normalize_text"",""nullHandling"":""normalize_empty_to_null_or_quarantine_when_required"",""referenceRole"":""none"",""sensitivity"":""none"",""reason"":""Comportamento legado e contrato atual comprovam este mapeamento de coluna.""},{""sourceColumn"":""status_prospeccao"",""destinationColumn"":""objective"",""status"":""mapped"",""transformation"":""normalize_text_fallback"",""nullHandling"":""normalize_empty_to_null_or_quarantine_when_required"",""referenceRole"":""none"",""sensitivity"":""none"",""reason"":""Comportamento legado e contrato atual comprovam este mapeamento de coluna.""},{""sourceColumn"":""porcentagem"",""destinationColumn"":""porcentage"",""status"":""mapped"",""transformation"":""normalize_float"",""nullHandling"":""normalize_empty_to_null_or_quarantine_when_required"",""referenceRole"":""none"",""sensitivity"":""none"",""reason"":""Comportamento legado e contrato atual comprovam este mapeamento de coluna.""}]","{""organization_id"":""e8048d1c-0830-45d7-84de-68e20abd685b""}","{""status"":""Migrado"",""porcentage"":0}","{""declared"":false,""mode"":""unknown"",""requirements"":[]}","{""kind"":""runtime_classifier"",""decisionSource"":""runtime_classifier"",""conditions"":null,""decisionRequiredPerSourceRow"":true,""omissionPolicy"":""error"",""runtimeClassifierRequired"":true}","{""ruleOrigin"":""v2:tb_integracao.prospeccao_comercial"",""stepId"":""prospecting-project-insert"",""classifyRef"":""v2:tb_integracao.prospeccao_comercial#classifySourceRow"",""emitRef"":""v2:tb_integracao.prospeccao_comercial#emitRows""}","{""required"":true,""classifyDigest"":""ec35f45e28d906eea50df4c7a69b39bca52b956243e7f146ca4c091fae872eff"",""emitDigest"":""3c91d764a9af5778e6fba73e8eb9d1ed417aae218aaba16b2c765ada34ace1f1""}",7d40f9b020542eeee684ac3b3f7a004ea9d7ff2f4f3ec692c671c38fcdf7815d,2341,0,0,0,2341,preflight_blocked,false
tb_integracao.tarefas,task-insert,integracao.tasks,insert,generate,"{""kind"":""generate"",""legacyColumn"":""id"",""scope"":""tb_integracao.tarefas"",""namespace"":""3f68d246-0b54-4a10-9415-a8845a767fb5""}",1:N,v2:tb_integracao.tarefas,tb_integracao.tarefas_express|tb_integracao.prospeccao_comercial|tb_integracao.clientes|tb_admin.departamentos|tb_admin.usuarios,source|resolved_or_derived_dependencies,"[{""sourceColumn"":""id"",""destinationColumn"":""id"",""status"":""mapped"",""transformation"":""uuid_v5"",""nullHandling"":""normalize_empty_to_null_or_quarantine_when_required"",""referenceRole"":""identity"",""sensitivity"":""none"",""reason"":""Comportamento legado e contrato atual comprovam este mapeamento de coluna.""},{""sourceColumn"":null,""destinationColumn"":""model_id"",""status"":""mapped"",""transformation"":""resolve_or_derive_task_model"",""nullHandling"":""normalize_empty_to_null_or_quarantine_when_required"",""referenceRole"":""foreign_key"",""sensitivity"":""none"",""reason"":""Comportamento legado e contrato atual comprovam este mapeamento de coluna.""},{""sourceColumn"":null,""destinationColumn"":""project_id"",""status"":""mapped"",""transformation"":""resolve_or_derive_project"",""nullHandling"":""normalize_empty_to_null_or_quarantine_when_required"",""referenceRole"":""foreign_key"",""sensitivity"":""none"",""reason"":""Comportamento legado e contrato atual comprovam este mapeamento de coluna.""},{""sourceColumn"":""cliente_id"",""destinationColumn"":""client_id"",""status"":""mapped"",""transformation"":""resolve_client_reference"",""nullHandling"":""normalize_empty_to_null_or_quarantine_when_required"",""referenceRole"":""foreign_key"",""sensitivity"":""none"",""reason"":""Comportamento legado e contrato atual comprovam este mapeamento de coluna.""},{""sourceColumn"":""nome"",""destinationColumn"":""name"",""status"":""mapped"",""transformation"":""normalize_required_text"",""nullHandling"":""normalize_empty_to_null_or_quarantine_when_required"",""referenceRole"":""none"",""sensitivity"":""none"",""reason"":""Comportamento legado e contrato atual comprovam este mapeamento de coluna.""},{""sourceColumn"":""estado"",""destinationColumn"":""status"",""status"":""mapped"",""transformation"":""normalize_status"",""nullHandling"":""normalize_empty_to_null_or_quarantine_when_required"",""referenceRole"":""none"",""sensitivity"":""none"",""reason"":""Comportamento legado e contrato atual comprovam este mapeamento de coluna.""},{""sourceColumn"":""departamento_id"",""destinationColumn"":""department_id"",""status"":""mapped"",""transformation"":""resolve_department_reference"",""nullHandling"":""normalize_empty_to_null_or_quarantine_when_required"",""referenceRole"":""foreign_key"",""sensitivity"":""none"",""reason"":""Comportamento legado e contrato atual comprovam este mapeamento de coluna.""},{""sourceColumn"":""responsavel_id"",""destinationColumn"":""responsible_id"",""status"":""mapped"",""transformation"":""resolve_user_reference"",""nullHandling"":""normalize_empty_to_null_or_quarantine_when_required"",""referenceRole"":""foreign_key"",""sensitivity"":""none"",""reason"":""Comportamento legado e contrato atual comprovam este mapeamento de coluna.""},{""sourceColumn"":""responsavel_id_dois"",""destinationColumn"":""responsible2_id"",""status"":""mapped"",""transformation"":""resolve_optional_user_reference"",""nullHandling"":""normalize_empty_to_null_or_quarantine_when_required"",""referenceRole"":""foreign_key"",""sensitivity"":""none"",""reason"":""Comportamento legado e contrato atual comprovam este mapeamento de coluna.""},{""sourceColumn"":""responsavel_id_tres"",""destinationColumn"":""responsible3_id"",""status"":""mapped"",""transformation"":""resolve_optional_user_reference"",""nullHandling"":""normalize_empty_to_null_or_quarantine_when_required"",""referenceRole"":""foreign_key"",""sensitivity"":""none"",""reason"":""Comportamento legado e contrato atual comprovam este mapeamento de coluna.""},{""sourceColumn"":""realizado"",""destinationColumn"":null,""status"":""not_preserved"",""transformation"":""discard_without_persisting_value"",""nullHandling"":""not_applicable"",""referenceRole"":""none"",""sensitivity"":""none"",""reason"":""O indicador realizado é redundante com o status e as datas preservadas da Task atual.""},{""sourceColumn"":""data_previsao"",""destinationColumn"":""prevision_date"",""status"":""mapped"",""transformation"":""normalize_date"",""nullHandling"":""normalize_empty_to_null_or_quarantine_when_required"",""referenceRole"":""none"",""sensitivity"":""none"",""reason"":""Comportamento legado e contrato atual comprovam este mapeamento de coluna.""},{""sourceColumn"":""data_resolucao"",""destinationColumn"":""end_date"",""status"":""mapped"",""transformation"":""normalize_date"",""nullHandling"":""normalize_empty_to_null_or_quarantine_when_required"",""referenceRole"":""none"",""sensitivity"":""none"",""reason"":""Comportamento legado e contrato atual comprovam este mapeamento de coluna.""},{""sourceColumn"":""obs"",""destinationColumn"":""observations"",""status"":""mapped"",""transformation"":""normalize_text"",""nullHandling"":""normalize_empty_to_null_or_quarantine_when_required"",""referenceRole"":""none"",""sensitivity"":""none"",""reason"":""Comportamento legado e contrato atual comprovam este mapeamento de coluna.""},{""sourceColumn"":""ano"",""destinationColumn"":null,""status"":""not_preserved"",""transformation"":""discard_without_persisting_value"",""nullHandling"":""not_applicable"",""referenceRole"":""none"",""sensitivity"":""none"",""reason"":""O ano isolado é derivável das datas preservadas e não possui campo autônomo na Task atual.""},{""sourceColumn"":""cobranca"",""destinationColumn"":""billing"",""status"":""mapped"",""transformation"":""normalize_text"",""nullHandling"":""normalize_empty_to_null_or_quarantine_when_required"",""referenceRole"":""none"",""sensitivity"":""none"",""reason"":""Comportamento legado e contrato atual comprovam este mapeamento de coluna.""},{""sourceColumn"":""data_cadastro"",""destinationColumn"":""start_date"",""status"":""mapped"",""transformation"":""normalize_date"",""nullHandling"":""normalize_empty_to_null_or_quarantine_when_required"",""referenceRole"":""none"",""sensitivity"":""none"",""reason"":""Comportamento legado e contrato atual comprovam este mapeamento de coluna.""},{""sourceColumn"":""data_cadastro"",""destinationColumn"":""date_created"",""status"":""mapped"",""transformation"":""normalize_date"",""nullHandling"":""normalize_empty_to_null_or_quarantine_when_required"",""referenceRole"":""none"",""sensitivity"":""none"",""reason"":""Comportamento legado e contrato atual comprovam este mapeamento de coluna.""},{""sourceColumn"":""data_update"",""destinationColumn"":""date_updated"",""status"":""mapped"",""transformation"":""normalize_date"",""nullHandling"":""normalize_empty_to_null_or_quarantine_when_required"",""referenceRole"":""none"",""sensitivity"":""none"",""reason"":""Comportamento legado e contrato atual comprovam este mapeamento de coluna.""},{""sourceColumn"":""urgencia"",""destinationColumn"":""urgency"",""status"":""mapped"",""transformation"":""normalize_text"",""nullHandling"":""normalize_empty_to_null_or_quarantine_when_required"",""referenceRole"":""none"",""sensitivity"":""personal"",""reason"":""Comportamento legado e contrato atual comprovam este mapeamento de coluna.""},{""sourceColumn"":""reuniao"",""destinationColumn"":""meeting"",""status"":""mapped"",""transformation"":""normalize_text"",""nullHandling"":""normalize_empty_to_null_or_quarantine_when_required"",""referenceRole"":""none"",""sensitivity"":""none"",""reason"":""Comportamento legado e contrato atual comprovam este mapeamento de coluna.""}]","{""organization_id"":""e8048d1c-0830-45d7-84de-68e20abd685b""}","{""billing"":""0"",""urgency"":""0""}","{""declared"":false,""mode"":""unknown"",""requirements"":[]}","{""kind"":""runtime_classifier"",""decisionSource"":""runtime_classifier"",""conditions"":null,""decisionRequiredPerSourceRow"":true,""omissionPolicy"":""error"",""runtimeClassifierRequired"":true}","{""ruleOrigin"":""v2:tb_integracao.tarefas"",""stepId"":""task-insert"",""classifyRef"":""v2:tb_integracao.tarefas#classifySourceRow"",""emitRef"":""v2:tb_integracao.tarefas#emitRows""}","{""required"":true,""classifyDigest"":""262b4c2892248ac4a4c0a919d6fc2dddd845a9d489af49ad3a986bc81caf7296"",""emitDigest"":""dc76cd0aba4ae6e5fab617d7e9236325cf6ee0e0f8dde0df36f781a84d1f349a""}",9572d006e9d4d13b19538664722850789c26087f11ee51a16e2dea0f5378c8ca,25429,0,0,0,25429,preflight_blocked,false
tb_integracao.tarefas,task-model-derived,integracao.tasksModel,derived,generate,"{""kind"":""generate"",""legacyColumn"":""id"",""scope"":""tb_integracao.tarefas:derived-model"",""namespace"":""3f68d246-0b54-4a10-9415-a8845a767fb5""}",1:N,v2:tb_integracao.tarefas,tb_admin.departamentos|tb_admin.usuarios,derive_when_lookup_zero,"[{""sourceColumn"":""id"",""destinationColumn"":""id"",""status"":""mapped"",""transformation"":""uuid_v5_derived_task_model"",""nullHandling"":""normalize_empty_to_null_or_quarantine_when_required"",""referenceRole"":""identity"",""sensitivity"":""none"",""reason"":""Comportamento legado e contrato atual comprovam este mapeamento de coluna.""},{""sourceColumn"":""nome"",""destinationColumn"":""name"",""status"":""mapped"",""transformation"":""normalize_required_text"",""nullHandling"":""normalize_empty_to_null_or_quarantine_when_required"",""referenceRole"":""none"",""sensitivity"":""none"",""reason"":""Comportamento legado e contrato atual comprovam este mapeamento de coluna.""},{""sourceColumn"":""departamento_id"",""destinationColumn"":""department_id"",""status"":""mapped"",""transformation"":""resolve_department_reference"",""nullHandling"":""normalize_empty_to_null_or_quarantine_when_required"",""referenceRole"":""foreign_key"",""sensitivity"":""none"",""reason"":""Comportamento legado e contrato atual comprovam este mapeamento de coluna.""},{""sourceColumn"":""responsavel_id"",""destinationColumn"":""responsible_id"",""status"":""mapped"",""transformation"":""resolve_user_reference"",""nullHandling"":""normalize_empty_to_null_or_quarantine_when_required"",""referenceRole"":""foreign_key"",""sensitivity"":""none"",""reason"":""Comportamento legado e contrato atual comprovam este mapeamento de coluna.""},{""sourceColumn"":""responsavel_id_dois"",""destinationColumn"":""responsible2_id"",""status"":""mapped"",""transformation"":""resolve_optional_user_reference"",""nullHandling"":""normalize_empty_to_null_or_quarantine_when_required"",""referenceRole"":""foreign_key"",""sensitivity"":""none"",""reason"":""Comportamento legado e contrato atual comprovam este mapeamento de coluna.""},{""sourceColumn"":""responsavel_id_tres"",""destinationColumn"":""responsible3_id"",""status"":""mapped"",""transformation"":""resolve_optional_user_reference"",""nullHandling"":""normalize_empty_to_null_or_quarantine_when_required"",""referenceRole"":""foreign_key"",""sensitivity"":""none"",""reason"":""Comportamento legado e contrato atual comprovam este mapeamento de coluna.""},{""sourceColumn"":""obs"",""destinationColumn"":""observations"",""status"":""mapped"",""transformation"":""normalize_text"",""nullHandling"":""normalize_empty_to_null_or_quarantine_when_required"",""referenceRole"":""none"",""sensitivity"":""none"",""reason"":""Comportamento legado e contrato atual comprovam este mapeamento de coluna.""},{""sourceColumn"":""cobranca"",""destinationColumn"":""billing"",""status"":""mapped"",""transformation"":""normalize_text"",""nullHandling"":""normalize_empty_to_null_or_quarantine_when_required"",""referenceRole"":""none"",""sensitivity"":""none"",""reason"":""Comportamento legado e contrato atual comprovam este mapeamento de coluna.""}]","{""organization_id"":""e8048d1c-0830-45d7-84de-68e20abd685b"",""type"":""legacy-ad-hoc""}","{""billing"":""0"",""prevision"":0}","{""declared"":false,""mode"":""unknown"",""requirements"":[]}","{""kind"":""runtime_classifier"",""decisionSource"":""runtime_classifier"",""conditions"":null,""decisionRequiredPerSourceRow"":true,""omissionPolicy"":""error"",""runtimeClassifierRequired"":true}","{""ruleOrigin"":""v2:tb_integracao.tarefas"",""stepId"":""task-model-derived"",""classifyRef"":""v2:tb_integracao.tarefas#classifySourceRow"",""emitRef"":""v2:tb_integracao.tarefas#emitRows""}","{""required"":true,""classifyDigest"":""262b4c2892248ac4a4c0a919d6fc2dddd845a9d489af49ad3a986bc81caf7296"",""emitDigest"":""dc76cd0aba4ae6e5fab617d7e9236325cf6ee0e0f8dde0df36f781a84d1f349a""}",cf3af79058571f2b4c9823cb1601d4bf9e29fcd73d291fec822a57d12cb82a0a,25429,0,0,0,25429,preflight_blocked,false
tb_integracao.tarefas,task-model-lookup,integracao.tasksModel,lookup,lookup,"{""kind"":""lookup"",""criteria"":[{""sourceColumn"":""nome"",""destinationColumn"":""name""},{""sourceColumn"":""departamento_id"",""destinationColumn"":""department_id""}],""onZero"":""null"",""onMany"":""quarantine""}",1:N,v2:tb_integracao.tarefas,tb_integracao.tarefas_express,name_and_department_lookup,"[{""sourceColumn"":""nome"",""destinationColumn"":""name"",""status"":""mapped"",""transformation"":""normalize_lookup_text"",""nullHandling"":""normalize_empty_to_null_or_quarantine_when_required"",""referenceRole"":""none"",""sensitivity"":""none"",""reason"":""Comportamento legado e contrato atual comprovam este mapeamento de coluna.""},{""sourceColumn"":""departamento_id"",""destinationColumn"":""department_id"",""status"":""mapped"",""transformation"":""resolve_department_reference"",""nullHandling"":""normalize_empty_to_null_or_quarantine_when_required"",""referenceRole"":""foreign_key"",""sensitivity"":""none"",""reason"":""Comportamento legado e contrato atual comprovam este mapeamento de coluna.""}]",{},{},"{""declared"":false,""mode"":""unknown"",""requirements"":[]}","{""kind"":""runtime_classifier"",""decisionSource"":""runtime_classifier"",""conditions"":null,""decisionRequiredPerSourceRow"":true,""omissionPolicy"":""error"",""runtimeClassifierRequired"":true}","{""ruleOrigin"":""v2:tb_integracao.tarefas"",""stepId"":""task-model-lookup"",""classifyRef"":""v2:tb_integracao.tarefas#classifySourceRow"",""emitRef"":""v2:tb_integracao.tarefas#emitRows""}","{""required"":true,""classifyDigest"":""262b4c2892248ac4a4c0a919d6fc2dddd845a9d489af49ad3a986bc81caf7296"",""emitDigest"":""dc76cd0aba4ae6e5fab617d7e9236325cf6ee0e0f8dde0df36f781a84d1f349a""}",1435ac66c8e10cbe71cacc22ecd6c897b79125157f05f0c860840d3380f12cab,25429,0,0,0,25429,preflight_blocked,false
tb_integracao.tarefas,task-project-derived,integracao.projects,derived,generate,"{""kind"":""generate"",""legacyColumn"":""id"",""scope"":""tb_integracao.tarefas:derived-project"",""namespace"":""3f68d246-0b54-4a10-9415-a8845a767fb5""}",1:N,v2:tb_integracao.tarefas,tb_integracao.clientes,derive_when_lookup_zero|preserve_client_id,"[{""sourceColumn"":""id"",""destinationColumn"":""id"",""status"":""mapped"",""transformation"":""uuid_v5_derived_project"",""nullHandling"":""normalize_empty_to_null_or_quarantine_when_required"",""referenceRole"":""identity"",""sensitivity"":""none"",""reason"":""Comportamento legado e contrato atual comprovam este mapeamento de coluna.""},{""sourceColumn"":""nome"",""destinationColumn"":""name"",""status"":""mapped"",""transformation"":""derive_technical_project_name"",""nullHandling"":""normalize_empty_to_null_or_quarantine_when_required"",""referenceRole"":""none"",""sensitivity"":""none"",""reason"":""Comportamento legado e contrato atual comprovam este mapeamento de coluna.""},{""sourceColumn"":""cliente_id"",""destinationColumn"":""client_id"",""status"":""mapped"",""transformation"":""resolve_client_reference"",""nullHandling"":""normalize_empty_to_null_or_quarantine_when_required"",""referenceRole"":""foreign_key"",""sensitivity"":""none"",""reason"":""Comportamento legado e contrato atual comprovam este mapeamento de coluna.""},{""sourceColumn"":""estado"",""destinationColumn"":""status"",""status"":""mapped"",""transformation"":""normalize_status"",""nullHandling"":""normalize_empty_to_null_or_quarantine_when_required"",""referenceRole"":""none"",""sensitivity"":""none"",""reason"":""Comportamento legado e contrato atual comprovam este mapeamento de coluna.""}]","{""organization_id"":""e8048d1c-0830-45d7-84de-68e20abd685b""}","{""status"":""Migrado"",""porcentage"":0}","{""declared"":false,""mode"":""unknown"",""requirements"":[]}","{""kind"":""runtime_classifier"",""decisionSource"":""runtime_classifier"",""conditions"":null,""decisionRequiredPerSourceRow"":true,""omissionPolicy"":""error"",""runtimeClassifierRequired"":true}","{""ruleOrigin"":""v2:tb_integracao.tarefas"",""stepId"":""task-project-derived"",""classifyRef"":""v2:tb_integracao.tarefas#classifySourceRow"",""emitRef"":""v2:tb_integracao.tarefas#emitRows""}","{""required"":true,""classifyDigest"":""262b4c2892248ac4a4c0a919d6fc2dddd845a9d489af49ad3a986bc81caf7296"",""emitDigest"":""dc76cd0aba4ae6e5fab617d7e9236325cf6ee0e0f8dde0df36f781a84d1f349a""}",c64cf42fba11d2055f8df7cdfdcb6820697334efab5b0bf5f263c074212ad105,25429,0,0,0,25429,preflight_blocked,false
tb_integracao.tarefas,task-project-lookup,integracao.projects,lookup,lookup,"{""kind"":""lookup"",""criteria"":[{""sourceColumn"":""cliente_id"",""destinationColumn"":""client_id""}],""onZero"":""null"",""onMany"":""quarantine""}",1:N,v2:tb_integracao.tarefas,tb_integracao.prospeccao_comercial|tb_integracao.clientes,explicit_client_id|single_project_for_client,"[{""sourceColumn"":""cliente_id"",""destinationColumn"":""client_id"",""status"":""mapped"",""transformation"":""resolve_client_reference"",""nullHandling"":""normalize_empty_to_null_or_quarantine_when_required"",""referenceRole"":""foreign_key"",""sensitivity"":""none"",""reason"":""Comportamento legado e contrato atual comprovam este mapeamento de coluna.""}]",{},{},"{""declared"":false,""mode"":""unknown"",""requirements"":[]}","{""kind"":""runtime_classifier"",""decisionSource"":""runtime_classifier"",""conditions"":null,""decisionRequiredPerSourceRow"":true,""omissionPolicy"":""error"",""runtimeClassifierRequired"":true}","{""ruleOrigin"":""v2:tb_integracao.tarefas"",""stepId"":""task-project-lookup"",""classifyRef"":""v2:tb_integracao.tarefas#classifySourceRow"",""emitRef"":""v2:tb_integracao.tarefas#emitRows""}","{""required"":true,""classifyDigest"":""262b4c2892248ac4a4c0a919d6fc2dddd845a9d489af49ad3a986bc81caf7296"",""emitDigest"":""dc76cd0aba4ae6e5fab617d7e9236325cf6ee0e0f8dde0df36f781a84d1f349a""}",473aed69719b24ed19630765ae1e7e86be14bbb5ac7f34559d2feefb0ae2d785,25429,0,0,0,25429,preflight_blocked,false
tb_integracao.tarefas_dependentes,task-dependent-insert,integracao.tasksDependent,insert,generate,"{""kind"":""generate"",""legacyColumn"":""id"",""scope"":""tb_integracao.tarefas_dependentes"",""namespace"":""3f68d246-0b54-4a10-9415-a8845a767fb5""}",1:1,integracao-regularize:tb_integracao.tarefas_dependentes,tb_integracao.tarefas_express,source,"[{""sourceColumn"":""id"",""destinationColumn"":""id"",""status"":""mapped"",""transformation"":""uuid_v5_from_full_source_table_and_legacy_id"",""nullHandling"":""normalize_or_apply_declared_default"",""referenceRole"":""value"",""sensitivity"":""none"",""reason"":""A evidência legada e o contrato atual comprovam esta transformação sem alterar a semântica.""},{""sourceColumn"":""tarefa_express_id"",""destinationColumn"":""task_id"",""status"":""mapped"",""transformation"":""resolve_explicit_task_model_reference"",""nullHandling"":""normalize_or_apply_declared_default"",""referenceRole"":""foreign_key"",""sensitivity"":""none"",""reason"":""A chave é resolvida pelo vínculo legado explícito; zero ou múltiplos candidatos geram quarantine.""},{""sourceColumn"":""dependente_id"",""destinationColumn"":""dependent_id"",""status"":""mapped"",""transformation"":""resolve_explicit_task_model_reference"",""nullHandling"":""normalize_or_apply_declared_default"",""referenceRole"":""foreign_key"",""sensitivity"":""none"",""reason"":""A chave é resolvida pelo vínculo legado explícito; zero ou múltiplos candidatos geram quarantine.""},{""sourceColumn"":""obs"",""destinationColumn"":""observation"",""status"":""mapped"",""transformation"":""normalize_text"",""nullHandling"":""normalize_or_apply_declared_default"",""referenceRole"":""value"",""sensitivity"":""none"",""reason"":""A evidência legada e o contrato atual comprovam esta transformação sem alterar a semântica.""},{""sourceColumn"":""espera"",""destinationColumn"":""wait"",""status"":""mapped"",""transformation"":""normalize_boolean"",""nullHandling"":""normalize_or_apply_declared_default"",""referenceRole"":""value"",""sensitivity"":""none"",""reason"":""A evidência legada e o contrato atual comprovam esta transformação sem alterar a semântica.""}]","{""organization_id"":""e8048d1c-0830-45d7-84de-68e20abd685b""}","{""observation"":"""",""wait"":false}","{""declared"":false,""mode"":""unknown"",""requirements"":[]}","{""kind"":""runtime_classifier"",""decisionSource"":""runtime_classifier"",""conditions"":null,""decisionRequiredPerSourceRow"":true,""omissionPolicy"":""error"",""runtimeClassifierRequired"":true}","{""ruleOrigin"":""integracao-regularize:tb_integracao.tarefas_dependentes"",""stepId"":""task-dependent-insert"",""classifyRef"":""integracao-regularize:tb_integracao.tarefas_dependentes#classifySourceRow"",""emitRef"":""integracao-regularize:tb_integracao.tarefas_dependentes#emitRows""}","{""required"":true,""classifyDigest"":""844bd475b2522994297f0be9b1701f6ad8d18d243a163672ac62c3e5f5cacdea"",""emitDigest"":""0d1293a9fc53ad46b0b44007a2222cf2c543ff683491674b3090d6353942138a""}",9e9018b937d3c9e57a8705203f6c2e4895812bb6acfa32179b390057008b1b10,26,0,0,0,26,preflight_blocked,false
tb_integracao.tarefas_express,task-model-insert,integracao.tasksModel,insert,generate,"{""kind"":""generate"",""legacyColumn"":""id"",""scope"":""tb_integracao.tarefas_express"",""namespace"":""3f68d246-0b54-4a10-9415-a8845a767fb5""}",1:1,v2:tb_integracao.tarefas_express,tb_admin.departamentos|tb_admin.usuarios,source|defaults,"[{""sourceColumn"":""id"",""destinationColumn"":""id"",""status"":""mapped"",""transformation"":""uuid_v5"",""nullHandling"":""normalize_empty_to_null_or_quarantine_when_required"",""referenceRole"":""identity"",""sensitivity"":""none"",""reason"":""Comportamento legado e contrato atual comprovam este mapeamento de coluna.""},{""sourceColumn"":""nome"",""destinationColumn"":""name"",""status"":""mapped"",""transformation"":""normalize_text"",""nullHandling"":""normalize_empty_to_null_or_quarantine_when_required"",""referenceRole"":""none"",""sensitivity"":""none"",""reason"":""Comportamento legado e contrato atual comprovam este mapeamento de coluna.""},{""sourceColumn"":""departamento_id"",""destinationColumn"":""department_id"",""status"":""mapped"",""transformation"":""resolve_department_reference"",""nullHandling"":""normalize_empty_to_null_or_quarantine_when_required"",""referenceRole"":""foreign_key"",""sensitivity"":""none"",""reason"":""Comportamento legado e contrato atual comprovam este mapeamento de coluna.""},{""sourceColumn"":""responsavel_id"",""destinationColumn"":""responsible_id"",""status"":""mapped"",""transformation"":""resolve_user_reference"",""nullHandling"":""normalize_empty_to_null_or_quarantine_when_required"",""referenceRole"":""foreign_key"",""sensitivity"":""none"",""reason"":""Comportamento legado e contrato atual comprovam este mapeamento de coluna.""},{""sourceColumn"":""responsavel_id_dois"",""destinationColumn"":""responsible2_id"",""status"":""mapped"",""transformation"":""resolve_optional_user_reference"",""nullHandling"":""normalize_empty_to_null_or_quarantine_when_required"",""referenceRole"":""foreign_key"",""sensitivity"":""none"",""reason"":""Comportamento legado e contrato atual comprovam este mapeamento de coluna.""},{""sourceColumn"":""responsavel_id_tres"",""destinationColumn"":""responsible3_id"",""status"":""mapped"",""transformation"":""resolve_optional_user_reference"",""nullHandling"":""normalize_empty_to_null_or_quarantine_when_required"",""referenceRole"":""foreign_key"",""sensitivity"":""none"",""reason"":""Comportamento legado e contrato atual comprovam este mapeamento de coluna.""},{""sourceColumn"":""estado"",""destinationColumn"":null,""status"":""not_preserved"",""transformation"":""discard_without_persisting_value"",""nullHandling"":""not_applicable"",""referenceRole"":""none"",""sensitivity"":""none"",""reason"":""Estado é atributo de instância Task e não pertence ao contrato reutilizável TaskModel.""},{""sourceColumn"":""obs"",""destinationColumn"":""observations"",""status"":""mapped"",""transformation"":""normalize_text"",""nullHandling"":""normalize_empty_to_null_or_quarantine_when_required"",""referenceRole"":""none"",""sensitivity"":""none"",""reason"":""Comportamento legado e contrato atual comprovam este mapeamento de coluna.""},{""sourceColumn"":""cobranca"",""destinationColumn"":""billing"",""status"":""mapped"",""transformation"":""normalize_text"",""nullHandling"":""normalize_empty_to_null_or_quarantine_when_required"",""referenceRole"":""none"",""sensitivity"":""none"",""reason"":""Comportamento legado e contrato atual comprovam este mapeamento de coluna.""},{""sourceColumn"":""previsao"",""destinationColumn"":""prevision"",""status"":""mapped"",""transformation"":""normalize_integer"",""nullHandling"":""normalize_empty_to_null_or_quarantine_when_required"",""referenceRole"":""none"",""sensitivity"":""none"",""reason"":""Comportamento legado e contrato atual comprovam este mapeamento de coluna.""}]","{""organization_id"":""e8048d1c-0830-45d7-84de-68e20abd685b"",""type"":""legacy-express""}","{""billing"":""0"",""prevision"":0}","{""declared"":false,""mode"":""unknown"",""requirements"":[]}","{""kind"":""runtime_classifier"",""decisionSource"":""runtime_classifier"",""conditions"":null,""decisionRequiredPerSourceRow"":true,""omissionPolicy"":""error"",""runtimeClassifierRequired"":true}","{""ruleOrigin"":""v2:tb_integracao.tarefas_express"",""stepId"":""task-model-insert"",""classifyRef"":""v2:tb_integracao.tarefas_express#classifySourceRow"",""emitRef"":""v2:tb_integracao.tarefas_express#emitRows""}","{""required"":true,""classifyDigest"":""3600dc5cea77f8cd2d181405a6a0332bc5c5ab9fd9c09508cf06d68cd61be240"",""emitDigest"":""b0683094f6cfca02f49cf4faa1ace95aeb65e464a65bbc0f1de6f55554aa1a2a""}",f5098989f6c7da23a04c4a799ddeda9ec03b4c0d20667d450d4177ade806f99c,386,0,0,0,386,preflight_blocked,false
tb_integracao.tarefas_express_distrato,termination-task-model-insert,integracao.tasksModel,insert,generate,"{""kind"":""generate"",""legacyColumn"":""id"",""scope"":""tb_integracao.tarefas_express_distrato"",""namespace"":""3f68d246-0b54-4a10-9415-a8845a767fb5""}",1:1,integracao-regularize:tb_integracao.tarefas_express_distrato,tb_admin.departamentos|tb_admin.usuarios,source,"[{""sourceColumn"":""id"",""destinationColumn"":""id"",""status"":""mapped"",""transformation"":""uuid_v5_from_full_source_table_and_legacy_id"",""nullHandling"":""normalize_or_apply_declared_default"",""referenceRole"":""value"",""sensitivity"":""none"",""reason"":""A evidência legada e o contrato atual comprovam esta transformação sem alterar a semântica.""},{""sourceColumn"":""nome"",""destinationColumn"":""name"",""status"":""mapped"",""transformation"":""normalize_required_text"",""nullHandling"":""normalize_or_apply_declared_default"",""referenceRole"":""value"",""sensitivity"":""none"",""reason"":""A evidência legada e o contrato atual comprovam esta transformação sem alterar a semântica.""},{""sourceColumn"":""departamento_id"",""destinationColumn"":""department_id"",""status"":""mapped"",""transformation"":""resolve_explicit_department_reference"",""nullHandling"":""normalize_or_apply_declared_default"",""referenceRole"":""foreign_key"",""sensitivity"":""none"",""reason"":""A chave é resolvida pelo vínculo legado explícito; zero ou múltiplos candidatos geram quarantine.""},{""sourceColumn"":""responsavel_id"",""destinationColumn"":""responsible_id"",""status"":""mapped"",""transformation"":""resolve_explicit_user_reference"",""nullHandling"":""normalize_or_apply_declared_default"",""referenceRole"":""foreign_key"",""sensitivity"":""none"",""reason"":""A chave é resolvida pelo vínculo legado explícito; zero ou múltiplos candidatos geram quarantine.""},{""sourceColumn"":""responsavel_id_dois"",""destinationColumn"":""responsible2_id"",""status"":""mapped"",""transformation"":""resolve_optional_user_reference"",""nullHandling"":""normalize_or_apply_declared_default"",""referenceRole"":""foreign_key"",""sensitivity"":""none"",""reason"":""A chave é resolvida pelo vínculo legado explícito; zero ou múltiplos candidatos geram quarantine.""},{""sourceColumn"":""responsavel_id_tres"",""destinationColumn"":""responsible3_id"",""status"":""mapped"",""transformation"":""resolve_optional_user_reference"",""nullHandling"":""normalize_or_apply_declared_default"",""referenceRole"":""foreign_key"",""sensitivity"":""none"",""reason"":""A chave é resolvida pelo vínculo legado explícito; zero ou múltiplos candidatos geram quarantine.""},{""sourceColumn"":""estado"",""destinationColumn"":null,""status"":""not_preserved"",""transformation"":""not_preserved"",""nullHandling"":""not_applicable"",""referenceRole"":""none"",""sensitivity"":""none"",""reason"":""Estado pertence à ocorrência Task e não ao modelo reutilizável atual.""},{""sourceColumn"":""realizado"",""destinationColumn"":null,""status"":""not_preserved"",""transformation"":""not_preserved"",""nullHandling"":""not_applicable"",""referenceRole"":""none"",""sensitivity"":""none"",""reason"":""O indicador pertence à execução e não ao contrato reutilizável de TaskModel.""},{""sourceColumn"":""obs"",""destinationColumn"":""observations"",""status"":""mapped"",""transformation"":""normalize_text"",""nullHandling"":""normalize_or_apply_declared_default"",""referenceRole"":""value"",""sensitivity"":""personal"",""reason"":""A evidência legada e o contrato atual comprovam esta transformação sem alterar a semântica.""},{""sourceColumn"":""ano"",""destinationColumn"":null,""status"":""not_preserved"",""transformation"":""not_preserved"",""nullHandling"":""not_applicable"",""referenceRole"":""none"",""sensitivity"":""none"",""reason"":""O ano legado não possui semântica de previsão no TaskModel atual.""},{""sourceColumn"":""cobranca"",""destinationColumn"":""billing"",""status"":""mapped"",""transformation"":""normalize_task_billing"",""nullHandling"":""normalize_or_apply_declared_default"",""referenceRole"":""value"",""sensitivity"":""none"",""reason"":""A evidência legada e o contrato atual comprovam esta transformação sem alterar a semântica.""}]","{""organization_id"":""e8048d1c-0830-45d7-84de-68e20abd685b"",""type"":""legacy-termination""}","{""billing"":""0"",""prevision"":0}","{""declared"":false,""mode"":""unknown"",""requirements"":[]}","{""kind"":""runtime_classifier"",""decisionSource"":""runtime_classifier"",""conditions"":null,""decisionRequiredPerSourceRow"":true,""omissionPolicy"":""error"",""runtimeClassifierRequired"":true}","{""ruleOrigin"":""integracao-regularize:tb_integracao.tarefas_express_distrato"",""stepId"":""termination-task-model-insert"",""classifyRef"":""integracao-regularize:tb_integracao.tarefas_express_distrato#classifySourceRow"",""emitRef"":""integracao-regularize:tb_integracao.tarefas_express_distrato#emitRows""}","{""required"":true,""classifyDigest"":""885cbb83f26095d8ac73f899e8472ee06f37844507f03a8db1d866ff70ebee4f"",""emitDigest"":""0d1293a9fc53ad46b0b44007a2222cf2c543ff683491674b3090d6353942138a""}",921252d37f2c039ec8d7f1882b0b0cdd20d730c7e5bf1c347b3dedb381389dfd,0,0,0,0,0,preflight_blocked,false
tb_integracao.tarefas_planos,project-plan-task-insert,integracao.projectPlanTasks,insert,generate,"{""kind"":""generate"",""legacyColumn"":""id"",""scope"":""tb_integracao.tarefas_planos"",""namespace"":""3f68d246-0b54-4a10-9415-a8845a767fb5""}",1:1,v2:tb_integracao.tarefas_planos,tb_integracao.planos|tb_integracao.tarefas_express,source|defaults,"[{""sourceColumn"":""id"",""destinationColumn"":""id"",""status"":""mapped"",""transformation"":""uuid_v5"",""nullHandling"":""normalize_empty_to_null_or_quarantine_when_required"",""referenceRole"":""identity"",""sensitivity"":""none"",""reason"":""Comportamento legado e contrato atual comprovam este mapeamento de coluna.""},{""sourceColumn"":""tarefa_express_id"",""destinationColumn"":""task_id"",""status"":""mapped"",""transformation"":""resolve_task_model_reference"",""nullHandling"":""normalize_empty_to_null_or_quarantine_when_required"",""referenceRole"":""foreign_key"",""sensitivity"":""none"",""reason"":""Comportamento legado e contrato atual comprovam este mapeamento de coluna.""},{""sourceColumn"":""plano_id"",""destinationColumn"":""plan_id"",""status"":""mapped"",""transformation"":""resolve_project_plan_reference"",""nullHandling"":""normalize_empty_to_null_or_quarantine_when_required"",""referenceRole"":""foreign_key"",""sensitivity"":""none"",""reason"":""Comportamento legado e contrato atual comprovam este mapeamento de coluna.""},{""sourceColumn"":""ordem"",""destinationColumn"":""order"",""status"":""mapped"",""transformation"":""normalize_integer"",""nullHandling"":""normalize_empty_to_null_or_quarantine_when_required"",""referenceRole"":""none"",""sensitivity"":""none"",""reason"":""Comportamento legado e contrato atual comprovam este mapeamento de coluna.""}]","{""organization_id"":""e8048d1c-0830-45d7-84de-68e20abd685b""}","{""order"":0}","{""declared"":false,""mode"":""unknown"",""requirements"":[]}","{""kind"":""runtime_classifier"",""decisionSource"":""runtime_classifier"",""conditions"":null,""decisionRequiredPerSourceRow"":true,""omissionPolicy"":""error"",""runtimeClassifierRequired"":true}","{""ruleOrigin"":""v2:tb_integracao.tarefas_planos"",""stepId"":""project-plan-task-insert"",""classifyRef"":""v2:tb_integracao.tarefas_planos#classifySourceRow"",""emitRef"":""v2:tb_integracao.tarefas_planos#emitRows""}","{""required"":true,""classifyDigest"":""3600dc5cea77f8cd2d181405a6a0332bc5c5ab9fd9c09508cf06d68cd61be240"",""emitDigest"":""b0683094f6cfca02f49cf4faa1ace95aeb65e464a65bbc0f1de6f55554aa1a2a""}",532a6549d7ee5c55caaaf0e8231d611477638858f84e08abfbfc702d048e7d1e,47,0,0,0,47,preflight_blocked,false
tb_integracao.tarefas_regularize,task-regularize-link-insert,integracao.tasksIntegrationRegularize,insert,generate,"{""kind"":""generate"",""legacyColumn"":""id"",""scope"":""tb_integracao.tarefas_regularize"",""namespace"":""3f68d246-0b54-4a10-9415-a8845a767fb5""}",1:1,integracao-regularize:tb_integracao.tarefas_regularize,tb_integracao.tarefas_express,source,"[{""sourceColumn"":""id"",""destinationColumn"":""id"",""status"":""mapped"",""transformation"":""uuid_v5_from_full_source_table_and_legacy_id"",""nullHandling"":""normalize_or_apply_declared_default"",""referenceRole"":""value"",""sensitivity"":""none"",""reason"":""A evidência legada e o contrato atual comprovam esta transformação sem alterar a semântica.""},{""sourceColumn"":""tarefa"",""destinationColumn"":""task_model_id"",""status"":""mapped"",""transformation"":""resolve_explicit_task_model_reference"",""nullHandling"":""normalize_or_apply_declared_default"",""referenceRole"":""foreign_key"",""sensitivity"":""none"",""reason"":""A chave é resolvida pelo vínculo legado explícito; zero ou múltiplos candidatos geram quarantine.""},{""sourceColumn"":""vinculo"",""destinationColumn"":""referring"",""status"":""mapped"",""transformation"":""normalize_required_text"",""nullHandling"":""normalize_or_apply_declared_default"",""referenceRole"":""value"",""sensitivity"":""none"",""reason"":""A evidência legada e o contrato atual comprovam esta transformação sem alterar a semântica.""},{""sourceColumn"":null,""destinationColumn"":""referring_type"",""status"":""mapped"",""transformation"":""resolve_legacy_regularize_referring_type_lookup"",""nullHandling"":""normalize_or_apply_declared_default"",""referenceRole"":""value"",""sensitivity"":""none"",""reason"":""A evidência legada e o contrato atual comprovam esta transformação sem alterar a semântica.""}]","{""organization_id"":""e8048d1c-0830-45d7-84de-68e20abd685b""}",{},"{""declared"":false,""mode"":""unknown"",""requirements"":[]}","{""kind"":""runtime_classifier"",""decisionSource"":""runtime_classifier"",""conditions"":null,""decisionRequiredPerSourceRow"":true,""omissionPolicy"":""error"",""runtimeClassifierRequired"":true}","{""ruleOrigin"":""integracao-regularize:tb_integracao.tarefas_regularize"",""stepId"":""task-regularize-link-insert"",""classifyRef"":""integracao-regularize:tb_integracao.tarefas_regularize#classifySourceRow"",""emitRef"":""integracao-regularize:tb_integracao.tarefas_regularize#emitRows""}","{""required"":true,""classifyDigest"":""0c751fbadb17ffcb6c267eae5b1b635ce1d26253f44586da64f67f1d22fd69dd"",""emitDigest"":""d3bd9e5b8117b7e575cadcda6f060920cca43a26fed883c1a17ad8d265483120""}",9dff9d6adbc991398fd3510343ebdd4a96cb84763be92192d620375f291f4017,13,0,0,0,13,preflight_blocked,false
tb_mkt.redes_sociais,mkt-client-social-merge,clients,merge,resolve,"{""kind"":""resolve"",""sourceTable"":""tb_regularize.clientes"",""sourceColumn"":""cliente_id"",""targetLegacyColumn"":""codigo""}",N:1,remaining:tb_mkt.redes_sociais,tb_regularize.clientes,explicit_legacy_link|source_row,"[{""sourceColumn"":""id"",""destinationColumn"":null,""status"":""not_preserved"",""transformation"":""not_emitted_no_equivalent_current_column"",""nullHandling"":""A coluna não produz valor de destino."",""referenceRole"":""none"",""sensitivity"":""none"",""reason"":""A linha complementa o Client explícito e não cria identidade independente.""},{""sourceColumn"":""cliente_id"",""destinationColumn"":""id"",""status"":""mapped"",""transformation"":""resolve_authoritative_v2_client_from_regularize_code"",""nullHandling"":""normalize_empty_to_null_or_quarantine_when_required"",""referenceRole"":""foreign_key"",""sensitivity"":""none"",""reason"":""A referência é resolvida exclusivamente pelo vínculo legado explícito.""},{""sourceColumn"":""instagram"",""destinationColumn"":""instagram"",""status"":""mapped"",""transformation"":""normalize_optional_instagram"",""nullHandling"":""normalize_empty_to_null_or_quarantine_when_required"",""referenceRole"":""none"",""sensitivity"":""personal"",""reason"":""A coluna instagram alimenta instagram conforme o contrato atual validado.""}]",{},{},"{""declared"":false,""mode"":""unknown"",""requirements"":[]}","{""kind"":""runtime_classifier"",""decisionSource"":""runtime_classifier"",""conditions"":null,""decisionRequiredPerSourceRow"":true,""omissionPolicy"":""error"",""runtimeClassifierRequired"":true}","{""ruleOrigin"":""remaining:tb_mkt.redes_sociais"",""stepId"":""mkt-client-social-merge"",""classifyRef"":""remaining:tb_mkt.redes_sociais#classifySourceRow"",""emitRef"":""remaining:tb_mkt.redes_sociais#emitRows""}","{""required"":true,""classifyDigest"":""2225383456419d6fa5ed43bd8a296f992e671b23fcc28941f2371fec7a622ac8"",""emitDigest"":""eba81454c362f26b8ea0ead57bfbb00e371e48091600f798b9f10d318f64f959""}",3d12dd0385b07457b2cd48b091017497635d345b7f460d789cdc8a9d87290e46,205,0,0,0,205,preflight_blocked,false
tb_mkt.senhas,mkt-password-insert,mtk.passwords,insert,generate,"{""kind"":""generate"",""legacyColumn"":""id"",""scope"":""tb_mkt.senhas"",""namespace"":""3f68d246-0b54-4a10-9415-a8845a767fb5""}",1:1,remaining:tb_mkt.senhas,,legacy_identity,"[{""sourceColumn"":""id"",""destinationColumn"":""id"",""status"":""mapped"",""transformation"":""uuid_v5_from_full_source_table_and_legacy_id"",""nullHandling"":""normalize_empty_to_null_or_quarantine_when_required"",""referenceRole"":""none"",""sensitivity"":""none"",""reason"":""A coluna id alimenta id conforme o contrato atual validado.""},{""sourceColumn"":""local"",""destinationColumn"":""local"",""status"":""mapped"",""transformation"":""normalize_required_text"",""nullHandling"":""normalize_empty_to_null_or_quarantine_when_required"",""referenceRole"":""none"",""sensitivity"":""none"",""reason"":""A coluna local alimenta local conforme o contrato atual validado.""},{""sourceColumn"":""user"",""destinationColumn"":""user"",""status"":""mapped"",""transformation"":""normalize_required_text"",""nullHandling"":""normalize_empty_to_null_or_quarantine_when_required"",""referenceRole"":""none"",""sensitivity"":""credential"",""reason"":""A coluna user alimenta user conforme o contrato atual validado.""},{""sourceColumn"":""password"",""destinationColumn"":""password"",""status"":""mapped"",""transformation"":""encrypt_credential"",""nullHandling"":""normalize_empty_to_null_or_quarantine_when_required"",""referenceRole"":""none"",""sensitivity"":""secret"",""reason"":""A coluna password alimenta password conforme o contrato atual validado.""},{""sourceColumn"":""obs"",""destinationColumn"":""notes"",""status"":""mapped"",""transformation"":""normalize_optional_text"",""nullHandling"":""normalize_empty_to_null_or_quarantine_when_required"",""referenceRole"":""none"",""sensitivity"":""personal"",""reason"":""A coluna obs alimenta notes conforme o contrato atual validado.""}]","{""organization_id"":""e8048d1c-0830-45d7-84de-68e20abd685b""}",{},"{""declared"":false,""mode"":""unknown"",""requirements"":[]}","{""kind"":""runtime_classifier"",""decisionSource"":""runtime_classifier"",""conditions"":null,""decisionRequiredPerSourceRow"":true,""omissionPolicy"":""error"",""runtimeClassifierRequired"":true}","{""ruleOrigin"":""remaining:tb_mkt.senhas"",""stepId"":""mkt-password-insert"",""classifyRef"":""remaining:tb_mkt.senhas#classifySourceRow"",""emitRef"":""remaining:tb_mkt.senhas#emitRows""}","{""required"":true,""classifyDigest"":""f67e0f50d1273ec60d54f7ea227de4138ab70b07ed13066466550a3b396f7ec9"",""emitDigest"":""eba81454c362f26b8ea0ead57bfbb00e371e48091600f798b9f10d318f64f959""}",150d86a6791823999f309c797f59d55115cba57c7bab47bf40b1eb1d346bde8c,54,0,0,0,54,preflight_blocked,false
tb_parcelamento.clientes,parcelamento-client-lookup,clients,lookup,lookup,"{""kind"":""lookup"",""criteria"":[{""sourceColumn"":""cpf_cnpj"",""destinationColumn"":""cpf_cnpj""},{""sourceColumn"":""nome"",""destinationColumn"":""name""}],""onZero"":""quarantine"",""onMany"":""quarantine""}",1:1,parcelamento:tb_parcelamento.clientes,,organization_id|normalized_document|normalized_name_cross_check,"[{""sourceColumn"":""id"",""destinationColumn"":null,""status"":""not_preserved"",""transformation"":""not_preserved"",""nullHandling"":""not_applicable"",""referenceRole"":""none"",""sensitivity"":""none"",""reason"":""O identificador inteiro é usado apenas como chave legada do lookup e não substitui o UUID de Client.""},{""sourceColumn"":""nome"",""destinationColumn"":""name"",""status"":""mapped"",""transformation"":""normalize_lookup_name"",""nullHandling"":""normalize_empty_to_null_or_quarantine_when_required"",""referenceRole"":""none"",""sensitivity"":""personal"",""reason"":""A coluna legada nome alimenta name pelo contrato atual comprovado.""},{""sourceColumn"":""razao_social"",""destinationColumn"":""company_name"",""status"":""mapped"",""transformation"":""normalize_lookup_company_name"",""nullHandling"":""normalize_empty_to_null_or_quarantine_when_required"",""referenceRole"":""none"",""sensitivity"":""personal"",""reason"":""A coluna legada razao_social alimenta company_name pelo contrato atual comprovado.""},{""sourceColumn"":""nome_fantasia"",""destinationColumn"":""fantasy_name"",""status"":""mapped"",""transformation"":""normalize_lookup_fantasy_name"",""nullHandling"":""normalize_empty_to_null_or_quarantine_when_required"",""referenceRole"":""none"",""sensitivity"":""personal"",""reason"":""A coluna legada nome_fantasia alimenta fantasy_name pelo contrato atual comprovado.""},{""sourceColumn"":""cpf_cnpj"",""destinationColumn"":""cpf_cnpj"",""status"":""mapped"",""transformation"":""normalize_lookup_document"",""nullHandling"":""normalize_empty_to_null_or_quarantine_when_required"",""referenceRole"":""none"",""sensitivity"":""personal"",""reason"":""A coluna legada cpf_cnpj alimenta cpf_cnpj pelo contrato atual comprovado.""},{""sourceColumn"":""regime"",""destinationColumn"":""regime"",""status"":""mapped"",""transformation"":""normalize_lookup_regime"",""nullHandling"":""normalize_empty_to_null_or_quarantine_when_required"",""referenceRole"":""none"",""sensitivity"":""personal"",""reason"":""A coluna legada regime alimenta regime pelo contrato atual comprovado.""}]","{""organization_id"":""e8048d1c-0830-45d7-84de-68e20abd685b""}",{},"{""declared"":false,""mode"":""unknown"",""requirements"":[]}","{""kind"":""runtime_classifier"",""decisionSource"":""runtime_classifier"",""conditions"":null,""decisionRequiredPerSourceRow"":true,""omissionPolicy"":""error"",""runtimeClassifierRequired"":true}","{""ruleOrigin"":""parcelamento:tb_parcelamento.clientes"",""stepId"":""parcelamento-client-lookup"",""classifyRef"":""parcelamento:tb_parcelamento.clientes#classifySourceRow"",""emitRef"":""parcelamento:tb_parcelamento.clientes#emitRows""}","{""required"":true,""classifyDigest"":""02d600c8eeb9a5282dec9d6e38752bea8c338a6fc62aefdcc6164fd84bbb001e"",""emitDigest"":""5cf519817e5ebf8ba0b718d3f18457a69e1d44d382c1365d42e5b6e7d04f681a""}",6dc9bfe06ab0caed351f250289dc1ce4eeff01f0a6a3c38e5a92fad6381a8e55,13,0,0,0,13,preflight_blocked,false
tb_parcelamento.competencia,parcelamento-installment-competency-insert,parcelamento.installmentsCompetencies,insert,generate,"{""kind"":""generate"",""legacyColumn"":""id"",""scope"":""tb_parcelamento.competencia"",""namespace"":""3f68d246-0b54-4a10-9415-a8845a767fb5""}",1:1,parcelamento:tb_parcelamento.competencia,tb_parcelamento.parcelamentos,legacy_identity|organization_installment_competence_unique,"[{""sourceColumn"":""id"",""destinationColumn"":""id"",""status"":""mapped"",""transformation"":""uuid_v5_from_full_source_table_and_legacy_id"",""nullHandling"":""normalize_empty_to_null_or_quarantine_when_required"",""referenceRole"":""none"",""sensitivity"":""none"",""reason"":""A coluna legada id alimenta id pelo contrato atual comprovado.""},{""sourceColumn"":""id_parcelamento"",""destinationColumn"":""installment_id"",""status"":""mapped"",""transformation"":""resolve_installment_reference"",""nullHandling"":""resolve_unique_or_quarantine"",""referenceRole"":""foreign_key"",""sensitivity"":""none"",""reason"":""A coluna legada id_parcelamento alimenta installment_id pelo contrato atual comprovado.""},{""sourceColumn"":""data"",""destinationColumn"":""competence"",""status"":""mapped"",""transformation"":""normalize_year_month"",""nullHandling"":""normalize_empty_to_null_or_quarantine_when_required"",""referenceRole"":""none"",""sensitivity"":""none"",""reason"":""A coluna legada data alimenta competence pelo contrato atual comprovado.""},{""sourceColumn"":""pagas"",""destinationColumn"":""how_many_paid"",""status"":""mapped"",""transformation"":""normalize_non_negative_integer"",""nullHandling"":""normalize_empty_to_null_or_quarantine_when_required"",""referenceRole"":""none"",""sensitivity"":""none"",""reason"":""A coluna legada pagas alimenta how_many_paid pelo contrato atual comprovado.""},{""sourceColumn"":""vencida"",""destinationColumn"":""how_many_overdue"",""status"":""mapped"",""transformation"":""normalize_non_negative_integer"",""nullHandling"":""normalize_empty_to_null_or_quarantine_when_required"",""referenceRole"":""none"",""sensitivity"":""none"",""reason"":""A coluna legada vencida alimenta how_many_overdue pelo contrato atual comprovado.""},{""sourceColumn"":""download"",""destinationColumn"":""download"",""status"":""mapped"",""transformation"":""normalize_boolean_code"",""nullHandling"":""normalize_empty_to_null_or_quarantine_when_required"",""referenceRole"":""none"",""sensitivity"":""none"",""reason"":""A coluna legada download alimenta download pelo contrato atual comprovado.""},{""sourceColumn"":""download_obs"",""destinationColumn"":""download_notes"",""status"":""mapped"",""transformation"":""normalize_optional_text"",""nullHandling"":""normalize_empty_to_null_or_quarantine_when_required"",""referenceRole"":""none"",""sensitivity"":""none"",""reason"":""A coluna legada download_obs alimenta download_notes pelo contrato atual comprovado.""},{""sourceColumn"":""upload"",""destinationColumn"":""upload_file"",""status"":""mapped"",""transformation"":""normalize_nullable_boolean_code"",""nullHandling"":""normalize_empty_to_null_or_quarantine_when_required"",""referenceRole"":""none"",""sensitivity"":""none"",""reason"":""A coluna legada upload alimenta upload_file pelo contrato atual comprovado.""},{""sourceColumn"":""envio"",""destinationColumn"":""is_sent"",""status"":""mapped"",""transformation"":""normalize_nullable_boolean_code"",""nullHandling"":""normalize_empty_to_null_or_quarantine_when_required"",""referenceRole"":""none"",""sensitivity"":""none"",""reason"":""A coluna legada envio alimenta is_sent pelo contrato atual comprovado.""},{""sourceColumn"":""tipo_envio"",""destinationColumn"":""submission_type"",""status"":""mapped"",""transformation"":""map_submission_type_explicitly"",""nullHandling"":""normalize_empty_to_null_or_quarantine_when_required"",""referenceRole"":""none"",""sensitivity"":""none"",""reason"":""A coluna legada tipo_envio alimenta submission_type pelo contrato atual comprovado.""},{""sourceColumn"":""obs"",""destinationColumn"":""notes"",""status"":""mapped"",""transformation"":""normalize_optional_text"",""nullHandling"":""normalize_empty_to_null_or_quarantine_when_required"",""referenceRole"":""none"",""sensitivity"":""none"",""reason"":""A coluna legada obs alimenta notes pelo contrato atual comprovado.""},{""sourceColumn"":""recibo"",""destinationColumn"":null,""status"":""not_preserved"",""transformation"":""not_preserved"",""nullHandling"":""not_applicable"",""referenceRole"":""none"",""sensitivity"":""secret"",""reason"":""O contrato atual da competência não possui storage ou referência de recibo; arquivo presente exige quarentena por emissão.""},{""sourceColumn"":""parcela"",""destinationColumn"":""installment_amount"",""status"":""mapped"",""transformation"":""normalize_non_negative_number"",""nullHandling"":""normalize_empty_to_null_or_quarantine_when_required"",""referenceRole"":""none"",""sensitivity"":""none"",""reason"":""A coluna legada parcela alimenta installment_amount pelo contrato atual comprovado.""}]","{""organization_id"":""e8048d1c-0830-45d7-84de-68e20abd685b""}",{},"{""declared"":false,""mode"":""unknown"",""requirements"":[]}","{""kind"":""runtime_classifier"",""decisionSource"":""runtime_classifier"",""conditions"":null,""decisionRequiredPerSourceRow"":true,""omissionPolicy"":""error"",""runtimeClassifierRequired"":true}","{""ruleOrigin"":""parcelamento:tb_parcelamento.competencia"",""stepId"":""parcelamento-installment-competency-insert"",""classifyRef"":""parcelamento:tb_parcelamento.competencia#classifySourceRow"",""emitRef"":""parcelamento:tb_parcelamento.competencia#emitRows""}","{""required"":true,""classifyDigest"":""02d600c8eeb9a5282dec9d6e38752bea8c338a6fc62aefdcc6164fd84bbb001e"",""emitDigest"":""5cf519817e5ebf8ba0b718d3f18457a69e1d44d382c1365d42e5b6e7d04f681a""}",66edf4da90e1e6bf2262b9dbf3881c76491d7b455cc8a63fb5df34b3a4120af6,510,0,0,0,510,preflight_blocked,false
tb_parcelamento.parcelamentos,parcelamento-installment-insert,parcelamento.installments,insert,generate,"{""kind"":""generate"",""legacyColumn"":""id"",""scope"":""tb_parcelamento.parcelamentos"",""namespace"":""3f68d246-0b54-4a10-9415-a8845a767fb5""}",1:1,parcelamento:tb_parcelamento.parcelamentos,tb_parcelamento.clientes|tb_regularize.clientes,legacy_identity|agreement_number|fallback_operational_identity|documento_before_caminho,"[{""sourceColumn"":""id"",""destinationColumn"":""id"",""status"":""mapped"",""transformation"":""uuid_v5_from_full_source_table_and_legacy_id"",""nullHandling"":""normalize_empty_to_null_or_quarantine_when_required"",""referenceRole"":""none"",""sensitivity"":""none"",""reason"":""A coluna legada id alimenta id pelo contrato atual comprovado.""},{""sourceColumn"":""cliente_id"",""destinationColumn"":""client_id"",""status"":""mapped"",""transformation"":""resolve_client_by_externo"",""nullHandling"":""resolve_unique_or_quarantine"",""referenceRole"":""foreign_key"",""sensitivity"":""none"",""reason"":""A coluna legada cliente_id alimenta client_id pelo contrato atual comprovado.""},{""sourceColumn"":""natureza"",""destinationColumn"":""legal_nature"",""status"":""mapped"",""transformation"":""normalize_required_text"",""nullHandling"":""normalize_empty_to_null_or_quarantine_when_required"",""referenceRole"":""none"",""sensitivity"":""none"",""reason"":""A coluna legada natureza alimenta legal_nature pelo contrato atual comprovado.""},{""sourceColumn"":""tipo"",""destinationColumn"":""type"",""status"":""mapped"",""transformation"":""normalize_required_text"",""nullHandling"":""normalize_empty_to_null_or_quarantine_when_required"",""referenceRole"":""none"",""sensitivity"":""none"",""reason"":""A coluna legada tipo alimenta type pelo contrato atual comprovado.""},{""sourceColumn"":""estancia"",""destinationColumn"":""jurisdiction"",""status"":""mapped"",""transformation"":""normalize_required_text"",""nullHandling"":""normalize_empty_to_null_or_quarantine_when_required"",""referenceRole"":""none"",""sensitivity"":""none"",""reason"":""A coluna legada estancia alimenta jurisdiction pelo contrato atual comprovado.""},{""sourceColumn"":""caminho"",""destinationColumn"":""document_url"",""status"":""mapped"",""transformation"":""normalize_legacy_document_path_fallback"",""nullHandling"":""normalize_empty_to_null_or_quarantine_when_required"",""referenceRole"":""none"",""sensitivity"":""none"",""reason"":""A coluna legada caminho alimenta document_url pelo contrato atual comprovado.""},{""sourceColumn"":""debito_automatico"",""destinationColumn"":""is_automatic_debit"",""status"":""mapped"",""transformation"":""normalize_boolean_code"",""nullHandling"":""normalize_empty_to_null_or_quarantine_when_required"",""referenceRole"":""none"",""sensitivity"":""none"",""reason"":""A coluna legada debito_automatico alimenta is_automatic_debit pelo contrato atual comprovado.""},{""sourceColumn"":""total_consolidado"",""destinationColumn"":""consolidated_total_amount"",""status"":""mapped"",""transformation"":""normalize_non_negative_number"",""nullHandling"":""normalize_empty_to_null_or_quarantine_when_required"",""referenceRole"":""none"",""sensitivity"":""none"",""reason"":""A coluna legada total_consolidado alimenta consolidated_total_amount pelo contrato atual comprovado.""},{""sourceColumn"":""primeira_parcela"",""destinationColumn"":""first_installment_amount"",""status"":""mapped"",""transformation"":""normalize_non_negative_number"",""nullHandling"":""normalize_empty_to_null_or_quarantine_when_required"",""referenceRole"":""none"",""sensitivity"":""none"",""reason"":""A coluna legada primeira_parcela alimenta first_installment_amount pelo contrato atual comprovado.""},{""sourceColumn"":""parcela_mes_vigente"",""destinationColumn"":""current_month_installment_amount"",""status"":""mapped"",""transformation"":""normalize_non_negative_number"",""nullHandling"":""normalize_empty_to_null_or_quarantine_when_required"",""referenceRole"":""none"",""sensitivity"":""none"",""reason"":""A coluna legada parcela_mes_vigente alimenta current_month_installment_amount pelo contrato atual comprovado.""},{""sourceColumn"":""saldo_devedor"",""destinationColumn"":""outstanding_balance"",""status"":""mapped"",""transformation"":""normalize_non_negative_number"",""nullHandling"":""normalize_empty_to_null_or_quarantine_when_required"",""referenceRole"":""none"",""sensitivity"":""none"",""reason"":""A coluna legada saldo_devedor alimenta outstanding_balance pelo contrato atual comprovado.""},{""sourceColumn"":""parcelas_pagas"",""destinationColumn"":""paid_installments_count"",""status"":""mapped"",""transformation"":""normalize_non_negative_integer"",""nullHandling"":""normalize_empty_to_null_or_quarantine_when_required"",""referenceRole"":""none"",""sensitivity"":""none"",""reason"":""A coluna legada parcelas_pagas alimenta paid_installments_count pelo contrato atual comprovado.""},{""sourceColumn"":""parcelas_acordadas"",""destinationColumn"":""agreed_installments_count"",""status"":""mapped"",""transformation"":""normalize_positive_integer"",""nullHandling"":""normalize_empty_to_null_or_quarantine_when_required"",""referenceRole"":""none"",""sensitivity"":""none"",""reason"":""A coluna legada parcelas_acordadas alimenta agreed_installments_count pelo contrato atual comprovado.""},{""sourceColumn"":""parcelas_restantes"",""destinationColumn"":""remaining_installments_count"",""status"":""mapped"",""transformation"":""normalize_non_negative_integer"",""nullHandling"":""normalize_empty_to_null_or_quarantine_when_required"",""referenceRole"":""none"",""sensitivity"":""none"",""reason"":""A coluna legada parcelas_restantes alimenta remaining_installments_count pelo contrato atual comprovado.""},{""sourceColumn"":""parcelas_vencidas"",""destinationColumn"":""overdue_installments_count"",""status"":""mapped"",""transformation"":""normalize_non_negative_integer"",""nullHandling"":""normalize_empty_to_null_or_quarantine_when_required"",""referenceRole"":""none"",""sensitivity"":""none"",""reason"":""A coluna legada parcelas_vencidas alimenta overdue_installments_count pelo contrato atual comprovado.""},{""sourceColumn"":""data_adesao"",""destinationColumn"":""enrollment_date"",""status"":""mapped"",""transformation"":""normalize_zero_date_to_null"",""nullHandling"":""normalize_empty_to_null_or_quarantine_when_required"",""referenceRole"":""none"",""sensitivity"":""none"",""reason"":""A coluna legada data_adesao alimenta enrollment_date pelo contrato atual comprovado.""},{""sourceColumn"":""documento"",""destinationColumn"":""document_url"",""status"":""mapped"",""transformation"":""normalize_legacy_document_url_preferred"",""nullHandling"":""normalize_empty_to_null_or_quarantine_when_required"",""referenceRole"":""none"",""sensitivity"":""none"",""reason"":""A coluna legada documento alimenta document_url pelo contrato atual comprovado.""},{""sourceColumn"":""externo"",""destinationColumn"":null,""status"":""not_preserved"",""transformation"":""not_preserved"",""nullHandling"":""not_applicable"",""referenceRole"":""none"",""sensitivity"":""none"",""reason"":""O discriminador seleciona o catálogo de cliente para resolução, mas não possui coluna própria no acordo atual.""},{""sourceColumn"":""situacao"",""destinationColumn"":""status"",""status"":""mapped"",""transformation"":""map_installment_status_explicitly"",""nullHandling"":""normalize_empty_to_null_or_quarantine_when_required"",""referenceRole"":""none"",""sensitivity"":""none"",""reason"":""A coluna legada situacao alimenta status pelo contrato atual comprovado.""},{""sourceColumn"":""data_finalizacao"",""destinationColumn"":""completion_date"",""status"":""mapped"",""transformation"":""normalize_zero_date_to_null"",""nullHandling"":""normalize_empty_to_null_or_quarantine_when_required"",""referenceRole"":""none"",""sensitivity"":""none"",""reason"":""A coluna legada data_finalizacao alimenta completion_date pelo contrato atual comprovado.""},{""sourceColumn"":""parcelas_entradas"",""destinationColumn"":""down_payment_installments_count"",""status"":""mapped"",""transformation"":""normalize_non_negative_integer"",""nullHandling"":""normalize_empty_to_null_or_quarantine_when_required"",""referenceRole"":""none"",""sensitivity"":""none"",""reason"":""A coluna legada parcelas_entradas alimenta down_payment_installments_count pelo contrato atual comprovado.""},{""sourceColumn"":""tipo_paralisacao"",""destinationColumn"":""situation_shutdown"",""status"":""mapped"",""transformation"":""map_shutdown_reason_explicitly"",""nullHandling"":""normalize_empty_to_null_or_quarantine_when_required"",""referenceRole"":""none"",""sensitivity"":""none"",""reason"":""A coluna legada tipo_paralisacao alimenta situation_shutdown pelo contrato atual comprovado.""}]","{""organization_id"":""e8048d1c-0830-45d7-84de-68e20abd685b""}","{""agreement_number"":null}","{""declared"":false,""mode"":""unknown"",""requirements"":[]}","{""kind"":""runtime_classifier"",""decisionSource"":""runtime_classifier"",""conditions"":null,""decisionRequiredPerSourceRow"":true,""omissionPolicy"":""error"",""runtimeClassifierRequired"":true}","{""ruleOrigin"":""parcelamento:tb_parcelamento.parcelamentos"",""stepId"":""parcelamento-installment-insert"",""classifyRef"":""parcelamento:tb_parcelamento.parcelamentos#classifySourceRow"",""emitRef"":""parcelamento:tb_parcelamento.parcelamentos#emitRows""}","{""required"":true,""classifyDigest"":""02d600c8eeb9a5282dec9d6e38752bea8c338a6fc62aefdcc6164fd84bbb001e"",""emitDigest"":""5cf519817e5ebf8ba0b718d3f18457a69e1d44d382c1365d42e5b6e7d04f681a""}",5b106078f5619855d256d2e4b51a3b80ce1ec96f55a0372ee2254da39cbf8a7c,276,0,0,0,276,preflight_blocked,false
tb_pec.notas,pec-note-insert,notes,insert,generate,"{""kind"":""generate"",""legacyColumn"":""id"",""scope"":""tb_pec.notas"",""namespace"":""3f68d246-0b54-4a10-9415-a8845a767fb5""}",1:1,remaining:tb_pec.notas,tb_admin.usuarios|tb_regularize.clientes,legacy_identity,"[{""sourceColumn"":""id"",""destinationColumn"":""id"",""status"":""mapped"",""transformation"":""uuid_v5_from_full_source_table_and_legacy_id"",""nullHandling"":""normalize_empty_to_null_or_quarantine_when_required"",""referenceRole"":""none"",""sensitivity"":""none"",""reason"":""A coluna id alimenta id conforme o contrato atual validado.""},{""sourceColumn"":""usuario_id"",""destinationColumn"":""user_id"",""status"":""mapped"",""transformation"":""resolve_explicit_user_reference"",""nullHandling"":""normalize_empty_to_null_or_quarantine_when_required"",""referenceRole"":""foreign_key"",""sensitivity"":""none"",""reason"":""A referência é resolvida exclusivamente pelo vínculo legado explícito.""},{""sourceColumn"":""numero"",""destinationColumn"":""number"",""status"":""mapped"",""transformation"":""normalize_positive_integer"",""nullHandling"":""normalize_empty_to_null_or_quarantine_when_required"",""referenceRole"":""none"",""sensitivity"":""none"",""reason"":""A coluna numero alimenta number conforme o contrato atual validado.""},{""sourceColumn"":""tarefa"",""destinationColumn"":""note"",""status"":""mapped"",""transformation"":""normalize_required_text"",""nullHandling"":""normalize_empty_to_null_or_quarantine_when_required"",""referenceRole"":""none"",""sensitivity"":""personal"",""reason"":""A coluna tarefa alimenta note conforme o contrato atual validado.""},{""sourceColumn"":""cadastro"",""destinationColumn"":""created_at"",""status"":""mapped"",""transformation"":""normalize_required_datetime"",""nullHandling"":""normalize_empty_to_null_or_quarantine_when_required"",""referenceRole"":""none"",""sensitivity"":""none"",""reason"":""A coluna cadastro alimenta created_at conforme o contrato atual validado.""},{""sourceColumn"":""previsao"",""destinationColumn"":""due_date"",""status"":""mapped"",""transformation"":""normalize_nullable_zero_datetime"",""nullHandling"":""normalize_empty_to_null_or_quarantine_when_required"",""referenceRole"":""none"",""sensitivity"":""none"",""reason"":""A coluna previsao alimenta due_date conforme o contrato atual validado.""},{""sourceColumn"":""conclusao"",""destinationColumn"":""completion_date"",""status"":""mapped"",""transformation"":""normalize_nullable_zero_datetime"",""nullHandling"":""normalize_empty_to_null_or_quarantine_when_required"",""referenceRole"":""none"",""sensitivity"":""none"",""reason"":""A coluna conclusao alimenta completion_date conforme o contrato atual validado.""},{""sourceColumn"":""status"",""destinationColumn"":""status"",""status"":""mapped"",""transformation"":""legacy_note_continuation_status_to_boolean"",""nullHandling"":""normalize_empty_to_null_or_quarantine_when_required"",""referenceRole"":""none"",""sensitivity"":""none"",""reason"":""A coluna status alimenta status conforme o contrato atual validado.""},{""sourceColumn"":""inicio_semana"",""destinationColumn"":""week_start_date"",""status"":""mapped"",""transformation"":""normalize_required_date"",""nullHandling"":""normalize_empty_to_null_or_quarantine_when_required"",""referenceRole"":""none"",""sensitivity"":""none"",""reason"":""A coluna inicio_semana alimenta week_start_date conforme o contrato atual validado.""},{""sourceColumn"":""fim_semana"",""destinationColumn"":""week_end_date"",""status"":""mapped"",""transformation"":""normalize_required_date"",""nullHandling"":""normalize_empty_to_null_or_quarantine_when_required"",""referenceRole"":""none"",""sensitivity"":""none"",""reason"":""A coluna fim_semana alimenta week_end_date conforme o contrato atual validado.""},{""sourceColumn"":""cadastro_original"",""destinationColumn"":""original_creation_date"",""status"":""mapped"",""transformation"":""normalize_required_datetime"",""nullHandling"":""normalize_empty_to_null_or_quarantine_when_required"",""referenceRole"":""none"",""sensitivity"":""none"",""reason"":""A coluna cadastro_original alimenta original_creation_date conforme o contrato atual validado.""},{""sourceColumn"":""multa"",""destinationColumn"":""has_penalty"",""status"":""mapped"",""transformation"":""normalize_boolean"",""nullHandling"":""normalize_empty_to_null_or_quarantine_when_required"",""referenceRole"":""none"",""sensitivity"":""none"",""reason"":""A coluna multa alimenta has_penalty conforme o contrato atual validado.""},{""sourceColumn"":""urgente"",""destinationColumn"":""is_urgent"",""status"":""mapped"",""transformation"":""normalize_boolean"",""nullHandling"":""normalize_empty_to_null_or_quarantine_when_required"",""referenceRole"":""none"",""sensitivity"":""none"",""reason"":""A coluna urgente alimenta is_urgent conforme o contrato atual validado.""},{""sourceColumn"":""cliente_id"",""destinationColumn"":""client_id"",""status"":""mapped"",""transformation"":""resolve_optional_authoritative_v2_client_from_regularize_code"",""nullHandling"":""normalize_empty_to_null_or_quarantine_when_required"",""referenceRole"":""foreign_key"",""sensitivity"":""none"",""reason"":""A referência é resolvida exclusivamente pelo vínculo legado explícito.""},{""sourceColumn"":""cliente_id"",""destinationColumn"":""is_internal"",""status"":""mapped"",""transformation"":""derive_internal_from_empty_regularize_client_code"",""nullHandling"":""normalize_empty_to_null_or_quarantine_when_required"",""referenceRole"":""none"",""sensitivity"":""none"",""reason"":""A coluna cliente_id alimenta is_internal conforme o contrato atual validado.""}]","{""organization_id"":""e8048d1c-0830-45d7-84de-68e20abd685b""}",{},"{""declared"":false,""mode"":""unknown"",""requirements"":[]}","{""kind"":""runtime_classifier"",""decisionSource"":""runtime_classifier"",""conditions"":null,""decisionRequiredPerSourceRow"":true,""omissionPolicy"":""error"",""runtimeClassifierRequired"":true}","{""ruleOrigin"":""remaining:tb_pec.notas"",""stepId"":""pec-note-insert"",""classifyRef"":""remaining:tb_pec.notas#classifySourceRow"",""emitRef"":""remaining:tb_pec.notas#emitRows""}","{""required"":true,""classifyDigest"":""8a96ce193828a4cb3c9fd0ce2509100b388ab565f422f67457051e8cc4fe265e"",""emitDigest"":""eba81454c362f26b8ea0ead57bfbb00e371e48091600f798b9f10d318f64f959""}",244bc09793b262ef9df8d8b5bf86d45f4d0f0ab4458a2e391ac4450dbf8c2660,41628,0,0,0,41628,preflight_blocked,false
tb_pessoal.bem,tb_pessoal-bem-password-insert,pessoal.passwords,insert,generate,"{""kind"":""generate"",""legacyColumn"":""id"",""scope"":""tb_pessoal.bem"",""namespace"":""3f68d246-0b54-4a10-9415-a8845a767fb5""}",1:1,rh-pessoal:tb_pessoal.bem,tb_integracao.clientes|tb_admin.usuarios,legacy_identity,"[{""sourceColumn"":""id"",""destinationColumn"":""id"",""status"":""mapped"",""transformation"":""uuid_v5_from_full_source_table_and_legacy_id"",""nullHandling"":""normalize_empty_to_null_or_quarantine_when_required"",""referenceRole"":""none"",""sensitivity"":""none"",""reason"":""A coluna legada id alimenta id conforme o contrato atual validado.""},{""sourceColumn"":""empresa"",""destinationColumn"":""client_id"",""status"":""mapped"",""transformation"":""resolve_client_reference"",""nullHandling"":""normalize_empty_to_null_or_quarantine_when_required"",""referenceRole"":""foreign_key"",""sensitivity"":""none"",""reason"":""A referência legada é resolvida por vínculo explícito e falhas nunca fabricam entidade.""},{""sourceColumn"":""usuario"",""destinationColumn"":""login_main"",""status"":""mapped"",""transformation"":""encrypt_credential"",""nullHandling"":""normalize_empty_to_null"",""referenceRole"":""none"",""sensitivity"":""credential"",""reason"":""O valor é credencial e somente pode ser persistido após criptografia verificada.""},{""sourceColumn"":""identificador"",""destinationColumn"":""login_secondary"",""status"":""mapped"",""transformation"":""encrypt_credential"",""nullHandling"":""normalize_empty_to_null"",""referenceRole"":""none"",""sensitivity"":""credential"",""reason"":""O valor é credencial e somente pode ser persistido após criptografia verificada.""},{""sourceColumn"":""senha"",""destinationColumn"":""senha_main"",""status"":""mapped"",""transformation"":""encrypt_credential"",""nullHandling"":""normalize_empty_to_null"",""referenceRole"":""none"",""sensitivity"":""credential"",""reason"":""O valor é credencial e somente pode ser persistido após criptografia verificada.""},{""sourceColumn"":""responsavel"",""destinationColumn"":""responsavel_id"",""status"":""mapped"",""transformation"":""resolve_optional_user_reference"",""nullHandling"":""normalize_empty_to_null_or_quarantine_when_required"",""referenceRole"":""foreign_key"",""sensitivity"":""none"",""reason"":""A referência legada é resolvida por vínculo explícito e falhas nunca fabricam entidade.""}]","{""organization_id"":""e8048d1c-0830-45d7-84de-68e20abd685b"",""service_name"":""BEM""}",{},"{""declared"":false,""mode"":""unknown"",""requirements"":[]}","{""kind"":""runtime_classifier"",""decisionSource"":""runtime_classifier"",""conditions"":null,""decisionRequiredPerSourceRow"":true,""omissionPolicy"":""error"",""runtimeClassifierRequired"":true}","{""ruleOrigin"":""rh-pessoal:tb_pessoal.bem"",""stepId"":""tb_pessoal-bem-password-insert"",""classifyRef"":""rh-pessoal:tb_pessoal.bem#classifySourceRow"",""emitRef"":""rh-pessoal:tb_pessoal.bem#emitRows""}","{""required"":true,""classifyDigest"":""9982f2c2a36f28b910456832be31536306500c1d6bc84ba0b295043c4acc7d7b"",""emitDigest"":""e8e9c84819bf4a69476572c63e03ffa5d5b028b3a32c778b5e2a418ab3d23d56""}",49a7affc3bb268adbdbd1cfef045ee7de52deaf3f1b90b1c7e7f0315d4e43150,96,0,0,0,96,preflight_blocked,false
tb_pessoal.bsf,tb_pessoal-bsf-password-insert,pessoal.passwords,insert,generate,"{""kind"":""generate"",""legacyColumn"":""id"",""scope"":""tb_pessoal.bsf"",""namespace"":""3f68d246-0b54-4a10-9415-a8845a767fb5""}",1:1,rh-pessoal:tb_pessoal.bsf,tb_integracao.clientes|tb_admin.usuarios,legacy_identity,"[{""sourceColumn"":""id"",""destinationColumn"":""id"",""status"":""mapped"",""transformation"":""uuid_v5_from_full_source_table_and_legacy_id"",""nullHandling"":""normalize_empty_to_null_or_quarantine_when_required"",""referenceRole"":""none"",""sensitivity"":""none"",""reason"":""A coluna legada id alimenta id conforme o contrato atual validado.""},{""sourceColumn"":""empresa"",""destinationColumn"":""client_id"",""status"":""mapped"",""transformation"":""resolve_client_reference"",""nullHandling"":""normalize_empty_to_null_or_quarantine_when_required"",""referenceRole"":""foreign_key"",""sensitivity"":""none"",""reason"":""A referência legada é resolvida por vínculo explícito e falhas nunca fabricam entidade.""},{""sourceColumn"":""responsavel"",""destinationColumn"":""responsavel_id"",""status"":""mapped"",""transformation"":""resolve_optional_user_reference"",""nullHandling"":""normalize_empty_to_null_or_quarantine_when_required"",""referenceRole"":""foreign_key"",""sensitivity"":""none"",""reason"":""A referência legada é resolvida por vínculo explícito e falhas nunca fabricam entidade.""},{""sourceColumn"":""cpf"",""destinationColumn"":""login_secondary"",""status"":""mapped"",""transformation"":""encrypt_credential"",""nullHandling"":""normalize_empty_to_null"",""referenceRole"":""none"",""sensitivity"":""credential"",""reason"":""O valor é credencial e somente pode ser persistido após criptografia verificada.""},{""sourceColumn"":""login"",""destinationColumn"":""login_main"",""status"":""mapped"",""transformation"":""encrypt_credential"",""nullHandling"":""normalize_empty_to_null"",""referenceRole"":""none"",""sensitivity"":""credential"",""reason"":""O valor é credencial e somente pode ser persistido após criptografia verificada.""},{""sourceColumn"":""senha"",""destinationColumn"":""senha_main"",""status"":""mapped"",""transformation"":""encrypt_credential"",""nullHandling"":""normalize_empty_to_null"",""referenceRole"":""none"",""sensitivity"":""credential"",""reason"":""O valor é credencial e somente pode ser persistido após criptografia verificada.""}]","{""organization_id"":""e8048d1c-0830-45d7-84de-68e20abd685b"",""service_name"":""BSF""}",{},"{""declared"":false,""mode"":""unknown"",""requirements"":[]}","{""kind"":""runtime_classifier"",""decisionSource"":""runtime_classifier"",""conditions"":null,""decisionRequiredPerSourceRow"":true,""omissionPolicy"":""error"",""runtimeClassifierRequired"":true}","{""ruleOrigin"":""rh-pessoal:tb_pessoal.bsf"",""stepId"":""tb_pessoal-bsf-password-insert"",""classifyRef"":""rh-pessoal:tb_pessoal.bsf#classifySourceRow"",""emitRef"":""rh-pessoal:tb_pessoal.bsf#emitRows""}","{""required"":true,""classifyDigest"":""9982f2c2a36f28b910456832be31536306500c1d6bc84ba0b295043c4acc7d7b"",""emitDigest"":""e8e9c84819bf4a69476572c63e03ffa5d5b028b3a32c778b5e2a418ab3d23d56""}",648f3dc40ddb885ce6f7e89932d19576c61b8c262ec278a1e69a182c34207666,46,0,0,0,46,preflight_blocked,false
tb_pessoal.clientes_situacoes,pessoal-situation-insert,pessoal.situations,insert,generate,"{""kind"":""generate"",""legacyColumn"":""id"",""scope"":""tb_pessoal.clientes_situacoes"",""namespace"":""3f68d246-0b54-4a10-9415-a8845a767fb5""}",1:1,rh-pessoal:tb_pessoal.clientes_situacoes,tb_integracao.clientes|tb_admin.usuarios,legacy_identity,"[{""sourceColumn"":""id"",""destinationColumn"":""id"",""status"":""mapped"",""transformation"":""uuid_v5_from_full_source_table_and_legacy_id"",""nullHandling"":""normalize_empty_to_null_or_quarantine_when_required"",""referenceRole"":""none"",""sensitivity"":""none"",""reason"":""A coluna legada id alimenta id conforme o contrato atual validado.""},{""sourceColumn"":""cliente_id"",""destinationColumn"":""client_id"",""status"":""mapped"",""transformation"":""resolve_client_reference"",""nullHandling"":""normalize_empty_to_null_or_quarantine_when_required"",""referenceRole"":""foreign_key"",""sensitivity"":""none"",""reason"":""A referência legada é resolvida por vínculo explícito e falhas nunca fabricam entidade.""},{""sourceColumn"":""status"",""destinationColumn"":""status"",""status"":""mapped"",""transformation"":""normalize_situation_status"",""nullHandling"":""normalize_empty_to_null_or_quarantine_when_required"",""referenceRole"":""none"",""sensitivity"":""none"",""reason"":""A coluna legada status alimenta status conforme o contrato atual validado.""},{""sourceColumn"":""titulo"",""destinationColumn"":""title"",""status"":""mapped"",""transformation"":""normalize_required_text"",""nullHandling"":""normalize_empty_to_null_or_quarantine_when_required"",""referenceRole"":""none"",""sensitivity"":""none"",""reason"":""A coluna legada titulo alimenta title conforme o contrato atual validado.""},{""sourceColumn"":""descricao"",""destinationColumn"":""description"",""status"":""mapped"",""transformation"":""normalize_required_text"",""nullHandling"":""normalize_empty_to_null_or_quarantine_when_required"",""referenceRole"":""none"",""sensitivity"":""personal"",""reason"":""O dado pessoal é preservado somente no destino previsto e nunca integra a quarentena.""},{""sourceColumn"":""data_cadastro"",""destinationColumn"":""registration_date"",""status"":""mapped"",""transformation"":""normalize_required_date"",""nullHandling"":""normalize_empty_to_null_or_quarantine_when_required"",""referenceRole"":""none"",""sensitivity"":""none"",""reason"":""A coluna legada data_cadastro alimenta registration_date conforme o contrato atual validado.""},{""sourceColumn"":""data_finalizacao"",""destinationColumn"":""completion_date"",""status"":""mapped"",""transformation"":""normalize_date"",""nullHandling"":""normalize_empty_to_null_or_quarantine_when_required"",""referenceRole"":""none"",""sensitivity"":""none"",""reason"":""A coluna legada data_finalizacao alimenta completion_date conforme o contrato atual validado.""},{""sourceColumn"":""cadastrado_por"",""destinationColumn"":""registered_by_id"",""status"":""mapped"",""transformation"":""resolve_user_reference"",""nullHandling"":""normalize_empty_to_null_or_quarantine_when_required"",""referenceRole"":""foreign_key"",""sensitivity"":""none"",""reason"":""A referência legada é resolvida por vínculo explícito e falhas nunca fabricam entidade.""},{""sourceColumn"":""finalizado_por"",""destinationColumn"":""completed_by_id"",""status"":""mapped"",""transformation"":""resolve_optional_user_reference"",""nullHandling"":""normalize_empty_to_null_or_quarantine_when_required"",""referenceRole"":""foreign_key"",""sensitivity"":""none"",""reason"":""A referência legada é resolvida por vínculo explícito e falhas nunca fabricam entidade.""}]","{""organization_id"":""e8048d1c-0830-45d7-84de-68e20abd685b""}",{},"{""declared"":false,""mode"":""unknown"",""requirements"":[]}","{""kind"":""runtime_classifier"",""decisionSource"":""runtime_classifier"",""conditions"":null,""decisionRequiredPerSourceRow"":true,""omissionPolicy"":""error"",""runtimeClassifierRequired"":true}","{""ruleOrigin"":""rh-pessoal:tb_pessoal.clientes_situacoes"",""stepId"":""pessoal-situation-insert"",""classifyRef"":""rh-pessoal:tb_pessoal.clientes_situacoes#classifySourceRow"",""emitRef"":""rh-pessoal:tb_pessoal.clientes_situacoes#emitRows""}","{""required"":true,""classifyDigest"":""9982f2c2a36f28b910456832be31536306500c1d6bc84ba0b295043c4acc7d7b"",""emitDigest"":""e8e9c84819bf4a69476572c63e03ffa5d5b028b3a32c778b5e2a418ab3d23d56""}",7bc6a3c00e11b3306e43dfb82f3e4b4f97a21cabcd83ec11bc366305297717c6,28,0,0,0,28,preflight_blocked,false
tb_pessoal.codigos_acesso,tb_pessoal-codigos_acesso-password-insert,pessoal.passwords,insert,generate,"{""kind"":""generate"",""legacyColumn"":""id"",""scope"":""tb_pessoal.codigos_acesso"",""namespace"":""3f68d246-0b54-4a10-9415-a8845a767fb5""}",1:1,rh-pessoal:tb_pessoal.codigos_acesso,tb_integracao.clientes,legacy_identity,"[{""sourceColumn"":""id"",""destinationColumn"":""id"",""status"":""mapped"",""transformation"":""uuid_v5_from_full_source_table_and_legacy_id"",""nullHandling"":""normalize_empty_to_null_or_quarantine_when_required"",""referenceRole"":""none"",""sensitivity"":""none"",""reason"":""A coluna legada id alimenta id conforme o contrato atual validado.""},{""sourceColumn"":""empresa"",""destinationColumn"":""client_id"",""status"":""mapped"",""transformation"":""resolve_client_reference"",""nullHandling"":""normalize_empty_to_null_or_quarantine_when_required"",""referenceRole"":""foreign_key"",""sensitivity"":""none"",""reason"":""A referência legada é resolvida por vínculo explícito e falhas nunca fabricam entidade.""},{""sourceColumn"":""cpf"",""destinationColumn"":""login_main"",""status"":""mapped"",""transformation"":""encrypt_credential"",""nullHandling"":""normalize_empty_to_null"",""referenceRole"":""none"",""sensitivity"":""credential"",""reason"":""O valor é credencial e somente pode ser persistido após criptografia verificada.""},{""sourceColumn"":""cod_acesso"",""destinationColumn"":""login_secondary"",""status"":""mapped"",""transformation"":""encrypt_credential"",""nullHandling"":""normalize_empty_to_null"",""referenceRole"":""none"",""sensitivity"":""credential"",""reason"":""O valor é credencial e somente pode ser persistido após criptografia verificada.""},{""sourceColumn"":""senha"",""destinationColumn"":""senha_main"",""status"":""mapped"",""transformation"":""encrypt_credential"",""nullHandling"":""normalize_empty_to_null"",""referenceRole"":""none"",""sensitivity"":""credential"",""reason"":""O valor é credencial e somente pode ser persistido após criptografia verificada.""},{""sourceColumn"":""certificado_digital"",""destinationColumn"":null,""status"":""not_preserved"",""transformation"":""redact_and_not_preserve"",""nullHandling"":""not_applicable"",""referenceRole"":""none"",""sensitivity"":""secret"",""reason"":""O identificador de certificado não é credencial segura nem arquivo importável no contrato atual.""},{""sourceColumn"":""senha_gov"",""destinationColumn"":""senha_secondary"",""status"":""mapped"",""transformation"":""encrypt_credential"",""nullHandling"":""normalize_empty_to_null"",""referenceRole"":""none"",""sensitivity"":""credential"",""reason"":""O valor é credencial e somente pode ser persistido após criptografia verificada.""}]","{""organization_id"":""e8048d1c-0830-45d7-84de-68e20abd685b"",""service_name"":""Códigos de acesso""}",{},"{""declared"":false,""mode"":""unknown"",""requirements"":[]}","{""kind"":""runtime_classifier"",""decisionSource"":""runtime_classifier"",""conditions"":null,""decisionRequiredPerSourceRow"":true,""omissionPolicy"":""error"",""runtimeClassifierRequired"":true}","{""ruleOrigin"":""rh-pessoal:tb_pessoal.codigos_acesso"",""stepId"":""tb_pessoal-codigos_acesso-password-insert"",""classifyRef"":""rh-pessoal:tb_pessoal.codigos_acesso#classifySourceRow"",""emitRef"":""rh-pessoal:tb_pessoal.codigos_acesso#emitRows""}","{""required"":true,""classifyDigest"":""9982f2c2a36f28b910456832be31536306500c1d6bc84ba0b295043c4acc7d7b"",""emitDigest"":""e8e9c84819bf4a69476572c63e03ffa5d5b028b3a32c778b5e2a418ab3d23d56""}",518edf13dc902b18cb218cd7aea20157bad7dfe2c9912e28eb18fa4b2210f9c9,15,0,0,0,15,preflight_blocked,false
tb_pessoal.contri_assis,tb_pessoal-contri_assis-password-insert,pessoal.passwords,insert,generate,"{""kind"":""generate"",""legacyColumn"":""id"",""scope"":""tb_pessoal.contri_assis"",""namespace"":""3f68d246-0b54-4a10-9415-a8845a767fb5""}",1:1,rh-pessoal:tb_pessoal.contri_assis,tb_integracao.clientes,legacy_identity,"[{""sourceColumn"":""id"",""destinationColumn"":""id"",""status"":""mapped"",""transformation"":""uuid_v5_from_full_source_table_and_legacy_id"",""nullHandling"":""normalize_empty_to_null_or_quarantine_when_required"",""referenceRole"":""none"",""sensitivity"":""none"",""reason"":""A coluna legada id alimenta id conforme o contrato atual validado.""},{""sourceColumn"":""cliente_id"",""destinationColumn"":""client_id"",""status"":""mapped"",""transformation"":""resolve_client_reference"",""nullHandling"":""normalize_empty_to_null_or_quarantine_when_required"",""referenceRole"":""foreign_key"",""sensitivity"":""none"",""reason"":""A referência legada é resolvida por vínculo explícito e falhas nunca fabricam entidade.""},{""sourceColumn"":""login"",""destinationColumn"":""login_main"",""status"":""mapped"",""transformation"":""encrypt_credential"",""nullHandling"":""normalize_empty_to_null"",""referenceRole"":""none"",""sensitivity"":""credential"",""reason"":""O valor é credencial e somente pode ser persistido após criptografia verificada.""},{""sourceColumn"":""senha"",""destinationColumn"":""senha_main"",""status"":""mapped"",""transformation"":""encrypt_credential"",""nullHandling"":""normalize_empty_to_null"",""referenceRole"":""none"",""sensitivity"":""credential"",""reason"":""O valor é credencial e somente pode ser persistido após criptografia verificada.""}]","{""organization_id"":""e8048d1c-0830-45d7-84de-68e20abd685b"",""service_name"":""Contribuição assistencial""}",{},"{""declared"":false,""mode"":""unknown"",""requirements"":[]}","{""kind"":""runtime_classifier"",""decisionSource"":""runtime_classifier"",""conditions"":null,""decisionRequiredPerSourceRow"":true,""omissionPolicy"":""error"",""runtimeClassifierRequired"":true}","{""ruleOrigin"":""rh-pessoal:tb_pessoal.contri_assis"",""stepId"":""tb_pessoal-contri_assis-password-insert"",""classifyRef"":""rh-pessoal:tb_pessoal.contri_assis#classifySourceRow"",""emitRef"":""rh-pessoal:tb_pessoal.contri_assis#emitRows""}","{""required"":true,""classifyDigest"":""9982f2c2a36f28b910456832be31536306500c1d6bc84ba0b295043c4acc7d7b"",""emitDigest"":""e8e9c84819bf4a69476572c63e03ffa5d5b028b3a32c778b5e2a418ab3d23d56""}",d680543b46faf56980a7c9242c8405323bdca68e59464e77ac680d4bedbd82bf,11,0,0,0,11,preflight_blocked,false
tb_pessoal.empregador_web,tb_pessoal-empregador_web-password-insert,pessoal.passwords,insert,generate,"{""kind"":""generate"",""legacyColumn"":""id"",""scope"":""tb_pessoal.empregador_web"",""namespace"":""3f68d246-0b54-4a10-9415-a8845a767fb5""}",1:1,rh-pessoal:tb_pessoal.empregador_web,tb_integracao.clientes,legacy_identity,"[{""sourceColumn"":""id"",""destinationColumn"":""id"",""status"":""mapped"",""transformation"":""uuid_v5_from_full_source_table_and_legacy_id"",""nullHandling"":""normalize_empty_to_null_or_quarantine_when_required"",""referenceRole"":""none"",""sensitivity"":""none"",""reason"":""A coluna legada id alimenta id conforme o contrato atual validado.""},{""sourceColumn"":""empresa"",""destinationColumn"":""client_id"",""status"":""mapped"",""transformation"":""resolve_client_reference"",""nullHandling"":""normalize_empty_to_null_or_quarantine_when_required"",""referenceRole"":""foreign_key"",""sensitivity"":""none"",""reason"":""A referência legada é resolvida por vínculo explícito e falhas nunca fabricam entidade.""},{""sourceColumn"":""login"",""destinationColumn"":""login_main"",""status"":""mapped"",""transformation"":""encrypt_credential"",""nullHandling"":""normalize_empty_to_null"",""referenceRole"":""none"",""sensitivity"":""credential"",""reason"":""O valor é credencial e somente pode ser persistido após criptografia verificada.""},{""sourceColumn"":""senha"",""destinationColumn"":""senha_main"",""status"":""mapped"",""transformation"":""encrypt_credential"",""nullHandling"":""normalize_empty_to_null"",""referenceRole"":""none"",""sensitivity"":""credential"",""reason"":""O valor é credencial e somente pode ser persistido após criptografia verificada.""},{""sourceColumn"":""email"",""destinationColumn"":""login_secondary"",""status"":""mapped"",""transformation"":""encrypt_credential"",""nullHandling"":""normalize_empty_to_null"",""referenceRole"":""none"",""sensitivity"":""credential"",""reason"":""O valor é credencial e somente pode ser persistido após criptografia verificada.""},{""sourceColumn"":""senha_email"",""destinationColumn"":""senha_secondary"",""status"":""mapped"",""transformation"":""encrypt_credential"",""nullHandling"":""normalize_empty_to_null"",""referenceRole"":""none"",""sensitivity"":""credential"",""reason"":""O valor é credencial e somente pode ser persistido após criptografia verificada.""}]","{""organization_id"":""e8048d1c-0830-45d7-84de-68e20abd685b"",""service_name"":""Empregador Web""}",{},"{""declared"":false,""mode"":""unknown"",""requirements"":[]}","{""kind"":""runtime_classifier"",""decisionSource"":""runtime_classifier"",""conditions"":null,""decisionRequiredPerSourceRow"":true,""omissionPolicy"":""error"",""runtimeClassifierRequired"":true}","{""ruleOrigin"":""rh-pessoal:tb_pessoal.empregador_web"",""stepId"":""tb_pessoal-empregador_web-password-insert"",""classifyRef"":""rh-pessoal:tb_pessoal.empregador_web#classifySourceRow"",""emitRef"":""rh-pessoal:tb_pessoal.empregador_web#emitRows""}","{""required"":true,""classifyDigest"":""9982f2c2a36f28b910456832be31536306500c1d6bc84ba0b295043c4acc7d7b"",""emitDigest"":""e8e9c84819bf4a69476572c63e03ffa5d5b028b3a32c778b5e2a418ab3d23d56""}",ee7b500b303bb59559345f5ee8e78e2c665cbd53421201a8afe6a16a2e905779,163,0,0,0,163,preflight_blocked,false
tb_pessoal.folhas,pessoal-payroll-insert,pessoal.payroll,insert,generate,"{""kind"":""generate"",""legacyColumn"":""id"",""scope"":""tb_pessoal.folhas"",""namespace"":""3f68d246-0b54-4a10-9415-a8845a767fb5""}",1:1,rh-pessoal:tb_pessoal.folhas,tb_integracao.clientes|tb_admin.usuarios|tb_pessoal.sindicato,legacy_identity|unique_client_id,"[{""sourceColumn"":""id"",""destinationColumn"":""id"",""status"":""mapped"",""transformation"":""uuid_v5_from_full_source_table_and_legacy_id"",""nullHandling"":""normalize_empty_to_null_or_quarantine_when_required"",""referenceRole"":""none"",""sensitivity"":""none"",""reason"":""A coluna legada id alimenta id conforme o contrato atual validado.""},{""sourceColumn"":""cliente_id"",""destinationColumn"":""client_id"",""status"":""mapped"",""transformation"":""resolve_client_reference"",""nullHandling"":""normalize_empty_to_null_or_quarantine_when_required"",""referenceRole"":""foreign_key"",""sensitivity"":""none"",""reason"":""A referência legada é resolvida por vínculo explícito e falhas nunca fabricam entidade.""},{""sourceColumn"":""responsavel_id"",""destinationColumn"":""responsible_id"",""status"":""mapped"",""transformation"":""resolve_optional_user_reference"",""nullHandling"":""normalize_empty_to_null_or_quarantine_when_required"",""referenceRole"":""foreign_key"",""sensitivity"":""none"",""reason"":""A referência legada é resolvida por vínculo explícito e falhas nunca fabricam entidade.""},{""sourceColumn"":""adiantamento"",""destinationColumn"":""advance"",""status"":""mapped"",""transformation"":""normalize_boolean"",""nullHandling"":""normalize_empty_to_null_or_quarantine_when_required"",""referenceRole"":""none"",""sensitivity"":""none"",""reason"":""A coluna legada adiantamento alimenta advance conforme o contrato atual validado.""},{""sourceColumn"":""adiantamento_tipo"",""destinationColumn"":""advance_type"",""status"":""mapped"",""transformation"":""normalize_text"",""nullHandling"":""normalize_empty_to_null_or_quarantine_when_required"",""referenceRole"":""none"",""sensitivity"":""none"",""reason"":""A coluna legada adiantamento_tipo alimenta advance_type conforme o contrato atual validado.""},{""sourceColumn"":""adiantamento_valor"",""destinationColumn"":""advance_amount"",""status"":""mapped"",""transformation"":""normalize_number"",""nullHandling"":""normalize_empty_to_null_or_quarantine_when_required"",""referenceRole"":""none"",""sensitivity"":""none"",""reason"":""A coluna legada adiantamento_valor alimenta advance_amount conforme o contrato atual validado.""},{""sourceColumn"":""info"",""destinationColumn"":""info"",""status"":""mapped"",""transformation"":""normalize_required_text"",""nullHandling"":""normalize_empty_to_null_or_quarantine_when_required"",""referenceRole"":""none"",""sensitivity"":""none"",""reason"":""A coluna legada info alimenta info conforme o contrato atual validado.""},{""sourceColumn"":""previa"",""destinationColumn"":""previous"",""status"":""mapped"",""transformation"":""normalize_boolean"",""nullHandling"":""normalize_empty_to_null_or_quarantine_when_required"",""referenceRole"":""none"",""sensitivity"":""none"",""reason"":""A coluna legada previa alimenta previous conforme o contrato atual validado.""},{""sourceColumn"":""onvio"",""destinationColumn"":""onvio"",""status"":""mapped"",""transformation"":""normalize_boolean"",""nullHandling"":""normalize_empty_to_null_or_quarantine_when_required"",""referenceRole"":""none"",""sensitivity"":""none"",""reason"":""A coluna legada onvio alimenta onvio conforme o contrato atual validado.""},{""sourceColumn"":""contato"",""destinationColumn"":""contact"",""status"":""mapped"",""transformation"":""normalize_text"",""nullHandling"":""normalize_empty_to_null_or_quarantine_when_required"",""referenceRole"":""none"",""sensitivity"":""personal"",""reason"":""O dado pessoal é preservado somente no destino previsto e nunca integra a quarentena.""},{""sourceColumn"":""vt"",""destinationColumn"":""vt"",""status"":""mapped"",""transformation"":""normalize_boolean"",""nullHandling"":""normalize_empty_to_null_or_quarantine_when_required"",""referenceRole"":""none"",""sensitivity"":""none"",""reason"":""A coluna legada vt alimenta vt conforme o contrato atual validado.""},{""sourceColumn"":""vt_valor"",""destinationColumn"":""vt_value"",""status"":""mapped"",""transformation"":""normalize_number"",""nullHandling"":""normalize_empty_to_null_or_quarantine_when_required"",""referenceRole"":""none"",""sensitivity"":""none"",""reason"":""A coluna legada vt_valor alimenta vt_value conforme o contrato atual validado.""},{""sourceColumn"":""vt_tipo"",""destinationColumn"":""vt_type"",""status"":""mapped"",""transformation"":""normalize_text"",""nullHandling"":""normalize_empty_to_null_or_quarantine_when_required"",""referenceRole"":""none"",""sensitivity"":""none"",""reason"":""A coluna legada vt_tipo alimenta vt_type conforme o contrato atual validado.""},{""sourceColumn"":""va"",""destinationColumn"":""va"",""status"":""mapped"",""transformation"":""normalize_boolean"",""nullHandling"":""normalize_empty_to_null_or_quarantine_when_required"",""referenceRole"":""none"",""sensitivity"":""none"",""reason"":""A coluna legada va alimenta va conforme o contrato atual validado.""},{""sourceColumn"":""sindicato"",""destinationColumn"":""union_id"",""status"":""mapped"",""transformation"":""resolve_optional_union_reference"",""nullHandling"":""normalize_empty_to_null_or_quarantine_when_required"",""referenceRole"":""foreign_key"",""sensitivity"":""none"",""reason"":""A referência legada é resolvida por vínculo explícito e falhas nunca fabricam entidade.""},{""sourceColumn"":""bem_mais"",""destinationColumn"":""bem_mais"",""status"":""mapped"",""transformation"":""normalize_boolean"",""nullHandling"":""normalize_empty_to_null_or_quarantine_when_required"",""referenceRole"":""none"",""sensitivity"":""none"",""reason"":""A coluna legada bem_mais alimenta bem_mais conforme o contrato atual validado.""},{""sourceColumn"":""bsf"",""destinationColumn"":""bsf"",""status"":""mapped"",""transformation"":""normalize_boolean"",""nullHandling"":""normalize_empty_to_null_or_quarantine_when_required"",""referenceRole"":""none"",""sensitivity"":""none"",""reason"":""A coluna legada bsf alimenta bsf conforme o contrato atual validado.""},{""sourceColumn"":""taxa_assistencial"",""destinationColumn"":""assistance_fee"",""status"":""mapped"",""transformation"":""normalize_boolean"",""nullHandling"":""normalize_empty_to_null_or_quarantine_when_required"",""referenceRole"":""none"",""sensitivity"":""none"",""reason"":""A coluna legada taxa_assistencial alimenta assistance_fee conforme o contrato atual validado.""},{""sourceColumn"":""reinf"",""destinationColumn"":""reinf"",""status"":""mapped"",""transformation"":""normalize_boolean"",""nullHandling"":""normalize_empty_to_null_or_quarantine_when_required"",""referenceRole"":""none"",""sensitivity"":""none"",""reason"":""A coluna legada reinf alimenta reinf conforme o contrato atual validado.""},{""sourceColumn"":""grupo"",""destinationColumn"":""group"",""status"":""mapped"",""transformation"":""normalize_required_text"",""nullHandling"":""normalize_empty_to_null_or_quarantine_when_required"",""referenceRole"":""none"",""sensitivity"":""none"",""reason"":""A coluna legada grupo alimenta group conforme o contrato atual validado.""},{""sourceColumn"":""funcionarios"",""destinationColumn"":""employees"",""status"":""mapped"",""transformation"":""normalize_integer"",""nullHandling"":""normalize_empty_to_null_or_quarantine_when_required"",""referenceRole"":""none"",""sensitivity"":""none"",""reason"":""A coluna legada funcionarios alimenta employees conforme o contrato atual validado.""}]","{""organization_id"":""e8048d1c-0830-45d7-84de-68e20abd685b""}","{""advance"":false,""info"":"""",""previous"":false,""onvio"":false,""group"":"""",""vt"":false,""va"":false,""assistance_fee"":false,""bem_mais"":false,""bsf"":false,""reinf"":false,""employees"":0}","{""declared"":false,""mode"":""unknown"",""requirements"":[]}","{""kind"":""runtime_classifier"",""decisionSource"":""runtime_classifier"",""conditions"":null,""decisionRequiredPerSourceRow"":true,""omissionPolicy"":""error"",""runtimeClassifierRequired"":true}","{""ruleOrigin"":""rh-pessoal:tb_pessoal.folhas"",""stepId"":""pessoal-payroll-insert"",""classifyRef"":""rh-pessoal:tb_pessoal.folhas#classifySourceRow"",""emitRef"":""rh-pessoal:tb_pessoal.folhas#emitRows""}","{""required"":true,""classifyDigest"":""9982f2c2a36f28b910456832be31536306500c1d6bc84ba0b295043c4acc7d7b"",""emitDigest"":""e8e9c84819bf4a69476572c63e03ffa5d5b028b3a32c778b5e2a418ab3d23d56""}",0cf2bdaa43bd958ec4a220a48c1a182068d53b23cd07dfd9b6b1af6b4488cfe9,185,0,0,0,185,preflight_blocked,false
tb_pessoal.ldd,pessoal-ldd-insert,pessoal.ldd,insert,generate,"{""kind"":""generate"",""legacyColumn"":""id"",""scope"":""tb_pessoal.ldd"",""namespace"":""3f68d246-0b54-4a10-9415-a8845a767fb5""}",1:1,rh-pessoal:tb_pessoal.ldd,tb_integracao.clientes,legacy_identity,"[{""sourceColumn"":""id"",""destinationColumn"":""id"",""status"":""mapped"",""transformation"":""uuid_v5_from_full_source_table_and_legacy_id"",""nullHandling"":""normalize_empty_to_null_or_quarantine_when_required"",""referenceRole"":""none"",""sensitivity"":""none"",""reason"":""A coluna legada id alimenta id conforme o contrato atual validado.""},{""sourceColumn"":""cliente"",""destinationColumn"":""client_id"",""status"":""mapped"",""transformation"":""resolve_client_reference"",""nullHandling"":""normalize_empty_to_null_or_quarantine_when_required"",""referenceRole"":""foreign_key"",""sensitivity"":""none"",""reason"":""A referência legada é resolvida por vínculo explícito e falhas nunca fabricam entidade.""},{""sourceColumn"":""tipo"",""destinationColumn"":""type"",""status"":""mapped"",""transformation"":""normalize_required_text"",""nullHandling"":""normalize_empty_to_null_or_quarantine_when_required"",""referenceRole"":""none"",""sensitivity"":""none"",""reason"":""A coluna legada tipo alimenta type conforme o contrato atual validado.""},{""sourceColumn"":""periodo"",""destinationColumn"":""period"",""status"":""mapped"",""transformation"":""normalize_text"",""nullHandling"":""normalize_empty_to_null_or_quarantine_when_required"",""referenceRole"":""none"",""sensitivity"":""none"",""reason"":""A coluna legada periodo alimenta period conforme o contrato atual validado.""},{""sourceColumn"":""vencimento"",""destinationColumn"":""due_date"",""status"":""mapped"",""transformation"":""normalize_date"",""nullHandling"":""normalize_empty_to_null_or_quarantine_when_required"",""referenceRole"":""none"",""sensitivity"":""none"",""reason"":""A coluna legada vencimento alimenta due_date conforme o contrato atual validado.""},{""sourceColumn"":""saldo"",""destinationColumn"":""balance_amount"",""status"":""mapped"",""transformation"":""normalize_number"",""nullHandling"":""normalize_empty_to_null_or_quarantine_when_required"",""referenceRole"":""none"",""sensitivity"":""none"",""reason"":""A coluna legada saldo alimenta balance_amount conforme o contrato atual validado.""},{""sourceColumn"":""inscricao"",""destinationColumn"":""registration_status"",""status"":""mapped"",""transformation"":""normalize_text"",""nullHandling"":""normalize_empty_to_null_or_quarantine_when_required"",""referenceRole"":""none"",""sensitivity"":""none"",""reason"":""A coluna legada inscricao alimenta registration_status conforme o contrato atual validado.""},{""sourceColumn"":""situacao"",""destinationColumn"":""status"",""status"":""mapped"",""transformation"":""normalize_text"",""nullHandling"":""normalize_empty_to_null_or_quarantine_when_required"",""referenceRole"":""none"",""sensitivity"":""none"",""reason"":""A coluna legada situacao alimenta status conforme o contrato atual validado.""}]","{""organization_id"":""e8048d1c-0830-45d7-84de-68e20abd685b""}",{},"{""declared"":false,""mode"":""unknown"",""requirements"":[]}","{""kind"":""runtime_classifier"",""decisionSource"":""runtime_classifier"",""conditions"":null,""decisionRequiredPerSourceRow"":true,""omissionPolicy"":""error"",""runtimeClassifierRequired"":true}","{""ruleOrigin"":""rh-pessoal:tb_pessoal.ldd"",""stepId"":""pessoal-ldd-insert"",""classifyRef"":""rh-pessoal:tb_pessoal.ldd#classifySourceRow"",""emitRef"":""rh-pessoal:tb_pessoal.ldd#emitRows""}","{""required"":true,""classifyDigest"":""9982f2c2a36f28b910456832be31536306500c1d6bc84ba0b295043c4acc7d7b"",""emitDigest"":""e8e9c84819bf4a69476572c63e03ffa5d5b028b3a32c778b5e2a418ab3d23d56""}",a8e9faf3f38a101f2e2e5ec954e247da24a1ada08bab99b1d25563dc6f9581eb,958,0,0,0,958,preflight_blocked,false
tb_pessoal.obrigacoes,pessoal-obligation-insert,pessoal.obrigations,insert,generate,"{""kind"":""generate"",""legacyColumn"":""id"",""scope"":""tb_pessoal.obrigacoes"",""namespace"":""3f68d246-0b54-4a10-9415-a8845a767fb5""}",1:1,rh-pessoal:tb_pessoal.obrigacoes,tb_integracao.clientes|tb_admin.usuarios,legacy_identity|unique_organization_client_competence,"[{""sourceColumn"":""id"",""destinationColumn"":""id"",""status"":""mapped"",""transformation"":""uuid_v5_from_full_source_table_and_legacy_id"",""nullHandling"":""normalize_empty_to_null_or_quarantine_when_required"",""referenceRole"":""none"",""sensitivity"":""none"",""reason"":""A coluna legada id alimenta id conforme o contrato atual validado.""},{""sourceColumn"":""comp"",""destinationColumn"":""competence"",""status"":""mapped"",""transformation"":""normalize_required_text"",""nullHandling"":""normalize_empty_to_null_or_quarantine_when_required"",""referenceRole"":""none"",""sensitivity"":""none"",""reason"":""A coluna legada comp alimenta competence conforme o contrato atual validado.""},{""sourceColumn"":""cliente_id"",""destinationColumn"":""client_id"",""status"":""mapped"",""transformation"":""resolve_client_reference"",""nullHandling"":""normalize_empty_to_null_or_quarantine_when_required"",""referenceRole"":""foreign_key"",""sensitivity"":""none"",""reason"":""A referência legada é resolvida por vínculo explícito e falhas nunca fabricam entidade.""},{""sourceColumn"":""adiantamento"",""destinationColumn"":""advance"",""status"":""mapped"",""transformation"":""normalize_nullable_boolean"",""nullHandling"":""normalize_empty_to_null_or_quarantine_when_required"",""referenceRole"":""none"",""sensitivity"":""none"",""reason"":""A coluna legada adiantamento alimenta advance conforme o contrato atual validado.""},{""sourceColumn"":""folha"",""destinationColumn"":""payroll"",""status"":""mapped"",""transformation"":""normalize_nullable_boolean"",""nullHandling"":""normalize_empty_to_null_or_quarantine_when_required"",""referenceRole"":""none"",""sensitivity"":""none"",""reason"":""A coluna legada folha alimenta payroll conforme o contrato atual validado.""},{""sourceColumn"":""encargos"",""destinationColumn"":""charges"",""status"":""mapped"",""transformation"":""normalize_nullable_boolean"",""nullHandling"":""normalize_empty_to_null_or_quarantine_when_required"",""referenceRole"":""none"",""sensitivity"":""none"",""reason"":""A coluna legada encargos alimenta charges conforme o contrato atual validado.""},{""sourceColumn"":""taxa_assistencial"",""destinationColumn"":""assistance_fee"",""status"":""mapped"",""transformation"":""normalize_nullable_boolean"",""nullHandling"":""normalize_empty_to_null_or_quarantine_when_required"",""referenceRole"":""none"",""sensitivity"":""none"",""reason"":""A coluna legada taxa_assistencial alimenta assistance_fee conforme o contrato atual validado.""},{""sourceColumn"":""responsavel_id"",""destinationColumn"":""responsavel_id"",""status"":""mapped"",""transformation"":""resolve_optional_user_reference"",""nullHandling"":""normalize_empty_to_null_or_quarantine_when_required"",""referenceRole"":""foreign_key"",""sensitivity"":""none"",""reason"":""A referência legada é resolvida por vínculo explícito e falhas nunca fabricam entidade.""},{""sourceColumn"":""bem_mais"",""destinationColumn"":""bem_mais"",""status"":""mapped"",""transformation"":""normalize_nullable_boolean"",""nullHandling"":""normalize_empty_to_null_or_quarantine_when_required"",""referenceRole"":""none"",""sensitivity"":""none"",""reason"":""A coluna legada bem_mais alimenta bem_mais conforme o contrato atual validado.""},{""sourceColumn"":""bsf"",""destinationColumn"":""bsf"",""status"":""mapped"",""transformation"":""normalize_nullable_boolean"",""nullHandling"":""normalize_empty_to_null_or_quarantine_when_required"",""referenceRole"":""none"",""sensitivity"":""none"",""reason"":""A coluna legada bsf alimenta bsf conforme o contrato atual validado.""},{""sourceColumn"":""va"",""destinationColumn"":""va"",""status"":""mapped"",""transformation"":""normalize_nullable_boolean"",""nullHandling"":""normalize_empty_to_null_or_quarantine_when_required"",""referenceRole"":""none"",""sensitivity"":""none"",""reason"":""A coluna legada va alimenta va conforme o contrato atual validado.""},{""sourceColumn"":""vt"",""destinationColumn"":""vt"",""status"":""mapped"",""transformation"":""normalize_nullable_boolean"",""nullHandling"":""normalize_empty_to_null_or_quarantine_when_required"",""referenceRole"":""none"",""sensitivity"":""none"",""reason"":""A coluna legada vt alimenta vt conforme o contrato atual validado.""}]","{""organization_id"":""e8048d1c-0830-45d7-84de-68e20abd685b""}",{},"{""declared"":false,""mode"":""unknown"",""requirements"":[]}","{""kind"":""runtime_classifier"",""decisionSource"":""runtime_classifier"",""conditions"":null,""decisionRequiredPerSourceRow"":true,""omissionPolicy"":""error"",""runtimeClassifierRequired"":true}","{""ruleOrigin"":""rh-pessoal:tb_pessoal.obrigacoes"",""stepId"":""pessoal-obligation-insert"",""classifyRef"":""rh-pessoal:tb_pessoal.obrigacoes#classifySourceRow"",""emitRef"":""rh-pessoal:tb_pessoal.obrigacoes#emitRows""}","{""required"":true,""classifyDigest"":""9982f2c2a36f28b910456832be31536306500c1d6bc84ba0b295043c4acc7d7b"",""emitDigest"":""e8e9c84819bf4a69476572c63e03ffa5d5b028b3a32c778b5e2a418ab3d23d56""}",c2363fec9054c15a60d60a7885ab5c141a94771e1c5e3c8224c425b96cc0c544,1881,0,0,0,1881,preflight_blocked,false
tb_pessoal.sindicato,pessoal-union-insert,pessoal.union,insert,generate,"{""kind"":""generate"",""legacyColumn"":""id"",""scope"":""tb_pessoal.sindicato"",""namespace"":""3f68d246-0b54-4a10-9415-a8845a767fb5""}",1:1,rh-pessoal:tb_pessoal.sindicato,,legacy_identity|unique_organization_name_cnpj_base_date,"[{""sourceColumn"":""id"",""destinationColumn"":""id"",""status"":""mapped"",""transformation"":""uuid_v5_from_full_source_table_and_legacy_id"",""nullHandling"":""normalize_empty_to_null_or_quarantine_when_required"",""referenceRole"":""none"",""sensitivity"":""none"",""reason"":""A coluna legada id alimenta id conforme o contrato atual validado.""},{""sourceColumn"":""nome"",""destinationColumn"":""name"",""status"":""mapped"",""transformation"":""normalize_required_text"",""nullHandling"":""normalize_empty_to_null_or_quarantine_when_required"",""referenceRole"":""none"",""sensitivity"":""none"",""reason"":""A coluna legada nome alimenta name conforme o contrato atual validado.""},{""sourceColumn"":""cnpj"",""destinationColumn"":""cnpj"",""status"":""mapped"",""transformation"":""normalize_required_text"",""nullHandling"":""normalize_empty_to_null_or_quarantine_when_required"",""referenceRole"":""none"",""sensitivity"":""none"",""reason"":""A coluna legada cnpj alimenta cnpj conforme o contrato atual validado.""},{""sourceColumn"":""data_base"",""destinationColumn"":""base_date"",""status"":""mapped"",""transformation"":""normalize_date"",""nullHandling"":""normalize_empty_to_null_or_quarantine_when_required"",""referenceRole"":""none"",""sensitivity"":""none"",""reason"":""A coluna legada data_base alimenta base_date conforme o contrato atual validado.""}]","{""organization_id"":""e8048d1c-0830-45d7-84de-68e20abd685b""}",{},"{""declared"":false,""mode"":""unknown"",""requirements"":[]}","{""kind"":""runtime_classifier"",""decisionSource"":""runtime_classifier"",""conditions"":null,""decisionRequiredPerSourceRow"":true,""omissionPolicy"":""error"",""runtimeClassifierRequired"":true}","{""ruleOrigin"":""rh-pessoal:tb_pessoal.sindicato"",""stepId"":""pessoal-union-insert"",""classifyRef"":""rh-pessoal:tb_pessoal.sindicato#classifySourceRow"",""emitRef"":""rh-pessoal:tb_pessoal.sindicato#emitRows""}","{""required"":true,""classifyDigest"":""9982f2c2a36f28b910456832be31536306500c1d6bc84ba0b295043c4acc7d7b"",""emitDigest"":""e8e9c84819bf4a69476572c63e03ffa5d5b028b3a32c778b5e2a418ab3d23d56""}",5baefeeac86d34eee451eea4901f019c5ae246ae49401c79c57c5bfb84de8ca9,22,0,0,0,22,preflight_blocked,false
tb_regularize.alvaras,license-insert,regularize.license,insert,generate,"{""kind"":""generate"",""legacyColumn"":""id"",""scope"":""tb_regularize.alvaras"",""namespace"":""3f68d246-0b54-4a10-9415-a8845a767fb5""}",1:1,v2:tb_regularize.alvaras,tb_integracao.clientes|tb_regularize.clientes|tb_admin.usuarios,source|defaults,"[{""sourceColumn"":""id"",""destinationColumn"":""id"",""status"":""mapped"",""transformation"":""uuid_v5"",""nullHandling"":""normalize_empty_to_null_or_quarantine_when_required"",""referenceRole"":""identity"",""sensitivity"":""none"",""reason"":""Comportamento legado e contrato atual comprovam este mapeamento de coluna.""},{""sourceColumn"":""cpf_cnpj"",""destinationColumn"":""client_id"",""status"":""mapped"",""transformation"":""lookup_client_by_document"",""nullHandling"":""normalize_empty_to_null_or_quarantine_when_required"",""referenceRole"":""foreign_key"",""sensitivity"":""personal"",""reason"":""Comportamento legado e contrato atual comprovam este mapeamento de coluna.""},{""sourceColumn"":""empresa"",""destinationColumn"":""client_id"",""status"":""mapped"",""transformation"":""lookup_client_by_name_fallback"",""nullHandling"":""normalize_empty_to_null_or_quarantine_when_required"",""referenceRole"":""foreign_key"",""sensitivity"":""none"",""reason"":""Comportamento legado e contrato atual comprovam este mapeamento de coluna.""},{""sourceColumn"":""tipo_do_alvara"",""destinationColumn"":""type_license"",""status"":""mapped"",""transformation"":""normalize_text"",""nullHandling"":""normalize_empty_to_null_or_quarantine_when_required"",""referenceRole"":""none"",""sensitivity"":""none"",""reason"":""Comportamento legado e contrato atual comprovam este mapeamento de coluna.""},{""sourceColumn"":""data_de_entrada"",""destinationColumn"":""entry_date"",""status"":""mapped"",""transformation"":""normalize_required_date"",""nullHandling"":""normalize_empty_to_null_or_quarantine_when_required"",""referenceRole"":""none"",""sensitivity"":""none"",""reason"":""Comportamento legado e contrato atual comprovam este mapeamento de coluna.""},{""sourceColumn"":""protocolo"",""destinationColumn"":""protocol"",""status"":""mapped"",""transformation"":""normalize_text"",""nullHandling"":""normalize_empty_to_null_or_quarantine_when_required"",""referenceRole"":""none"",""sensitivity"":""none"",""reason"":""Comportamento legado e contrato atual comprovam este mapeamento de coluna.""},{""sourceColumn"":""responsavel"",""destinationColumn"":""responsible_id"",""status"":""mapped"",""transformation"":""resolve_optional_user_reference"",""nullHandling"":""normalize_empty_to_null_or_quarantine_when_required"",""referenceRole"":""foreign_key"",""sensitivity"":""none"",""reason"":""Comportamento legado e contrato atual comprovam este mapeamento de coluna.""},{""sourceColumn"":""status"",""destinationColumn"":""status"",""status"":""mapped"",""transformation"":""normalize_status"",""nullHandling"":""normalize_empty_to_null_or_quarantine_when_required"",""referenceRole"":""none"",""sensitivity"":""none"",""reason"":""Comportamento legado e contrato atual comprovam este mapeamento de coluna.""},{""sourceColumn"":""data_ultima_consulta"",""destinationColumn"":""date_last_consultation"",""status"":""mapped"",""transformation"":""normalize_date"",""nullHandling"":""normalize_empty_to_null_or_quarantine_when_required"",""referenceRole"":""none"",""sensitivity"":""none"",""reason"":""Comportamento legado e contrato atual comprovam este mapeamento de coluna.""},{""sourceColumn"":""situacao_atual"",""destinationColumn"":""current_situation"",""status"":""mapped"",""transformation"":""normalize_text"",""nullHandling"":""normalize_empty_to_null_or_quarantine_when_required"",""referenceRole"":""none"",""sensitivity"":""none"",""reason"":""Comportamento legado e contrato atual comprovam este mapeamento de coluna.""},{""sourceColumn"":""contato"",""destinationColumn"":""contact"",""status"":""mapped"",""transformation"":""normalize_text"",""nullHandling"":""normalize_empty_to_null_or_quarantine_when_required"",""referenceRole"":""none"",""sensitivity"":""personal"",""reason"":""Comportamento legado e contrato atual comprovam este mapeamento de coluna.""},{""sourceColumn"":""observacao"",""destinationColumn"":""observation"",""status"":""mapped"",""transformation"":""normalize_text"",""nullHandling"":""normalize_empty_to_null_or_quarantine_when_required"",""referenceRole"":""none"",""sensitivity"":""none"",""reason"":""Comportamento legado e contrato atual comprovam este mapeamento de coluna.""},{""sourceColumn"":""urgencia"",""destinationColumn"":""urgency"",""status"":""mapped"",""transformation"":""normalize_text"",""nullHandling"":""normalize_empty_to_null_or_quarantine_when_required"",""referenceRole"":""none"",""sensitivity"":""personal"",""reason"":""Comportamento legado e contrato atual comprovam este mapeamento de coluna.""},{""sourceColumn"":""tipo"",""destinationColumn"":""type"",""status"":""mapped"",""transformation"":""normalize_text"",""nullHandling"":""normalize_empty_to_null_or_quarantine_when_required"",""referenceRole"":""none"",""sensitivity"":""none"",""reason"":""Comportamento legado e contrato atual comprovam este mapeamento de coluna.""},{""sourceColumn"":""protocolo_arquivo"",""destinationColumn"":null,""status"":""not_preserved"",""transformation"":""discard_without_persisting_value"",""nullHandling"":""not_applicable"",""referenceRole"":""none"",""sensitivity"":""none"",""reason"":""O arquivo de protocolo exige migração de storage e não possui coluna escalar equivalente em License.""}]","{""organization_id"":""e8048d1c-0830-45d7-84de-68e20abd685b"",""has"":true}","{""status"":""Migrado"",""current_situation"":""Não informado"",""contact"":""Não informado"",""urgency"":""0"",""type"":""0"",""due_date"":null,""task_id"":null}","{""declared"":false,""mode"":""unknown"",""requirements"":[]}","{""kind"":""runtime_classifier"",""decisionSource"":""runtime_classifier"",""conditions"":null,""decisionRequiredPerSourceRow"":true,""omissionPolicy"":""error"",""runtimeClassifierRequired"":true}","{""ruleOrigin"":""v2:tb_regularize.alvaras"",""stepId"":""license-insert"",""classifyRef"":""v2:tb_regularize.alvaras#classifySourceRow"",""emitRef"":""v2:tb_regularize.alvaras#emitRows""}","{""required"":true,""classifyDigest"":""3600dc5cea77f8cd2d181405a6a0332bc5c5ab9fd9c09508cf06d68cd61be240"",""emitDigest"":""b0683094f6cfca02f49cf4faa1ace95aeb65e464a65bbc0f1de6f55554aa1a2a""}",86e4b158694543bcf88af00b8b2ca60cba0f382faca6b8e21c019890febcef93,340,0,0,0,340,preflight_blocked,false
tb_regularize.clientes,regularize-client-insert,clients,insert,generate,"{""kind"":""generate"",""legacyColumn"":""codigo"",""scope"":""tb_regularize.clientes"",""namespace"":""3f68d246-0b54-4a10-9415-a8845a767fb5""}",1:1,v2:tb_regularize.clientes,,source_regularize,"[{""sourceColumn"":""codigo"",""destinationColumn"":""id"",""status"":""mapped"",""transformation"":""uuid_v5"",""nullHandling"":""normalize_empty_to_null_or_quarantine_when_required"",""referenceRole"":""identity"",""sensitivity"":""none"",""reason"":""Comportamento legado e contrato atual comprovam este mapeamento de coluna.""},{""sourceColumn"":""codigo"",""destinationColumn"":""dominio_code"",""status"":""mapped"",""transformation"":""normalize_text"",""nullHandling"":""normalize_empty_to_null_or_quarantine_when_required"",""referenceRole"":""none"",""sensitivity"":""none"",""reason"":""Comportamento legado e contrato atual comprovam este mapeamento de coluna.""},{""sourceColumn"":""nome"",""destinationColumn"":""name"",""status"":""mapped"",""transformation"":""normalize_scalar"",""nullHandling"":""normalize_empty_to_null_or_quarantine_when_required"",""referenceRole"":""none"",""sensitivity"":""none"",""reason"":""Comportamento legado e contrato atual comprovam este mapeamento de coluna.""},{""sourceColumn"":""razao_social"",""destinationColumn"":""company_name"",""status"":""mapped"",""transformation"":""normalize_scalar"",""nullHandling"":""normalize_empty_to_null_or_quarantine_when_required"",""referenceRole"":""none"",""sensitivity"":""none"",""reason"":""Comportamento legado e contrato atual comprovam este mapeamento de coluna.""},{""sourceColumn"":""nome_fantasia"",""destinationColumn"":""fantasy_name"",""status"":""mapped"",""transformation"":""normalize_scalar"",""nullHandling"":""normalize_empty_to_null_or_quarantine_when_required"",""referenceRole"":""none"",""sensitivity"":""none"",""reason"":""Comportamento legado e contrato atual comprovam este mapeamento de coluna.""},{""sourceColumn"":""cpf_cnpj"",""destinationColumn"":""cpf_cnpj"",""status"":""mapped"",""transformation"":""normalize_cpf_cnpj"",""nullHandling"":""normalize_empty_to_null_or_quarantine_when_required"",""referenceRole"":""none"",""sensitivity"":""personal"",""reason"":""Comportamento legado e contrato atual comprovam este mapeamento de coluna.""},{""sourceColumn"":""cnae"",""destinationColumn"":""cnae"",""status"":""mapped"",""transformation"":""normalize_digits"",""nullHandling"":""normalize_empty_to_null_or_quarantine_when_required"",""referenceRole"":""none"",""sensitivity"":""none"",""reason"":""Comportamento legado e contrato atual comprovam este mapeamento de coluna.""},{""sourceColumn"":""responsavel"",""destinationColumn"":""responsible"",""status"":""mapped"",""transformation"":""normalize_text"",""nullHandling"":""normalize_empty_to_null_or_quarantine_when_required"",""referenceRole"":""none"",""sensitivity"":""personal"",""reason"":""Comportamento legado e contrato atual comprovam este mapeamento de coluna.""},{""sourceColumn"":""fone"",""destinationColumn"":""number"",""status"":""mapped"",""transformation"":""normalize_phone"",""nullHandling"":""normalize_empty_to_null_or_quarantine_when_required"",""referenceRole"":""none"",""sensitivity"":""personal"",""reason"":""Comportamento legado e contrato atual comprovam este mapeamento de coluna.""},{""sourceColumn"":""email"",""destinationColumn"":""email"",""status"":""mapped"",""transformation"":""normalize_email"",""nullHandling"":""normalize_empty_to_null_or_quarantine_when_required"",""referenceRole"":""none"",""sensitivity"":""personal"",""reason"":""Comportamento legado e contrato atual comprovam este mapeamento de coluna.""},{""sourceColumn"":""endereco"",""destinationColumn"":""address"",""status"":""mapped"",""transformation"":""normalize_text"",""nullHandling"":""normalize_empty_to_null_or_quarantine_when_required"",""referenceRole"":""none"",""sensitivity"":""personal"",""reason"":""Comportamento legado e contrato atual comprovam este mapeamento de coluna.""},{""sourceColumn"":""cep"",""destinationColumn"":""cep"",""status"":""mapped"",""transformation"":""normalize_digits"",""nullHandling"":""normalize_empty_to_null_or_quarantine_when_required"",""referenceRole"":""none"",""sensitivity"":""personal"",""reason"":""Comportamento legado e contrato atual comprovam este mapeamento de coluna.""},{""sourceColumn"":""bairro"",""destinationColumn"":""neighborhood"",""status"":""mapped"",""transformation"":""normalize_scalar"",""nullHandling"":""normalize_empty_to_null_or_quarantine_when_required"",""referenceRole"":""none"",""sensitivity"":""none"",""reason"":""Comportamento legado e contrato atual comprovam este mapeamento de coluna.""},{""sourceColumn"":""estado"",""destinationColumn"":""state"",""status"":""mapped"",""transformation"":""normalize_scalar"",""nullHandling"":""normalize_empty_to_null_or_quarantine_when_required"",""referenceRole"":""none"",""sensitivity"":""none"",""reason"":""Comportamento legado e contrato atual comprovam este mapeamento de coluna.""},{""sourceColumn"":""municipio"",""destinationColumn"":""city"",""status"":""mapped"",""transformation"":""normalize_scalar"",""nullHandling"":""normalize_empty_to_null_or_quarantine_when_required"",""referenceRole"":""none"",""sensitivity"":""none"",""reason"":""Comportamento legado e contrato atual comprovam este mapeamento de coluna.""},{""sourceColumn"":""cliente_desde"",""destinationColumn"":""customer_since"",""status"":""mapped"",""transformation"":""normalize_date"",""nullHandling"":""normalize_empty_to_null_or_quarantine_when_required"",""referenceRole"":""none"",""sensitivity"":""none"",""reason"":""Comportamento legado e contrato atual comprovam este mapeamento de coluna.""},{""sourceColumn"":""inscricao_municipal"",""destinationColumn"":""municipal_registration"",""status"":""mapped"",""transformation"":""normalize_scalar"",""nullHandling"":""normalize_empty_to_null_or_quarantine_when_required"",""referenceRole"":""none"",""sensitivity"":""none"",""reason"":""Comportamento legado e contrato atual comprovam este mapeamento de coluna.""},{""sourceColumn"":""inscricao_estadual"",""destinationColumn"":""state_registration"",""status"":""mapped"",""transformation"":""normalize_scalar"",""nullHandling"":""normalize_empty_to_null_or_quarantine_when_required"",""referenceRole"":""none"",""sensitivity"":""none"",""reason"":""Comportamento legado e contrato atual comprovam este mapeamento de coluna.""},{""sourceColumn"":""inscricao_junta_comercial"",""destinationColumn"":""commercial_board_registration"",""status"":""mapped"",""transformation"":""normalize_scalar"",""nullHandling"":""normalize_empty_to_null_or_quarantine_when_required"",""referenceRole"":""none"",""sensitivity"":""none"",""reason"":""Comportamento legado e contrato atual comprovam este mapeamento de coluna.""},{""sourceColumn"":""situacao"",""destinationColumn"":""status"",""status"":""mapped"",""transformation"":""normalize_status"",""nullHandling"":""normalize_empty_to_null_or_quarantine_when_required"",""referenceRole"":""none"",""sensitivity"":""none"",""reason"":""Comportamento legado e contrato atual comprovam este mapeamento de coluna.""},{""sourceColumn"":""competencia_entrada"",""destinationColumn"":""competence_entry"",""status"":""mapped"",""transformation"":""normalize_competence_date"",""nullHandling"":""normalize_empty_to_null_or_quarantine_when_required"",""referenceRole"":""none"",""sensitivity"":""none"",""reason"":""Comportamento legado e contrato atual comprovam este mapeamento de coluna.""},{""sourceColumn"":""competencia_saida"",""destinationColumn"":""competence_output"",""status"":""mapped"",""transformation"":""normalize_competence_date"",""nullHandling"":""normalize_empty_to_null_or_quarantine_when_required"",""referenceRole"":""none"",""sensitivity"":""none"",""reason"":""Comportamento legado e contrato atual comprovam este mapeamento de coluna.""},{""sourceColumn"":""cliente_id"",""destinationColumn"":null,""status"":""not_preserved"",""transformation"":""discard_without_persisting_value"",""nullHandling"":""not_applicable"",""referenceRole"":""none"",""sensitivity"":""none"",""reason"":""Sem vínculo explícito válido, cliente_id não identifica outra entidade e não é persistido.""}]","{""organization_id"":""e8048d1c-0830-45d7-84de-68e20abd685b""}","{""status"":""Migrado"",""prospecting_status"":""Migrado do legado"",""cpf_cnpj"":"""",""type"":""PJ"",""type_registration"":""Migrado""}","{""declared"":false,""mode"":""unknown"",""requirements"":[]}","{""kind"":""runtime_classifier"",""decisionSource"":""runtime_classifier"",""conditions"":null,""decisionRequiredPerSourceRow"":true,""omissionPolicy"":""error"",""runtimeClassifierRequired"":true}","{""ruleOrigin"":""v2:tb_regularize.clientes"",""stepId"":""regularize-client-insert"",""classifyRef"":""v2:tb_regularize.clientes#classifySourceRow"",""emitRef"":""v2:tb_regularize.clientes#emitRows""}","{""required"":true,""classifyDigest"":""c1f791b2f2974e70a5b943401585ea06f7d6a82593704d08981980e4a3de5d55"",""emitDigest"":""b5461d79add4b535fc37b2dc4c094f4f71f1ba3d118e11b9cc1f913d01b29e39""}",8c5659dc4eff4e5a376bbab9a2064f03658d5a186939137a526c7e3411b7af3c,1319,0,0,0,1319,preflight_blocked,false
tb_regularize.clientes,regularize-client-merge,clients,merge,resolve,"{""kind"":""resolve"",""sourceTable"":""tb_integracao.clientes"",""sourceColumn"":""cliente_id"",""targetLegacyColumn"":""id""}",1:1,v2:tb_regularize.clientes,tb_integracao.clientes,explicit_legacy_link|source_regularize|existing_integracao,"[{""sourceColumn"":""cliente_id"",""destinationColumn"":""id"",""status"":""mapped"",""transformation"":""resolve_explicit_legacy_link"",""nullHandling"":""normalize_empty_to_null_or_quarantine_when_required"",""referenceRole"":""identity"",""sensitivity"":""none"",""reason"":""Comportamento legado e contrato atual comprovam este mapeamento de coluna.""},{""sourceColumn"":""codigo"",""destinationColumn"":""dominio_code"",""status"":""mapped"",""transformation"":""normalize_text"",""nullHandling"":""normalize_empty_to_null_or_quarantine_when_required"",""referenceRole"":""none"",""sensitivity"":""none"",""reason"":""Comportamento legado e contrato atual comprovam este mapeamento de coluna.""},{""sourceColumn"":""nome"",""destinationColumn"":""name"",""status"":""mapped"",""transformation"":""normalize_scalar"",""nullHandling"":""normalize_empty_to_null_or_quarantine_when_required"",""referenceRole"":""none"",""sensitivity"":""none"",""reason"":""Comportamento legado e contrato atual comprovam este mapeamento de coluna.""},{""sourceColumn"":""razao_social"",""destinationColumn"":""company_name"",""status"":""mapped"",""transformation"":""normalize_scalar"",""nullHandling"":""normalize_empty_to_null_or_quarantine_when_required"",""referenceRole"":""none"",""sensitivity"":""none"",""reason"":""Comportamento legado e contrato atual comprovam este mapeamento de coluna.""},{""sourceColumn"":""nome_fantasia"",""destinationColumn"":""fantasy_name"",""status"":""mapped"",""transformation"":""normalize_scalar"",""nullHandling"":""normalize_empty_to_null_or_quarantine_when_required"",""referenceRole"":""none"",""sensitivity"":""none"",""reason"":""Comportamento legado e contrato atual comprovam este mapeamento de coluna.""},{""sourceColumn"":""cpf_cnpj"",""destinationColumn"":""cpf_cnpj"",""status"":""mapped"",""transformation"":""normalize_cpf_cnpj"",""nullHandling"":""normalize_empty_to_null_or_quarantine_when_required"",""referenceRole"":""none"",""sensitivity"":""personal"",""reason"":""Comportamento legado e contrato atual comprovam este mapeamento de coluna.""},{""sourceColumn"":""cnae"",""destinationColumn"":""cnae"",""status"":""mapped"",""transformation"":""normalize_digits"",""nullHandling"":""normalize_empty_to_null_or_quarantine_when_required"",""referenceRole"":""none"",""sensitivity"":""none"",""reason"":""Comportamento legado e contrato atual comprovam este mapeamento de coluna.""},{""sourceColumn"":""responsavel"",""destinationColumn"":""responsible"",""status"":""mapped"",""transformation"":""normalize_text"",""nullHandling"":""normalize_empty_to_null_or_quarantine_when_required"",""referenceRole"":""none"",""sensitivity"":""personal"",""reason"":""Comportamento legado e contrato atual comprovam este mapeamento de coluna.""},{""sourceColumn"":""fone"",""destinationColumn"":""number"",""status"":""mapped"",""transformation"":""normalize_phone"",""nullHandling"":""normalize_empty_to_null_or_quarantine_when_required"",""referenceRole"":""none"",""sensitivity"":""personal"",""reason"":""Comportamento legado e contrato atual comprovam este mapeamento de coluna.""},{""sourceColumn"":""email"",""destinationColumn"":""email"",""status"":""mapped"",""transformation"":""normalize_email"",""nullHandling"":""normalize_empty_to_null_or_quarantine_when_required"",""referenceRole"":""none"",""sensitivity"":""personal"",""reason"":""Comportamento legado e contrato atual comprovam este mapeamento de coluna.""},{""sourceColumn"":""endereco"",""destinationColumn"":""address"",""status"":""mapped"",""transformation"":""normalize_text"",""nullHandling"":""normalize_empty_to_null_or_quarantine_when_required"",""referenceRole"":""none"",""sensitivity"":""personal"",""reason"":""Comportamento legado e contrato atual comprovam este mapeamento de coluna.""},{""sourceColumn"":""cep"",""destinationColumn"":""cep"",""status"":""mapped"",""transformation"":""normalize_digits"",""nullHandling"":""normalize_empty_to_null_or_quarantine_when_required"",""referenceRole"":""none"",""sensitivity"":""personal"",""reason"":""Comportamento legado e contrato atual comprovam este mapeamento de coluna.""},{""sourceColumn"":""bairro"",""destinationColumn"":""neighborhood"",""status"":""mapped"",""transformation"":""normalize_scalar"",""nullHandling"":""normalize_empty_to_null_or_quarantine_when_required"",""referenceRole"":""none"",""sensitivity"":""none"",""reason"":""Comportamento legado e contrato atual comprovam este mapeamento de coluna.""},{""sourceColumn"":""estado"",""destinationColumn"":""state"",""status"":""mapped"",""transformation"":""normalize_scalar"",""nullHandling"":""normalize_empty_to_null_or_quarantine_when_required"",""referenceRole"":""none"",""sensitivity"":""none"",""reason"":""Comportamento legado e contrato atual comprovam este mapeamento de coluna.""},{""sourceColumn"":""municipio"",""destinationColumn"":""city"",""status"":""mapped"",""transformation"":""normalize_scalar"",""nullHandling"":""normalize_empty_to_null_or_quarantine_when_required"",""referenceRole"":""none"",""sensitivity"":""none"",""reason"":""Comportamento legado e contrato atual comprovam este mapeamento de coluna.""},{""sourceColumn"":""cliente_desde"",""destinationColumn"":""customer_since"",""status"":""mapped"",""transformation"":""normalize_date"",""nullHandling"":""normalize_empty_to_null_or_quarantine_when_required"",""referenceRole"":""none"",""sensitivity"":""none"",""reason"":""Comportamento legado e contrato atual comprovam este mapeamento de coluna.""},{""sourceColumn"":""inscricao_municipal"",""destinationColumn"":""municipal_registration"",""status"":""mapped"",""transformation"":""normalize_scalar"",""nullHandling"":""normalize_empty_to_null_or_quarantine_when_required"",""referenceRole"":""none"",""sensitivity"":""none"",""reason"":""Comportamento legado e contrato atual comprovam este mapeamento de coluna.""},{""sourceColumn"":""inscricao_estadual"",""destinationColumn"":""state_registration"",""status"":""mapped"",""transformation"":""normalize_scalar"",""nullHandling"":""normalize_empty_to_null_or_quarantine_when_required"",""referenceRole"":""none"",""sensitivity"":""none"",""reason"":""Comportamento legado e contrato atual comprovam este mapeamento de coluna.""},{""sourceColumn"":""inscricao_junta_comercial"",""destinationColumn"":""commercial_board_registration"",""status"":""mapped"",""transformation"":""normalize_scalar"",""nullHandling"":""normalize_empty_to_null_or_quarantine_when_required"",""referenceRole"":""none"",""sensitivity"":""none"",""reason"":""Comportamento legado e contrato atual comprovam este mapeamento de coluna.""},{""sourceColumn"":""situacao"",""destinationColumn"":""status"",""status"":""mapped"",""transformation"":""normalize_status"",""nullHandling"":""normalize_empty_to_null_or_quarantine_when_required"",""referenceRole"":""none"",""sensitivity"":""none"",""reason"":""Comportamento legado e contrato atual comprovam este mapeamento de coluna.""},{""sourceColumn"":""competencia_entrada"",""destinationColumn"":""competence_entry"",""status"":""mapped"",""transformation"":""normalize_competence_date"",""nullHandling"":""normalize_empty_to_null_or_quarantine_when_required"",""referenceRole"":""none"",""sensitivity"":""none"",""reason"":""Comportamento legado e contrato atual comprovam este mapeamento de coluna.""},{""sourceColumn"":""competencia_saida"",""destinationColumn"":""competence_output"",""status"":""mapped"",""transformation"":""normalize_competence_date"",""nullHandling"":""normalize_empty_to_null_or_quarantine_when_required"",""referenceRole"":""none"",""sensitivity"":""none"",""reason"":""Comportamento legado e contrato atual comprovam este mapeamento de coluna.""}]",{},{},"{""declared"":false,""mode"":""unknown"",""requirements"":[]}","{""kind"":""runtime_classifier"",""decisionSource"":""runtime_classifier"",""conditions"":null,""decisionRequiredPerSourceRow"":true,""omissionPolicy"":""error"",""runtimeClassifierRequired"":true}","{""ruleOrigin"":""v2:tb_regularize.clientes"",""stepId"":""regularize-client-merge"",""classifyRef"":""v2:tb_regularize.clientes#classifySourceRow"",""emitRef"":""v2:tb_regularize.clientes#emitRows""}","{""required"":true,""classifyDigest"":""c1f791b2f2974e70a5b943401585ea06f7d6a82593704d08981980e4a3de5d55"",""emitDigest"":""b5461d79add4b535fc37b2dc4c094f4f71f1ba3d118e11b9cc1f913d01b29e39""}",c731e787b7a27cca269ef81a5f593346875b54ab5d70fa2c856806a18351d595,1319,0,0,0,1319,preflight_blocked,false
tb_regularize.clientes_senhas,credential-site-bacen,regularize.passowordsSites,derived,generate,"{""kind"":""generate"",""legacyColumn"":""organization_id"",""scope"":""tb_regularize.clientes_senhas:site:bacen"",""namespace"":""3f68d246-0b54-4a10-9415-a8845a767fb5""}",1:N,v2:tb_regularize.clientes_senhas,,logical_site_scope|organization_scope,"[{""sourceColumn"":null,""destinationColumn"":""id"",""status"":""mapped"",""transformation"":""uuid_v5_credential_site"",""nullHandling"":""normalize_empty_to_null_or_quarantine_when_required"",""referenceRole"":""identity"",""sensitivity"":""none"",""reason"":""Comportamento legado e contrato atual comprovam este mapeamento de coluna.""}]","{""name"":""Bacen"",""sphere"":""legacy"",""user"":"""",""password"":"""",""status"":true,""organization_id"":""e8048d1c-0830-45d7-84de-68e20abd685b""}","{""link"":null}","{""declared"":false,""mode"":""unknown"",""requirements"":[]}","{""kind"":""runtime_classifier"",""decisionSource"":""runtime_classifier"",""conditions"":null,""decisionRequiredPerSourceRow"":true,""omissionPolicy"":""error"",""runtimeClassifierRequired"":true}","{""ruleOrigin"":""v2:tb_regularize.clientes_senhas"",""stepId"":""credential-site-bacen"",""classifyRef"":""v2:tb_regularize.clientes_senhas#classifySourceRow"",""emitRef"":""v2:tb_regularize.clientes_senhas#emitRows""}","{""required"":true,""classifyDigest"":""c1f791b2f2974e70a5b943401585ea06f7d6a82593704d08981980e4a3de5d55"",""emitDigest"":""2aeb0a4a8c8e5ecdda4cab24e0d807c809681cb790bde8386244815541683888""}",ffb2c7bb939bf5cb51d6bc73eb84ea1cd40f5b8a24a49cfdb20e5771fc61d45a,850,0,0,0,850,preflight_blocked,false
tb_regularize.clientes_senhas,credential-site-gov-br,regularize.passowordsSites,derived,generate,"{""kind"":""generate"",""legacyColumn"":""organization_id"",""scope"":""tb_regularize.clientes_senhas:site:gov-br"",""namespace"":""3f68d246-0b54-4a10-9415-a8845a767fb5""}",1:N,v2:tb_regularize.clientes_senhas,,logical_site_scope|organization_scope,"[{""sourceColumn"":null,""destinationColumn"":""id"",""status"":""mapped"",""transformation"":""uuid_v5_credential_site"",""nullHandling"":""normalize_empty_to_null_or_quarantine_when_required"",""referenceRole"":""identity"",""sensitivity"":""none"",""reason"":""Comportamento legado e contrato atual comprovam este mapeamento de coluna.""}]","{""name"":""Gov.br"",""sphere"":""legacy"",""user"":"""",""password"":"""",""status"":true,""organization_id"":""e8048d1c-0830-45d7-84de-68e20abd685b""}","{""link"":null}","{""declared"":false,""mode"":""unknown"",""requirements"":[]}","{""kind"":""runtime_classifier"",""decisionSource"":""runtime_classifier"",""conditions"":null,""decisionRequiredPerSourceRow"":true,""omissionPolicy"":""error"",""runtimeClassifierRequired"":true}","{""ruleOrigin"":""v2:tb_regularize.clientes_senhas"",""stepId"":""credential-site-gov-br"",""classifyRef"":""v2:tb_regularize.clientes_senhas#classifySourceRow"",""emitRef"":""v2:tb_regularize.clientes_senhas#emitRows""}","{""required"":true,""classifyDigest"":""c1f791b2f2974e70a5b943401585ea06f7d6a82593704d08981980e4a3de5d55"",""emitDigest"":""2aeb0a4a8c8e5ecdda4cab24e0d807c809681cb790bde8386244815541683888""}",641064345c169917e3e33da70ce7505c2b18f61bd4ded772d18cbd1384fec35d,850,0,0,0,850,preflight_blocked,false
tb_regularize.clientes_senhas,credential-site-mei,regularize.passowordsSites,derived,generate,"{""kind"":""generate"",""legacyColumn"":""organization_id"",""scope"":""tb_regularize.clientes_senhas:site:mei"",""namespace"":""3f68d246-0b54-4a10-9415-a8845a767fb5""}",1:N,v2:tb_regularize.clientes_senhas,,logical_site_scope|organization_scope,"[{""sourceColumn"":null,""destinationColumn"":""id"",""status"":""mapped"",""transformation"":""uuid_v5_credential_site"",""nullHandling"":""normalize_empty_to_null_or_quarantine_when_required"",""referenceRole"":""identity"",""sensitivity"":""none"",""reason"":""Comportamento legado e contrato atual comprovam este mapeamento de coluna.""}]","{""name"":""MEI"",""sphere"":""legacy"",""user"":"""",""password"":"""",""status"":true,""organization_id"":""e8048d1c-0830-45d7-84de-68e20abd685b""}","{""link"":null}","{""declared"":false,""mode"":""unknown"",""requirements"":[]}","{""kind"":""runtime_classifier"",""decisionSource"":""runtime_classifier"",""conditions"":null,""decisionRequiredPerSourceRow"":true,""omissionPolicy"":""error"",""runtimeClassifierRequired"":true}","{""ruleOrigin"":""v2:tb_regularize.clientes_senhas"",""stepId"":""credential-site-mei"",""classifyRef"":""v2:tb_regularize.clientes_senhas#classifySourceRow"",""emitRef"":""v2:tb_regularize.clientes_senhas#emitRows""}","{""required"":true,""classifyDigest"":""c1f791b2f2974e70a5b943401585ea06f7d6a82593704d08981980e4a3de5d55"",""emitDigest"":""2aeb0a4a8c8e5ecdda4cab24e0d807c809681cb790bde8386244815541683888""}",b1b67d359e38a1b414309d53d90763f54727ba8954970d4293f8a599fddf1403,850,0,0,0,850,preflight_blocked,false
tb_regularize.clientes_senhas,credential-site-regularize,regularize.passowordsSites,derived,generate,"{""kind"":""generate"",""legacyColumn"":""organization_id"",""scope"":""tb_regularize.clientes_senhas:site:regularize"",""namespace"":""3f68d246-0b54-4a10-9415-a8845a767fb5""}",1:N,v2:tb_regularize.clientes_senhas,,logical_site_scope|organization_scope,"[{""sourceColumn"":null,""destinationColumn"":""id"",""status"":""mapped"",""transformation"":""uuid_v5_credential_site"",""nullHandling"":""normalize_empty_to_null_or_quarantine_when_required"",""referenceRole"":""identity"",""sensitivity"":""none"",""reason"":""Comportamento legado e contrato atual comprovam este mapeamento de coluna.""}]","{""name"":""Regularize"",""sphere"":""legacy"",""user"":"""",""password"":"""",""status"":true,""organization_id"":""e8048d1c-0830-45d7-84de-68e20abd685b""}","{""link"":null}","{""declared"":false,""mode"":""unknown"",""requirements"":[]}","{""kind"":""runtime_classifier"",""decisionSource"":""runtime_classifier"",""conditions"":null,""decisionRequiredPerSourceRow"":true,""omissionPolicy"":""error"",""runtimeClassifierRequired"":true}","{""ruleOrigin"":""v2:tb_regularize.clientes_senhas"",""stepId"":""credential-site-regularize"",""classifyRef"":""v2:tb_regularize.clientes_senhas#classifySourceRow"",""emitRef"":""v2:tb_regularize.clientes_senhas#emitRows""}","{""required"":true,""classifyDigest"":""c1f791b2f2974e70a5b943401585ea06f7d6a82593704d08981980e4a3de5d55"",""emitDigest"":""2aeb0a4a8c8e5ecdda4cab24e0d807c809681cb790bde8386244815541683888""}",895715acd0b9f528f9b538a2cdf9788dff0d804c27e1d4753679e95fc9e15d79,850,0,0,0,850,preflight_blocked,false
tb_regularize.clientes_senhas,credential-site-sefaz,regularize.passowordsSites,derived,generate,"{""kind"":""generate"",""legacyColumn"":""organization_id"",""scope"":""tb_regularize.clientes_senhas:site:sefaz"",""namespace"":""3f68d246-0b54-4a10-9415-a8845a767fb5""}",1:N,v2:tb_regularize.clientes_senhas,,logical_site_scope|organization_scope,"[{""sourceColumn"":null,""destinationColumn"":""id"",""status"":""mapped"",""transformation"":""uuid_v5_credential_site"",""nullHandling"":""normalize_empty_to_null_or_quarantine_when_required"",""referenceRole"":""identity"",""sensitivity"":""none"",""reason"":""Comportamento legado e contrato atual comprovam este mapeamento de coluna.""}]","{""name"":""SEFAZ"",""sphere"":""legacy"",""user"":"""",""password"":"""",""status"":true,""organization_id"":""e8048d1c-0830-45d7-84de-68e20abd685b""}","{""link"":null}","{""declared"":false,""mode"":""unknown"",""requirements"":[]}","{""kind"":""runtime_classifier"",""decisionSource"":""runtime_classifier"",""conditions"":null,""decisionRequiredPerSourceRow"":true,""omissionPolicy"":""error"",""runtimeClassifierRequired"":true}","{""ruleOrigin"":""v2:tb_regularize.clientes_senhas"",""stepId"":""credential-site-sefaz"",""classifyRef"":""v2:tb_regularize.clientes_senhas#classifySourceRow"",""emitRef"":""v2:tb_regularize.clientes_senhas#emitRows""}","{""required"":true,""classifyDigest"":""c1f791b2f2974e70a5b943401585ea06f7d6a82593704d08981980e4a3de5d55"",""emitDigest"":""2aeb0a4a8c8e5ecdda4cab24e0d807c809681cb790bde8386244815541683888""}",7e0f320f80fa20c8a48110e8797fd58baeb9a18901e3a687d64f493e79b43243,850,0,0,0,850,preflight_blocked,false
tb_regularize.clientes_senhas,credential-site-seifsa,regularize.passowordsSites,derived,generate,"{""kind"":""generate"",""legacyColumn"":""organization_id"",""scope"":""tb_regularize.clientes_senhas:site:seifsa"",""namespace"":""3f68d246-0b54-4a10-9415-a8845a767fb5""}",1:N,v2:tb_regularize.clientes_senhas,,logical_site_scope|organization_scope,"[{""sourceColumn"":null,""destinationColumn"":""id"",""status"":""mapped"",""transformation"":""uuid_v5_credential_site"",""nullHandling"":""normalize_empty_to_null_or_quarantine_when_required"",""referenceRole"":""identity"",""sensitivity"":""none"",""reason"":""Comportamento legado e contrato atual comprovam este mapeamento de coluna.""}]","{""name"":""SEIFSA"",""sphere"":""legacy"",""user"":"""",""password"":"""",""status"":true,""organization_id"":""e8048d1c-0830-45d7-84de-68e20abd685b""}","{""link"":null}","{""declared"":false,""mode"":""unknown"",""requirements"":[]}","{""kind"":""runtime_classifier"",""decisionSource"":""runtime_classifier"",""conditions"":null,""decisionRequiredPerSourceRow"":true,""omissionPolicy"":""error"",""runtimeClassifierRequired"":true}","{""ruleOrigin"":""v2:tb_regularize.clientes_senhas"",""stepId"":""credential-site-seifsa"",""classifyRef"":""v2:tb_regularize.clientes_senhas#classifySourceRow"",""emitRef"":""v2:tb_regularize.clientes_senhas#emitRows""}","{""required"":true,""classifyDigest"":""c1f791b2f2974e70a5b943401585ea06f7d6a82593704d08981980e4a3de5d55"",""emitDigest"":""2aeb0a4a8c8e5ecdda4cab24e0d807c809681cb790bde8386244815541683888""}",517bc017d7336958f49bb1650679d1fc6b01339b30e73cd5b34156942b264a33,850,0,0,0,850,preflight_blocked,false
tb_regularize.clientes_senhas,credential-site-simples,regularize.passowordsSites,derived,generate,"{""kind"":""generate"",""legacyColumn"":""organization_id"",""scope"":""tb_regularize.clientes_senhas:site:simples"",""namespace"":""3f68d246-0b54-4a10-9415-a8845a767fb5""}",1:N,v2:tb_regularize.clientes_senhas,,logical_site_scope|organization_scope,"[{""sourceColumn"":null,""destinationColumn"":""id"",""status"":""mapped"",""transformation"":""uuid_v5_credential_site"",""nullHandling"":""normalize_empty_to_null_or_quarantine_when_required"",""referenceRole"":""identity"",""sensitivity"":""none"",""reason"":""Comportamento legado e contrato atual comprovam este mapeamento de coluna.""}]","{""name"":""Simples"",""sphere"":""legacy"",""user"":"""",""password"":"""",""status"":true,""organization_id"":""e8048d1c-0830-45d7-84de-68e20abd685b""}","{""link"":null}","{""declared"":false,""mode"":""unknown"",""requirements"":[]}","{""kind"":""runtime_classifier"",""decisionSource"":""runtime_classifier"",""conditions"":null,""decisionRequiredPerSourceRow"":true,""omissionPolicy"":""error"",""runtimeClassifierRequired"":true}","{""ruleOrigin"":""v2:tb_regularize.clientes_senhas"",""stepId"":""credential-site-simples"",""classifyRef"":""v2:tb_regularize.clientes_senhas#classifySourceRow"",""emitRef"":""v2:tb_regularize.clientes_senhas#emitRows""}","{""required"":true,""classifyDigest"":""c1f791b2f2974e70a5b943401585ea06f7d6a82593704d08981980e4a3de5d55"",""emitDigest"":""2aeb0a4a8c8e5ecdda4cab24e0d807c809681cb790bde8386244815541683888""}",264127fa9389b418aaeb47db294cc6c7958b8ad8f8b88e28ac68d42bc8767f9e,850,0,0,0,850,preflight_blocked,false
tb_regularize.clientes_senhas,credential-site-webiss-cpf,regularize.passowordsSites,derived,generate,"{""kind"":""generate"",""legacyColumn"":""organization_id"",""scope"":""tb_regularize.clientes_senhas:site:webiss-cpf"",""namespace"":""3f68d246-0b54-4a10-9415-a8845a767fb5""}",1:N,v2:tb_regularize.clientes_senhas,,logical_site_scope|organization_scope,"[{""sourceColumn"":null,""destinationColumn"":""id"",""status"":""mapped"",""transformation"":""uuid_v5_credential_site"",""nullHandling"":""normalize_empty_to_null_or_quarantine_when_required"",""referenceRole"":""identity"",""sensitivity"":""none"",""reason"":""Comportamento legado e contrato atual comprovam este mapeamento de coluna.""}]","{""name"":""WebISS CPF"",""sphere"":""legacy"",""user"":"""",""password"":"""",""status"":true,""organization_id"":""e8048d1c-0830-45d7-84de-68e20abd685b""}","{""link"":null}","{""declared"":false,""mode"":""unknown"",""requirements"":[]}","{""kind"":""runtime_classifier"",""decisionSource"":""runtime_classifier"",""conditions"":null,""decisionRequiredPerSourceRow"":true,""omissionPolicy"":""error"",""runtimeClassifierRequired"":true}","{""ruleOrigin"":""v2:tb_regularize.clientes_senhas"",""stepId"":""credential-site-webiss-cpf"",""classifyRef"":""v2:tb_regularize.clientes_senhas#classifySourceRow"",""emitRef"":""v2:tb_regularize.clientes_senhas#emitRows""}","{""required"":true,""classifyDigest"":""c1f791b2f2974e70a5b943401585ea06f7d6a82593704d08981980e4a3de5d55"",""emitDigest"":""2aeb0a4a8c8e5ecdda4cab24e0d807c809681cb790bde8386244815541683888""}",71bdc5854a6bb3dfed71bf2d2dcb738e453f6bcf2d86d742871fa6990057d412,850,0,0,0,850,preflight_blocked,false
tb_regularize.clientes_senhas,credential-site-webiss-master,regularize.passowordsSites,derived,generate,"{""kind"":""generate"",""legacyColumn"":""organization_id"",""scope"":""tb_regularize.clientes_senhas:site:webiss-master"",""namespace"":""3f68d246-0b54-4a10-9415-a8845a767fb5""}",1:N,v2:tb_regularize.clientes_senhas,,logical_site_scope|organization_scope,"[{""sourceColumn"":null,""destinationColumn"":""id"",""status"":""mapped"",""transformation"":""uuid_v5_credential_site"",""nullHandling"":""normalize_empty_to_null_or_quarantine_when_required"",""referenceRole"":""identity"",""sensitivity"":""none"",""reason"":""Comportamento legado e contrato atual comprovam este mapeamento de coluna.""}]","{""name"":""WebISS Master"",""sphere"":""legacy"",""user"":"""",""password"":"""",""status"":true,""organization_id"":""e8048d1c-0830-45d7-84de-68e20abd685b""}","{""link"":null}","{""declared"":false,""mode"":""unknown"",""requirements"":[]}","{""kind"":""runtime_classifier"",""decisionSource"":""runtime_classifier"",""conditions"":null,""decisionRequiredPerSourceRow"":true,""omissionPolicy"":""error"",""runtimeClassifierRequired"":true}","{""ruleOrigin"":""v2:tb_regularize.clientes_senhas"",""stepId"":""credential-site-webiss-master"",""classifyRef"":""v2:tb_regularize.clientes_senhas#classifySourceRow"",""emitRef"":""v2:tb_regularize.clientes_senhas#emitRows""}","{""required"":true,""classifyDigest"":""c1f791b2f2974e70a5b943401585ea06f7d6a82593704d08981980e4a3de5d55"",""emitDigest"":""2aeb0a4a8c8e5ecdda4cab24e0d807c809681cb790bde8386244815541683888""}",e028a504e97b9f8485ff58ecdacbd995268930826defc21a97b46d9da554bbbe,850,0,0,0,850,preflight_blocked,false
tb_regularize.clientes_senhas,credential-slot-bacen,regularize.passwordsRegularize,insert,generate,"{""kind"":""generate"",""legacyColumn"":""id"",""scope"":""tb_regularize.clientes_senhas:credential:bacen"",""namespace"":""3f68d246-0b54-4a10-9415-a8845a767fb5""}",1:N,v2:tb_regularize.clientes_senhas,tb_regularize.clientes|tb_integracao.clientes,logical_slot_scope|encrypted_login_and_password,"[{""sourceColumn"":""id"",""destinationColumn"":""id"",""status"":""mapped"",""transformation"":""uuid_v5_per_credential_slot"",""nullHandling"":""normalize_empty_to_null_or_quarantine_when_required"",""referenceRole"":""identity"",""sensitivity"":""none"",""reason"":""Comportamento legado e contrato atual comprovam este mapeamento de coluna.""},{""sourceColumn"":""empresa"",""destinationColumn"":""client_id"",""status"":""mapped"",""transformation"":""resolve_regularize_client_reference"",""nullHandling"":""normalize_empty_to_null_or_quarantine_when_required"",""referenceRole"":""foreign_key"",""sensitivity"":""none"",""reason"":""Comportamento legado e contrato atual comprovam este mapeamento de coluna.""},{""sourceColumn"":null,""destinationColumn"":""site_id"",""status"":""mapped"",""transformation"":""resolve_credential_site"",""nullHandling"":""normalize_empty_to_null_or_quarantine_when_required"",""referenceRole"":""foreign_key"",""sensitivity"":""none"",""reason"":""Comportamento legado e contrato atual comprovam este mapeamento de coluna.""},{""sourceColumn"":""bacen_usuario"",""destinationColumn"":""login"",""status"":""mapped"",""transformation"":""encrypt_credential"",""nullHandling"":""normalize_empty_to_null_or_quarantine_when_required"",""referenceRole"":""none"",""sensitivity"":""credential"",""reason"":""Login do slot lógico Bacen exige criptografia do contrato atual.""},{""sourceColumn"":""bacen_senha"",""destinationColumn"":""password"",""status"":""mapped"",""transformation"":""encrypt_credential"",""nullHandling"":""normalize_empty_to_null_or_quarantine_when_required"",""referenceRole"":""none"",""sensitivity"":""credential"",""reason"":""Senha do slot lógico Bacen exige criptografia do contrato atual.""},{""sourceColumn"":null,""destinationColumn"":""notes"",""status"":""mapped"",""transformation"":""credential_slot_audit_note"",""nullHandling"":""normalize_empty_to_null_or_quarantine_when_required"",""referenceRole"":""none"",""sensitivity"":""none"",""reason"":""Comportamento legado e contrato atual comprovam este mapeamento de coluna.""}]","{""organization_id"":""e8048d1c-0830-45d7-84de-68e20abd685b""}","{""notes"":null}","{""declared"":false,""mode"":""unknown"",""requirements"":[]}","{""kind"":""runtime_classifier"",""decisionSource"":""runtime_classifier"",""conditions"":null,""decisionRequiredPerSourceRow"":true,""omissionPolicy"":""error"",""runtimeClassifierRequired"":true}","{""ruleOrigin"":""v2:tb_regularize.clientes_senhas"",""stepId"":""credential-slot-bacen"",""classifyRef"":""v2:tb_regularize.clientes_senhas#classifySourceRow"",""emitRef"":""v2:tb_regularize.clientes_senhas#emitRows""}","{""required"":true,""classifyDigest"":""c1f791b2f2974e70a5b943401585ea06f7d6a82593704d08981980e4a3de5d55"",""emitDigest"":""2aeb0a4a8c8e5ecdda4cab24e0d807c809681cb790bde8386244815541683888""}",8ec75151840ff142f318e1278c14eba406bcb604d63a3dca79d7d9f2d432e48a,850,0,0,0,850,preflight_blocked,false
tb_regularize.clientes_senhas,credential-slot-gov-br,regularize.passwordsRegularize,insert,generate,"{""kind"":""generate"",""legacyColumn"":""id"",""scope"":""tb_regularize.clientes_senhas:credential:gov-br"",""namespace"":""3f68d246-0b54-4a10-9415-a8845a767fb5""}",1:N,v2:tb_regularize.clientes_senhas,tb_regularize.clientes|tb_integracao.clientes,logical_slot_scope|encrypted_login_and_password,"[{""sourceColumn"":""id"",""destinationColumn"":""id"",""status"":""mapped"",""transformation"":""uuid_v5_per_credential_slot"",""nullHandling"":""normalize_empty_to_null_or_quarantine_when_required"",""referenceRole"":""identity"",""sensitivity"":""none"",""reason"":""Comportamento legado e contrato atual comprovam este mapeamento de coluna.""},{""sourceColumn"":""empresa"",""destinationColumn"":""client_id"",""status"":""mapped"",""transformation"":""resolve_regularize_client_reference"",""nullHandling"":""normalize_empty_to_null_or_quarantine_when_required"",""referenceRole"":""foreign_key"",""sensitivity"":""none"",""reason"":""Comportamento legado e contrato atual comprovam este mapeamento de coluna.""},{""sourceColumn"":null,""destinationColumn"":""site_id"",""status"":""mapped"",""transformation"":""resolve_credential_site"",""nullHandling"":""normalize_empty_to_null_or_quarantine_when_required"",""referenceRole"":""foreign_key"",""sensitivity"":""none"",""reason"":""Comportamento legado e contrato atual comprovam este mapeamento de coluna.""},{""sourceColumn"":""responsavel"",""destinationColumn"":""login"",""status"":""mapped"",""transformation"":""encrypt_credential"",""nullHandling"":""normalize_empty_to_null_or_quarantine_when_required"",""referenceRole"":""none"",""sensitivity"":""credential"",""reason"":""Login do slot lógico Gov.br exige criptografia do contrato atual.""},{""sourceColumn"":""gov"",""destinationColumn"":""password"",""status"":""mapped"",""transformation"":""encrypt_credential"",""nullHandling"":""normalize_empty_to_null_or_quarantine_when_required"",""referenceRole"":""none"",""sensitivity"":""credential"",""reason"":""Senha do slot lógico Gov.br exige criptografia do contrato atual.""},{""sourceColumn"":null,""destinationColumn"":""notes"",""status"":""mapped"",""transformation"":""credential_slot_audit_note"",""nullHandling"":""normalize_empty_to_null_or_quarantine_when_required"",""referenceRole"":""none"",""sensitivity"":""none"",""reason"":""Comportamento legado e contrato atual comprovam este mapeamento de coluna.""},{""sourceColumn"":""certificado_pj"",""destinationColumn"":null,""status"":""not_preserved"",""transformation"":""discard_without_persisting_value"",""nullHandling"":""not_applicable"",""referenceRole"":""none"",""sensitivity"":""secret"",""reason"":""Certificado PJ é artefato criptográfico, não uma senha de site, e exige fluxo próprio de storage.""},{""sourceColumn"":""certificado_pf"",""destinationColumn"":null,""status"":""not_preserved"",""transformation"":""discard_without_persisting_value"",""nullHandling"":""not_applicable"",""referenceRole"":""none"",""sensitivity"":""secret"",""reason"":""Certificado PF é artefato criptográfico, não uma senha de site, e exige fluxo próprio de storage.""}]","{""organization_id"":""e8048d1c-0830-45d7-84de-68e20abd685b""}","{""notes"":null}","{""declared"":false,""mode"":""unknown"",""requirements"":[]}","{""kind"":""runtime_classifier"",""decisionSource"":""runtime_classifier"",""conditions"":null,""decisionRequiredPerSourceRow"":true,""omissionPolicy"":""error"",""runtimeClassifierRequired"":true}","{""ruleOrigin"":""v2:tb_regularize.clientes_senhas"",""stepId"":""credential-slot-gov-br"",""classifyRef"":""v2:tb_regularize.clientes_senhas#classifySourceRow"",""emitRef"":""v2:tb_regularize.clientes_senhas#emitRows""}","{""required"":true,""classifyDigest"":""c1f791b2f2974e70a5b943401585ea06f7d6a82593704d08981980e4a3de5d55"",""emitDigest"":""2aeb0a4a8c8e5ecdda4cab24e0d807c809681cb790bde8386244815541683888""}",2ffa2ff30721644581de46e7c92eabb7df7ed404588cbb7c68a00cfd680b6d7a,850,0,0,0,850,preflight_blocked,false
tb_regularize.clientes_senhas,credential-slot-mei,regularize.passwordsRegularize,insert,generate,"{""kind"":""generate"",""legacyColumn"":""id"",""scope"":""tb_regularize.clientes_senhas:credential:mei"",""namespace"":""3f68d246-0b54-4a10-9415-a8845a767fb5""}",1:N,v2:tb_regularize.clientes_senhas,tb_regularize.clientes|tb_integracao.clientes,logical_slot_scope|encrypted_login_and_password,"[{""sourceColumn"":""id"",""destinationColumn"":""id"",""status"":""mapped"",""transformation"":""uuid_v5_per_credential_slot"",""nullHandling"":""normalize_empty_to_null_or_quarantine_when_required"",""referenceRole"":""identity"",""sensitivity"":""none"",""reason"":""Comportamento legado e contrato atual comprovam este mapeamento de coluna.""},{""sourceColumn"":""empresa"",""destinationColumn"":""client_id"",""status"":""mapped"",""transformation"":""resolve_regularize_client_reference"",""nullHandling"":""normalize_empty_to_null_or_quarantine_when_required"",""referenceRole"":""foreign_key"",""sensitivity"":""none"",""reason"":""Comportamento legado e contrato atual comprovam este mapeamento de coluna.""},{""sourceColumn"":null,""destinationColumn"":""site_id"",""status"":""mapped"",""transformation"":""resolve_credential_site"",""nullHandling"":""normalize_empty_to_null_or_quarantine_when_required"",""referenceRole"":""foreign_key"",""sensitivity"":""none"",""reason"":""Comportamento legado e contrato atual comprovam este mapeamento de coluna.""},{""sourceColumn"":""responsavel"",""destinationColumn"":""login"",""status"":""mapped"",""transformation"":""encrypt_credential"",""nullHandling"":""normalize_empty_to_null_or_quarantine_when_required"",""referenceRole"":""none"",""sensitivity"":""credential"",""reason"":""Login do slot lógico MEI exige criptografia do contrato atual.""},{""sourceColumn"":""MEI"",""destinationColumn"":""password"",""status"":""mapped"",""transformation"":""encrypt_credential"",""nullHandling"":""normalize_empty_to_null_or_quarantine_when_required"",""referenceRole"":""none"",""sensitivity"":""credential"",""reason"":""Senha do slot lógico MEI exige criptografia do contrato atual.""},{""sourceColumn"":null,""destinationColumn"":""notes"",""status"":""mapped"",""transformation"":""credential_slot_audit_note"",""nullHandling"":""normalize_empty_to_null_or_quarantine_when_required"",""referenceRole"":""none"",""sensitivity"":""none"",""reason"":""Comportamento legado e contrato atual comprovam este mapeamento de coluna.""}]","{""organization_id"":""e8048d1c-0830-45d7-84de-68e20abd685b""}","{""notes"":null}","{""declared"":false,""mode"":""unknown"",""requirements"":[]}","{""kind"":""runtime_classifier"",""decisionSource"":""runtime_classifier"",""conditions"":null,""decisionRequiredPerSourceRow"":true,""omissionPolicy"":""error"",""runtimeClassifierRequired"":true}","{""ruleOrigin"":""v2:tb_regularize.clientes_senhas"",""stepId"":""credential-slot-mei"",""classifyRef"":""v2:tb_regularize.clientes_senhas#classifySourceRow"",""emitRef"":""v2:tb_regularize.clientes_senhas#emitRows""}","{""required"":true,""classifyDigest"":""c1f791b2f2974e70a5b943401585ea06f7d6a82593704d08981980e4a3de5d55"",""emitDigest"":""2aeb0a4a8c8e5ecdda4cab24e0d807c809681cb790bde8386244815541683888""}",ee2cd33074cce70f0a274575be8eef098f2cdebef52a0111b31543a3c85d552e,850,0,0,0,850,preflight_blocked,false
tb_regularize.clientes_senhas,credential-slot-regularize,regularize.passwordsRegularize,insert,generate,"{""kind"":""generate"",""legacyColumn"":""id"",""scope"":""tb_regularize.clientes_senhas:credential:regularize"",""namespace"":""3f68d246-0b54-4a10-9415-a8845a767fb5""}",1:N,v2:tb_regularize.clientes_senhas,tb_regularize.clientes|tb_integracao.clientes,logical_slot_scope|encrypted_login_and_password,"[{""sourceColumn"":""id"",""destinationColumn"":""id"",""status"":""mapped"",""transformation"":""uuid_v5_per_credential_slot"",""nullHandling"":""normalize_empty_to_null_or_quarantine_when_required"",""referenceRole"":""identity"",""sensitivity"":""none"",""reason"":""Comportamento legado e contrato atual comprovam este mapeamento de coluna.""},{""sourceColumn"":""empresa"",""destinationColumn"":""client_id"",""status"":""mapped"",""transformation"":""resolve_regularize_client_reference"",""nullHandling"":""normalize_empty_to_null_or_quarantine_when_required"",""referenceRole"":""foreign_key"",""sensitivity"":""none"",""reason"":""Comportamento legado e contrato atual comprovam este mapeamento de coluna.""},{""sourceColumn"":null,""destinationColumn"":""site_id"",""status"":""mapped"",""transformation"":""resolve_credential_site"",""nullHandling"":""normalize_empty_to_null_or_quarantine_when_required"",""referenceRole"":""foreign_key"",""sensitivity"":""none"",""reason"":""Comportamento legado e contrato atual comprovam este mapeamento de coluna.""},{""sourceColumn"":""responsavel"",""destinationColumn"":""login"",""status"":""mapped"",""transformation"":""encrypt_credential"",""nullHandling"":""normalize_empty_to_null_or_quarantine_when_required"",""referenceRole"":""none"",""sensitivity"":""credential"",""reason"":""Login do slot lógico Regularize exige criptografia do contrato atual.""},{""sourceColumn"":""regularize"",""destinationColumn"":""password"",""status"":""mapped"",""transformation"":""encrypt_credential"",""nullHandling"":""normalize_empty_to_null_or_quarantine_when_required"",""referenceRole"":""none"",""sensitivity"":""credential"",""reason"":""Senha do slot lógico Regularize exige criptografia do contrato atual.""},{""sourceColumn"":null,""destinationColumn"":""notes"",""status"":""mapped"",""transformation"":""credential_slot_audit_note"",""nullHandling"":""normalize_empty_to_null_or_quarantine_when_required"",""referenceRole"":""none"",""sensitivity"":""none"",""reason"":""Comportamento legado e contrato atual comprovam este mapeamento de coluna.""}]","{""organization_id"":""e8048d1c-0830-45d7-84de-68e20abd685b""}","{""notes"":null}","{""declared"":false,""mode"":""unknown"",""requirements"":[]}","{""kind"":""runtime_classifier"",""decisionSource"":""runtime_classifier"",""conditions"":null,""decisionRequiredPerSourceRow"":true,""omissionPolicy"":""error"",""runtimeClassifierRequired"":true}","{""ruleOrigin"":""v2:tb_regularize.clientes_senhas"",""stepId"":""credential-slot-regularize"",""classifyRef"":""v2:tb_regularize.clientes_senhas#classifySourceRow"",""emitRef"":""v2:tb_regularize.clientes_senhas#emitRows""}","{""required"":true,""classifyDigest"":""c1f791b2f2974e70a5b943401585ea06f7d6a82593704d08981980e4a3de5d55"",""emitDigest"":""2aeb0a4a8c8e5ecdda4cab24e0d807c809681cb790bde8386244815541683888""}",758e53067b4b540d69b25efd761923d1334612faa319318827d8de8157325da0,850,0,0,0,850,preflight_blocked,false
tb_regularize.clientes_senhas,credential-slot-sefaz,regularize.passwordsRegularize,insert,generate,"{""kind"":""generate"",""legacyColumn"":""id"",""scope"":""tb_regularize.clientes_senhas:credential:sefaz"",""namespace"":""3f68d246-0b54-4a10-9415-a8845a767fb5""}",1:N,v2:tb_regularize.clientes_senhas,tb_regularize.clientes|tb_integracao.clientes,logical_slot_scope|encrypted_login_and_password,"[{""sourceColumn"":""id"",""destinationColumn"":""id"",""status"":""mapped"",""transformation"":""uuid_v5_per_credential_slot"",""nullHandling"":""normalize_empty_to_null_or_quarantine_when_required"",""referenceRole"":""identity"",""sensitivity"":""none"",""reason"":""Comportamento legado e contrato atual comprovam este mapeamento de coluna.""},{""sourceColumn"":""empresa"",""destinationColumn"":""client_id"",""status"":""mapped"",""transformation"":""resolve_regularize_client_reference"",""nullHandling"":""normalize_empty_to_null_or_quarantine_when_required"",""referenceRole"":""foreign_key"",""sensitivity"":""none"",""reason"":""Comportamento legado e contrato atual comprovam este mapeamento de coluna.""},{""sourceColumn"":null,""destinationColumn"":""site_id"",""status"":""mapped"",""transformation"":""resolve_credential_site"",""nullHandling"":""normalize_empty_to_null_or_quarantine_when_required"",""referenceRole"":""foreign_key"",""sensitivity"":""none"",""reason"":""Comportamento legado e contrato atual comprovam este mapeamento de coluna.""},{""sourceColumn"":""inscricao_estadual"",""destinationColumn"":""login"",""status"":""mapped"",""transformation"":""encrypt_credential"",""nullHandling"":""normalize_empty_to_null_or_quarantine_when_required"",""referenceRole"":""none"",""sensitivity"":""credential"",""reason"":""Login do slot lógico SEFAZ exige criptografia do contrato atual.""},{""sourceColumn"":""sefaz"",""destinationColumn"":""password"",""status"":""mapped"",""transformation"":""encrypt_credential"",""nullHandling"":""normalize_empty_to_null_or_quarantine_when_required"",""referenceRole"":""none"",""sensitivity"":""credential"",""reason"":""Senha do slot lógico SEFAZ exige criptografia do contrato atual.""},{""sourceColumn"":null,""destinationColumn"":""notes"",""status"":""mapped"",""transformation"":""credential_slot_audit_note"",""nullHandling"":""normalize_empty_to_null_or_quarantine_when_required"",""referenceRole"":""none"",""sensitivity"":""none"",""reason"":""Comportamento legado e contrato atual comprovam este mapeamento de coluna.""}]","{""organization_id"":""e8048d1c-0830-45d7-84de-68e20abd685b""}","{""notes"":null}","{""declared"":false,""mode"":""unknown"",""requirements"":[]}","{""kind"":""runtime_classifier"",""decisionSource"":""runtime_classifier"",""conditions"":null,""decisionRequiredPerSourceRow"":true,""omissionPolicy"":""error"",""runtimeClassifierRequired"":true}","{""ruleOrigin"":""v2:tb_regularize.clientes_senhas"",""stepId"":""credential-slot-sefaz"",""classifyRef"":""v2:tb_regularize.clientes_senhas#classifySourceRow"",""emitRef"":""v2:tb_regularize.clientes_senhas#emitRows""}","{""required"":true,""classifyDigest"":""c1f791b2f2974e70a5b943401585ea06f7d6a82593704d08981980e4a3de5d55"",""emitDigest"":""2aeb0a4a8c8e5ecdda4cab24e0d807c809681cb790bde8386244815541683888""}",6473985d3a8b0cff93bc24e4c8020b135c6224541d2c812fabc56de99c091abe,850,0,0,0,850,preflight_blocked,false
tb_regularize.clientes_senhas,credential-slot-seifsa,regularize.passwordsRegularize,insert,generate,"{""kind"":""generate"",""legacyColumn"":""id"",""scope"":""tb_regularize.clientes_senhas:credential:seifsa"",""namespace"":""3f68d246-0b54-4a10-9415-a8845a767fb5""}",1:N,v2:tb_regularize.clientes_senhas,tb_regularize.clientes|tb_integracao.clientes,logical_slot_scope|encrypted_login_and_password,"[{""sourceColumn"":""id"",""destinationColumn"":""id"",""status"":""mapped"",""transformation"":""uuid_v5_per_credential_slot"",""nullHandling"":""normalize_empty_to_null_or_quarantine_when_required"",""referenceRole"":""identity"",""sensitivity"":""none"",""reason"":""Comportamento legado e contrato atual comprovam este mapeamento de coluna.""},{""sourceColumn"":""empresa"",""destinationColumn"":""client_id"",""status"":""mapped"",""transformation"":""resolve_regularize_client_reference"",""nullHandling"":""normalize_empty_to_null_or_quarantine_when_required"",""referenceRole"":""foreign_key"",""sensitivity"":""none"",""reason"":""Comportamento legado e contrato atual comprovam este mapeamento de coluna.""},{""sourceColumn"":null,""destinationColumn"":""site_id"",""status"":""mapped"",""transformation"":""resolve_credential_site"",""nullHandling"":""normalize_empty_to_null_or_quarantine_when_required"",""referenceRole"":""foreign_key"",""sensitivity"":""none"",""reason"":""Comportamento legado e contrato atual comprovam este mapeamento de coluna.""},{""sourceColumn"":""seifsa_usuario"",""destinationColumn"":""login"",""status"":""mapped"",""transformation"":""encrypt_credential"",""nullHandling"":""normalize_empty_to_null_or_quarantine_when_required"",""referenceRole"":""none"",""sensitivity"":""credential"",""reason"":""Login do slot lógico SEIFSA exige criptografia do contrato atual.""},{""sourceColumn"":""seifsa_senha"",""destinationColumn"":""password"",""status"":""mapped"",""transformation"":""encrypt_credential"",""nullHandling"":""normalize_empty_to_null_or_quarantine_when_required"",""referenceRole"":""none"",""sensitivity"":""credential"",""reason"":""Senha do slot lógico SEIFSA exige criptografia do contrato atual.""},{""sourceColumn"":null,""destinationColumn"":""notes"",""status"":""mapped"",""transformation"":""credential_slot_audit_note"",""nullHandling"":""normalize_empty_to_null_or_quarantine_when_required"",""referenceRole"":""none"",""sensitivity"":""none"",""reason"":""Comportamento legado e contrato atual comprovam este mapeamento de coluna.""}]","{""organization_id"":""e8048d1c-0830-45d7-84de-68e20abd685b""}","{""notes"":null}","{""declared"":false,""mode"":""unknown"",""requirements"":[]}","{""kind"":""runtime_classifier"",""decisionSource"":""runtime_classifier"",""conditions"":null,""decisionRequiredPerSourceRow"":true,""omissionPolicy"":""error"",""runtimeClassifierRequired"":true}","{""ruleOrigin"":""v2:tb_regularize.clientes_senhas"",""stepId"":""credential-slot-seifsa"",""classifyRef"":""v2:tb_regularize.clientes_senhas#classifySourceRow"",""emitRef"":""v2:tb_regularize.clientes_senhas#emitRows""}","{""required"":true,""classifyDigest"":""c1f791b2f2974e70a5b943401585ea06f7d6a82593704d08981980e4a3de5d55"",""emitDigest"":""2aeb0a4a8c8e5ecdda4cab24e0d807c809681cb790bde8386244815541683888""}",ec68440f4a700753179e4269ed19fa2450db77114007348964c93a6873ea3788,850,0,0,0,850,preflight_blocked,false
tb_regularize.clientes_senhas,credential-slot-simples,regularize.passwordsRegularize,insert,generate,"{""kind"":""generate"",""legacyColumn"":""id"",""scope"":""tb_regularize.clientes_senhas:credential:simples"",""namespace"":""3f68d246-0b54-4a10-9415-a8845a767fb5""}",1:N,v2:tb_regularize.clientes_senhas,tb_regularize.clientes|tb_integracao.clientes,logical_slot_scope|encrypted_login_and_password,"[{""sourceColumn"":""id"",""destinationColumn"":""id"",""status"":""mapped"",""transformation"":""uuid_v5_per_credential_slot"",""nullHandling"":""normalize_empty_to_null_or_quarantine_when_required"",""referenceRole"":""identity"",""sensitivity"":""none"",""reason"":""Comportamento legado e contrato atual comprovam este mapeamento de coluna.""},{""sourceColumn"":""empresa"",""destinationColumn"":""client_id"",""status"":""mapped"",""transformation"":""resolve_regularize_client_reference"",""nullHandling"":""normalize_empty_to_null_or_quarantine_when_required"",""referenceRole"":""foreign_key"",""sensitivity"":""none"",""reason"":""Comportamento legado e contrato atual comprovam este mapeamento de coluna.""},{""sourceColumn"":null,""destinationColumn"":""site_id"",""status"":""mapped"",""transformation"":""resolve_credential_site"",""nullHandling"":""normalize_empty_to_null_or_quarantine_when_required"",""referenceRole"":""foreign_key"",""sensitivity"":""none"",""reason"":""Comportamento legado e contrato atual comprovam este mapeamento de coluna.""},{""sourceColumn"":""responsavel"",""destinationColumn"":""login"",""status"":""mapped"",""transformation"":""encrypt_credential"",""nullHandling"":""normalize_empty_to_null_or_quarantine_when_required"",""referenceRole"":""none"",""sensitivity"":""credential"",""reason"":""Login do slot lógico Simples exige criptografia do contrato atual.""},{""sourceColumn"":""acesso_simples"",""destinationColumn"":""password"",""status"":""mapped"",""transformation"":""encrypt_credential"",""nullHandling"":""normalize_empty_to_null_or_quarantine_when_required"",""referenceRole"":""none"",""sensitivity"":""credential"",""reason"":""Senha do slot lógico Simples exige criptografia do contrato atual.""},{""sourceColumn"":null,""destinationColumn"":""notes"",""status"":""mapped"",""transformation"":""credential_slot_audit_note"",""nullHandling"":""normalize_empty_to_null_or_quarantine_when_required"",""referenceRole"":""none"",""sensitivity"":""none"",""reason"":""Comportamento legado e contrato atual comprovam este mapeamento de coluna.""}]","{""organization_id"":""e8048d1c-0830-45d7-84de-68e20abd685b""}","{""notes"":null}","{""declared"":false,""mode"":""unknown"",""requirements"":[]}","{""kind"":""runtime_classifier"",""decisionSource"":""runtime_classifier"",""conditions"":null,""decisionRequiredPerSourceRow"":true,""omissionPolicy"":""error"",""runtimeClassifierRequired"":true}","{""ruleOrigin"":""v2:tb_regularize.clientes_senhas"",""stepId"":""credential-slot-simples"",""classifyRef"":""v2:tb_regularize.clientes_senhas#classifySourceRow"",""emitRef"":""v2:tb_regularize.clientes_senhas#emitRows""}","{""required"":true,""classifyDigest"":""c1f791b2f2974e70a5b943401585ea06f7d6a82593704d08981980e4a3de5d55"",""emitDigest"":""2aeb0a4a8c8e5ecdda4cab24e0d807c809681cb790bde8386244815541683888""}",d7249ae9df3f571b9236b49eace33f1263568609e6ed25a64f3daab0721a30d7,850,0,0,0,850,preflight_blocked,false
tb_regularize.clientes_senhas,credential-slot-webiss-cpf-1,regularize.passwordsRegularize,insert,generate,"{""kind"":""generate"",""legacyColumn"":""id"",""scope"":""tb_regularize.clientes_senhas:credential:webiss-cpf-1"",""namespace"":""3f68d246-0b54-4a10-9415-a8845a767fb5""}",1:N,v2:tb_regularize.clientes_senhas,tb_regularize.clientes|tb_integracao.clientes,logical_slot_scope|encrypted_login_and_password,"[{""sourceColumn"":""id"",""destinationColumn"":""id"",""status"":""mapped"",""transformation"":""uuid_v5_per_credential_slot"",""nullHandling"":""normalize_empty_to_null_or_quarantine_when_required"",""referenceRole"":""identity"",""sensitivity"":""none"",""reason"":""Comportamento legado e contrato atual comprovam este mapeamento de coluna.""},{""sourceColumn"":""empresa"",""destinationColumn"":""client_id"",""status"":""mapped"",""transformation"":""resolve_regularize_client_reference"",""nullHandling"":""normalize_empty_to_null_or_quarantine_when_required"",""referenceRole"":""foreign_key"",""sensitivity"":""none"",""reason"":""Comportamento legado e contrato atual comprovam este mapeamento de coluna.""},{""sourceColumn"":null,""destinationColumn"":""site_id"",""status"":""mapped"",""transformation"":""resolve_credential_site"",""nullHandling"":""normalize_empty_to_null_or_quarantine_when_required"",""referenceRole"":""foreign_key"",""sensitivity"":""none"",""reason"":""Comportamento legado e contrato atual comprovam este mapeamento de coluna.""},{""sourceColumn"":""webiss_usuario_cpf"",""destinationColumn"":""login"",""status"":""mapped"",""transformation"":""encrypt_credential"",""nullHandling"":""normalize_empty_to_null_or_quarantine_when_required"",""referenceRole"":""none"",""sensitivity"":""credential"",""reason"":""Login do slot lógico WebISS CPF exige criptografia do contrato atual.""},{""sourceColumn"":""webiss_cpf"",""destinationColumn"":""password"",""status"":""mapped"",""transformation"":""encrypt_credential"",""nullHandling"":""normalize_empty_to_null_or_quarantine_when_required"",""referenceRole"":""none"",""sensitivity"":""credential"",""reason"":""Senha do slot lógico WebISS CPF exige criptografia do contrato atual.""},{""sourceColumn"":null,""destinationColumn"":""notes"",""status"":""mapped"",""transformation"":""credential_slot_audit_note"",""nullHandling"":""normalize_empty_to_null_or_quarantine_when_required"",""referenceRole"":""none"",""sensitivity"":""none"",""reason"":""Comportamento legado e contrato atual comprovam este mapeamento de coluna.""}]","{""organization_id"":""e8048d1c-0830-45d7-84de-68e20abd685b""}","{""notes"":null}","{""declared"":false,""mode"":""unknown"",""requirements"":[]}","{""kind"":""runtime_classifier"",""decisionSource"":""runtime_classifier"",""conditions"":null,""decisionRequiredPerSourceRow"":true,""omissionPolicy"":""error"",""runtimeClassifierRequired"":true}","{""ruleOrigin"":""v2:tb_regularize.clientes_senhas"",""stepId"":""credential-slot-webiss-cpf-1"",""classifyRef"":""v2:tb_regularize.clientes_senhas#classifySourceRow"",""emitRef"":""v2:tb_regularize.clientes_senhas#emitRows""}","{""required"":true,""classifyDigest"":""c1f791b2f2974e70a5b943401585ea06f7d6a82593704d08981980e4a3de5d55"",""emitDigest"":""2aeb0a4a8c8e5ecdda4cab24e0d807c809681cb790bde8386244815541683888""}",a7361c91ee079023f04f72c205c4dd26e47000154cae811d6e5849cc7a336f03,850,0,0,0,850,preflight_blocked,false
tb_regularize.clientes_senhas,credential-slot-webiss-cpf-2,regularize.passwordsRegularize,insert,generate,"{""kind"":""generate"",""legacyColumn"":""id"",""scope"":""tb_regularize.clientes_senhas:credential:webiss-cpf-2"",""namespace"":""3f68d246-0b54-4a10-9415-a8845a767fb5""}",1:N,v2:tb_regularize.clientes_senhas,tb_regularize.clientes|tb_integracao.clientes,logical_slot_scope|encrypted_login_and_password,"[{""sourceColumn"":""id"",""destinationColumn"":""id"",""status"":""mapped"",""transformation"":""uuid_v5_per_credential_slot"",""nullHandling"":""normalize_empty_to_null_or_quarantine_when_required"",""referenceRole"":""identity"",""sensitivity"":""none"",""reason"":""Comportamento legado e contrato atual comprovam este mapeamento de coluna.""},{""sourceColumn"":""empresa"",""destinationColumn"":""client_id"",""status"":""mapped"",""transformation"":""resolve_regularize_client_reference"",""nullHandling"":""normalize_empty_to_null_or_quarantine_when_required"",""referenceRole"":""foreign_key"",""sensitivity"":""none"",""reason"":""Comportamento legado e contrato atual comprovam este mapeamento de coluna.""},{""sourceColumn"":null,""destinationColumn"":""site_id"",""status"":""mapped"",""transformation"":""resolve_credential_site"",""nullHandling"":""normalize_empty_to_null_or_quarantine_when_required"",""referenceRole"":""foreign_key"",""sensitivity"":""none"",""reason"":""Comportamento legado e contrato atual comprovam este mapeamento de coluna.""},{""sourceColumn"":""webiss_usuario_cpf_dois"",""destinationColumn"":""login"",""status"":""mapped"",""transformation"":""encrypt_credential"",""nullHandling"":""normalize_empty_to_null_or_quarantine_when_required"",""referenceRole"":""none"",""sensitivity"":""credential"",""reason"":""Login do slot lógico WebISS CPF exige criptografia do contrato atual.""},{""sourceColumn"":""webiss_cpf_dois"",""destinationColumn"":""password"",""status"":""mapped"",""transformation"":""encrypt_credential"",""nullHandling"":""normalize_empty_to_null_or_quarantine_when_required"",""referenceRole"":""none"",""sensitivity"":""credential"",""reason"":""Senha do slot lógico WebISS CPF exige criptografia do contrato atual.""},{""sourceColumn"":null,""destinationColumn"":""notes"",""status"":""mapped"",""transformation"":""credential_slot_audit_note"",""nullHandling"":""normalize_empty_to_null_or_quarantine_when_required"",""referenceRole"":""none"",""sensitivity"":""none"",""reason"":""Comportamento legado e contrato atual comprovam este mapeamento de coluna.""}]","{""organization_id"":""e8048d1c-0830-45d7-84de-68e20abd685b""}","{""notes"":null}","{""declared"":false,""mode"":""unknown"",""requirements"":[]}","{""kind"":""runtime_classifier"",""decisionSource"":""runtime_classifier"",""conditions"":null,""decisionRequiredPerSourceRow"":true,""omissionPolicy"":""error"",""runtimeClassifierRequired"":true}","{""ruleOrigin"":""v2:tb_regularize.clientes_senhas"",""stepId"":""credential-slot-webiss-cpf-2"",""classifyRef"":""v2:tb_regularize.clientes_senhas#classifySourceRow"",""emitRef"":""v2:tb_regularize.clientes_senhas#emitRows""}","{""required"":true,""classifyDigest"":""c1f791b2f2974e70a5b943401585ea06f7d6a82593704d08981980e4a3de5d55"",""emitDigest"":""2aeb0a4a8c8e5ecdda4cab24e0d807c809681cb790bde8386244815541683888""}",4df491480df5002823df0f4b5fe37be8bee9efaa858878cdf605b2da4b7d2318,850,0,0,0,850,preflight_blocked,false
tb_regularize.clientes_senhas,credential-slot-webiss-master,regularize.passwordsRegularize,insert,generate,"{""kind"":""generate"",""legacyColumn"":""id"",""scope"":""tb_regularize.clientes_senhas:credential:webiss-master"",""namespace"":""3f68d246-0b54-4a10-9415-a8845a767fb5""}",1:N,v2:tb_regularize.clientes_senhas,tb_regularize.clientes|tb_integracao.clientes,logical_slot_scope|encrypted_login_and_password,"[{""sourceColumn"":""id"",""destinationColumn"":""id"",""status"":""mapped"",""transformation"":""uuid_v5_per_credential_slot"",""nullHandling"":""normalize_empty_to_null_or_quarantine_when_required"",""referenceRole"":""identity"",""sensitivity"":""none"",""reason"":""Comportamento legado e contrato atual comprovam este mapeamento de coluna.""},{""sourceColumn"":""empresa"",""destinationColumn"":""client_id"",""status"":""mapped"",""transformation"":""resolve_regularize_client_reference"",""nullHandling"":""normalize_empty_to_null_or_quarantine_when_required"",""referenceRole"":""foreign_key"",""sensitivity"":""none"",""reason"":""Comportamento legado e contrato atual comprovam este mapeamento de coluna.""},{""sourceColumn"":null,""destinationColumn"":""site_id"",""status"":""mapped"",""transformation"":""resolve_credential_site"",""nullHandling"":""normalize_empty_to_null_or_quarantine_when_required"",""referenceRole"":""foreign_key"",""sensitivity"":""none"",""reason"":""Comportamento legado e contrato atual comprovam este mapeamento de coluna.""},{""sourceColumn"":""responsavel"",""destinationColumn"":""login"",""status"":""mapped"",""transformation"":""encrypt_credential"",""nullHandling"":""normalize_empty_to_null_or_quarantine_when_required"",""referenceRole"":""none"",""sensitivity"":""credential"",""reason"":""Login do slot lógico WebISS Master exige criptografia do contrato atual.""},{""sourceColumn"":""webiss_master"",""destinationColumn"":""password"",""status"":""mapped"",""transformation"":""encrypt_credential"",""nullHandling"":""normalize_empty_to_null_or_quarantine_when_required"",""referenceRole"":""none"",""sensitivity"":""credential"",""reason"":""Senha do slot lógico WebISS Master exige criptografia do contrato atual.""},{""sourceColumn"":null,""destinationColumn"":""notes"",""status"":""mapped"",""transformation"":""credential_slot_audit_note"",""nullHandling"":""normalize_empty_to_null_or_quarantine_when_required"",""referenceRole"":""none"",""sensitivity"":""none"",""reason"":""Comportamento legado e contrato atual comprovam este mapeamento de coluna.""}]","{""organization_id"":""e8048d1c-0830-45d7-84de-68e20abd685b""}","{""notes"":null}","{""declared"":false,""mode"":""unknown"",""requirements"":[]}","{""kind"":""runtime_classifier"",""decisionSource"":""runtime_classifier"",""conditions"":null,""decisionRequiredPerSourceRow"":true,""omissionPolicy"":""error"",""runtimeClassifierRequired"":true}","{""ruleOrigin"":""v2:tb_regularize.clientes_senhas"",""stepId"":""credential-slot-webiss-master"",""classifyRef"":""v2:tb_regularize.clientes_senhas#classifySourceRow"",""emitRef"":""v2:tb_regularize.clientes_senhas#emitRows""}","{""required"":true,""classifyDigest"":""c1f791b2f2974e70a5b943401585ea06f7d6a82593704d08981980e4a3de5d55"",""emitDigest"":""2aeb0a4a8c8e5ecdda4cab24e0d807c809681cb790bde8386244815541683888""}",9307f24a92a56ccb27337fae06e1c5189a9d3575d6b0356ddcddef04732be241,850,0,0,0,850,preflight_blocked,false
tb_regularize.grupos,regularize-group-insert,clients.group,insert,generate,"{""kind"":""generate"",""legacyColumn"":""id"",""scope"":""tb_regularize.grupos"",""namespace"":""3f68d246-0b54-4a10-9415-a8845a767fb5""}",1:1,integracao-regularize:tb_regularize.grupos,,source,"[{""sourceColumn"":""id"",""destinationColumn"":""id"",""status"":""mapped"",""transformation"":""uuid_v5_from_full_source_table_and_legacy_id"",""nullHandling"":""normalize_or_apply_declared_default"",""referenceRole"":""value"",""sensitivity"":""none"",""reason"":""A evidência legada e o contrato atual comprovam esta transformação sem alterar a semântica.""},{""sourceColumn"":""nome"",""destinationColumn"":""name"",""status"":""mapped"",""transformation"":""normalize_required_text"",""nullHandling"":""normalize_or_apply_declared_default"",""referenceRole"":""value"",""sensitivity"":""none"",""reason"":""A evidência legada e o contrato atual comprovam esta transformação sem alterar a semântica.""},{""sourceColumn"":""situacao"",""destinationColumn"":""status"",""status"":""mapped"",""transformation"":""normalize_active_status"",""nullHandling"":""normalize_or_apply_declared_default"",""referenceRole"":""value"",""sensitivity"":""none"",""reason"":""A evidência legada e o contrato atual comprovam esta transformação sem alterar a semântica.""}]","{""organization_id"":""e8048d1c-0830-45d7-84de-68e20abd685b""}","{""status"":true}","{""declared"":false,""mode"":""unknown"",""requirements"":[]}","{""kind"":""runtime_classifier"",""decisionSource"":""runtime_classifier"",""conditions"":null,""decisionRequiredPerSourceRow"":true,""omissionPolicy"":""error"",""runtimeClassifierRequired"":true}","{""ruleOrigin"":""integracao-regularize:tb_regularize.grupos"",""stepId"":""regularize-group-insert"",""classifyRef"":""integracao-regularize:tb_regularize.grupos#classifySourceRow"",""emitRef"":""integracao-regularize:tb_regularize.grupos#emitRows""}","{""required"":true,""classifyDigest"":""eb09a019c8af82c3a31e6012be040ca2416b7d75039bbe6b32e95b274345b4c2"",""emitDigest"":""0d1293a9fc53ad46b0b44007a2222cf2c543ff683491674b3090d6353942138a""}",22d9db585f05b99bc80ea60c1eeed798d24443f61d1907b13fa7d369d2f336cc,111,0,0,0,111,preflight_blocked,false
tb_regularize.grupos_integrantes,regularize-group-member-insert,clients.clientsGroup,insert,generate,"{""kind"":""generate"",""legacyColumn"":""id"",""scope"":""tb_regularize.grupos_integrantes"",""namespace"":""3f68d246-0b54-4a10-9415-a8845a767fb5""}",1:1,integracao-regularize:tb_regularize.grupos_integrantes,tb_regularize.grupos|tb_regularize.clientes,source,"[{""sourceColumn"":""id"",""destinationColumn"":""id"",""status"":""mapped"",""transformation"":""uuid_v5_from_full_source_table_and_legacy_id"",""nullHandling"":""normalize_or_apply_declared_default"",""referenceRole"":""value"",""sensitivity"":""none"",""reason"":""A evidência legada e o contrato atual comprovam esta transformação sem alterar a semântica.""},{""sourceColumn"":""codigo_cliente"",""destinationColumn"":""client_id"",""status"":""mapped"",""transformation"":""resolve_canonical_v2_client_reference"",""nullHandling"":""normalize_or_apply_declared_default"",""referenceRole"":""foreign_key"",""sensitivity"":""none"",""reason"":""A chave é resolvida pelo vínculo legado explícito; zero ou múltiplos candidatos geram quarantine.""},{""sourceColumn"":""grupo_id"",""destinationColumn"":""group_id"",""status"":""mapped"",""transformation"":""resolve_explicit_regularize_group_reference"",""nullHandling"":""normalize_or_apply_declared_default"",""referenceRole"":""foreign_key"",""sensitivity"":""none"",""reason"":""A chave é resolvida pelo vínculo legado explícito; zero ou múltiplos candidatos geram quarantine.""}]","{""organization_id"":""e8048d1c-0830-45d7-84de-68e20abd685b""}",{},"{""declared"":false,""mode"":""unknown"",""requirements"":[]}","{""kind"":""runtime_classifier"",""decisionSource"":""runtime_classifier"",""conditions"":null,""decisionRequiredPerSourceRow"":true,""omissionPolicy"":""error"",""runtimeClassifierRequired"":true}","{""ruleOrigin"":""integracao-regularize:tb_regularize.grupos_integrantes"",""stepId"":""regularize-group-member-insert"",""classifyRef"":""integracao-regularize:tb_regularize.grupos_integrantes#classifySourceRow"",""emitRef"":""integracao-regularize:tb_regularize.grupos_integrantes#emitRows""}","{""required"":true,""classifyDigest"":""0709ef980c9ee45aaaca632090ab0cbd8b2617b9e01edefbe09265a29033884b"",""emitDigest"":""0d1293a9fc53ad46b0b44007a2222cf2c543ff683491674b3090d6353942138a""}",e573c40681f1c4d84c439fe180e89b7ff5f46716741e081d1f2fb24366600b2a,339,0,0,0,339,preflight_blocked,false
tb_regularize.orientaoes_processual,guidance-insert,regularize.proceduralGuidances,insert,generate,"{""kind"":""generate"",""legacyColumn"":""id"",""scope"":""tb_regularize.orientaoes_processual"",""namespace"":""3f68d246-0b54-4a10-9415-a8845a767fb5""}",1:N,v2:tb_regularize.orientaoes_processual,tb_regularize.processos|tb_regularize.clientes,source|resolved_or_derived_process,"[{""sourceColumn"":""id"",""destinationColumn"":""id"",""status"":""mapped"",""transformation"":""uuid_v5"",""nullHandling"":""normalize_empty_to_null_or_quarantine_when_required"",""referenceRole"":""identity"",""sensitivity"":""none"",""reason"":""Comportamento legado e contrato atual comprovam este mapeamento de coluna.""},{""sourceColumn"":""processo_id"",""destinationColumn"":""process_id"",""status"":""mapped"",""transformation"":""resolve_or_derive_process"",""nullHandling"":""normalize_empty_to_null_or_quarantine_when_required"",""referenceRole"":""foreign_key"",""sensitivity"":""none"",""reason"":""Comportamento legado e contrato atual comprovam este mapeamento de coluna.""},{""sourceColumn"":""tipo"",""destinationColumn"":""type"",""status"":""mapped"",""transformation"":""normalize_text"",""nullHandling"":""normalize_empty_to_null_or_quarantine_when_required"",""referenceRole"":""none"",""sensitivity"":""none"",""reason"":""Comportamento legado e contrato atual comprovam este mapeamento de coluna.""},{""sourceColumn"":""solicitacao"",""destinationColumn"":""request"",""status"":""mapped"",""transformation"":""normalize_text"",""nullHandling"":""normalize_empty_to_null_or_quarantine_when_required"",""referenceRole"":""none"",""sensitivity"":""none"",""reason"":""Comportamento legado e contrato atual comprovam este mapeamento de coluna.""},{""sourceColumn"":""obs_quadro"",""destinationColumn"":""framework_obs"",""status"":""mapped"",""transformation"":""normalize_text"",""nullHandling"":""normalize_empty_to_null_or_quarantine_when_required"",""referenceRole"":""none"",""sensitivity"":""none"",""reason"":""Comportamento legado e contrato atual comprovam este mapeamento de coluna.""},{""sourceColumn"":""natureza_juridica"",""destinationColumn"":""legal_nature"",""status"":""mapped"",""transformation"":""normalize_text"",""nullHandling"":""normalize_empty_to_null_or_quarantine_when_required"",""referenceRole"":""none"",""sensitivity"":""none"",""reason"":""Comportamento legado e contrato atual comprovam este mapeamento de coluna.""},{""sourceColumn"":""razao_social"",""destinationColumn"":""company_name"",""status"":""mapped"",""transformation"":""normalize_text"",""nullHandling"":""normalize_empty_to_null_or_quarantine_when_required"",""referenceRole"":""none"",""sensitivity"":""none"",""reason"":""Comportamento legado e contrato atual comprovam este mapeamento de coluna.""},{""sourceColumn"":""nome_fantasia"",""destinationColumn"":""trade_name"",""status"":""mapped"",""transformation"":""normalize_text"",""nullHandling"":""normalize_empty_to_null_or_quarantine_when_required"",""referenceRole"":""none"",""sensitivity"":""none"",""reason"":""Comportamento legado e contrato atual comprovam este mapeamento de coluna.""},{""sourceColumn"":""cnpj"",""destinationColumn"":""cpf_cnpj"",""status"":""mapped"",""transformation"":""normalize_cpf_cnpj"",""nullHandling"":""normalize_empty_to_null_or_quarantine_when_required"",""referenceRole"":""none"",""sensitivity"":""personal"",""reason"":""Comportamento legado e contrato atual comprovam este mapeamento de coluna.""},{""sourceColumn"":""capital_social"",""destinationColumn"":""share_capital"",""status"":""mapped"",""transformation"":""normalize_float"",""nullHandling"":""normalize_empty_to_null_or_quarantine_when_required"",""referenceRole"":""none"",""sensitivity"":""none"",""reason"":""Comportamento legado e contrato atual comprovam este mapeamento de coluna.""},{""sourceColumn"":""iptu"",""destinationColumn"":""iptu"",""status"":""mapped"",""transformation"":""normalize_text"",""nullHandling"":""normalize_empty_to_null_or_quarantine_when_required"",""referenceRole"":""none"",""sensitivity"":""none"",""reason"":""Comportamento legado e contrato atual comprovam este mapeamento de coluna.""},{""sourceColumn"":""endereco"",""destinationColumn"":""address"",""status"":""mapped"",""transformation"":""normalize_text"",""nullHandling"":""normalize_empty_to_null_or_quarantine_when_required"",""referenceRole"":""none"",""sensitivity"":""personal"",""reason"":""Comportamento legado e contrato atual comprovam este mapeamento de coluna.""},{""sourceColumn"":""obj_social"",""destinationColumn"":""comporate_purpose"",""status"":""mapped"",""transformation"":""normalize_text"",""nullHandling"":""normalize_empty_to_null_or_quarantine_when_required"",""referenceRole"":""none"",""sensitivity"":""none"",""reason"":""Comportamento legado e contrato atual comprovam este mapeamento de coluna.""},{""sourceColumn"":""porte"",""destinationColumn"":""carryng"",""status"":""mapped"",""transformation"":""normalize_text"",""nullHandling"":""normalize_empty_to_null_or_quarantine_when_required"",""referenceRole"":""none"",""sensitivity"":""none"",""reason"":""Comportamento legado e contrato atual comprovam este mapeamento de coluna.""},{""sourceColumn"":""regime"",""destinationColumn"":""regime"",""status"":""mapped"",""transformation"":""normalize_text"",""nullHandling"":""normalize_empty_to_null_or_quarantine_when_required"",""referenceRole"":""none"",""sensitivity"":""none"",""reason"":""Comportamento legado e contrato atual comprovam este mapeamento de coluna.""},{""sourceColumn"":""representante_legal"",""destinationColumn"":""legal_representative"",""status"":""mapped"",""transformation"":""normalize_text"",""nullHandling"":""normalize_empty_to_null_or_quarantine_when_required"",""referenceRole"":""none"",""sensitivity"":""personal"",""reason"":""Comportamento legado e contrato atual comprovam este mapeamento de coluna.""},{""sourceColumn"":""arquivo"",""destinationColumn"":null,""status"":""not_preserved"",""transformation"":""discard_without_persisting_value"",""nullHandling"":""not_applicable"",""referenceRole"":""none"",""sensitivity"":""none"",""reason"":""O arquivo legado exige migração de storage e não possui coluna escalar na orientação atual.""},{""sourceColumn"":""status"",""destinationColumn"":""status"",""status"":""mapped"",""transformation"":""normalize_status"",""nullHandling"":""normalize_empty_to_null_or_quarantine_when_required"",""referenceRole"":""none"",""sensitivity"":""none"",""reason"":""Comportamento legado e contrato atual comprovam este mapeamento de coluna.""}]","{""organization_id"":""e8048d1c-0830-45d7-84de-68e20abd685b""}","{""status"":""Migrado"",""economic_activities"":null,""partners"":null}","{""declared"":false,""mode"":""unknown"",""requirements"":[]}","{""kind"":""runtime_classifier"",""decisionSource"":""runtime_classifier"",""conditions"":null,""decisionRequiredPerSourceRow"":true,""omissionPolicy"":""error"",""runtimeClassifierRequired"":true}","{""ruleOrigin"":""v2:tb_regularize.orientaoes_processual"",""stepId"":""guidance-insert"",""classifyRef"":""v2:tb_regularize.orientaoes_processual#classifySourceRow"",""emitRef"":""v2:tb_regularize.orientaoes_processual#emitRows""}","{""required"":true,""classifyDigest"":""c1f791b2f2974e70a5b943401585ea06f7d6a82593704d08981980e4a3de5d55"",""emitDigest"":""e9e7a2344d4575044fc207adf91b98c315607329d1a5e4da73b891ce416dadab""}",2174226073d5d7f032d89c94204b23d0f13a46de1c6eca06e25a1ac45fab3b7a,441,0,0,0,441,preflight_blocked,false
tb_regularize.orientaoes_processual,guidance-process-derived,regularize.process,derived,generate,"{""kind"":""generate"",""legacyColumn"":""id"",""scope"":""tb_regularize.orientaoes_processual:technical-process"",""namespace"":""3f68d246-0b54-4a10-9415-a8845a767fb5""}",1:N,v2:tb_regularize.orientaoes_processual,tb_regularize.clientes,derive_only_without_valid_process,"[{""sourceColumn"":""id"",""destinationColumn"":""id"",""status"":""mapped"",""transformation"":""uuid_v5_technical_guidance_process"",""nullHandling"":""normalize_empty_to_null_or_quarantine_when_required"",""referenceRole"":""identity"",""sensitivity"":""none"",""reason"":""Comportamento legado e contrato atual comprovam este mapeamento de coluna.""},{""sourceColumn"":""cliente_id"",""destinationColumn"":""client_pj_id"",""status"":""mapped"",""transformation"":""resolve_regularize_client_reference"",""nullHandling"":""normalize_empty_to_null_or_quarantine_when_required"",""referenceRole"":""foreign_key"",""sensitivity"":""none"",""reason"":""Comportamento legado e contrato atual comprovam este mapeamento de coluna.""},{""sourceColumn"":""cnpj"",""destinationColumn"":""cpf_cnpj"",""status"":""mapped"",""transformation"":""normalize_cpf_cnpj"",""nullHandling"":""normalize_empty_to_null_or_quarantine_when_required"",""referenceRole"":""none"",""sensitivity"":""personal"",""reason"":""Comportamento legado e contrato atual comprovam este mapeamento de coluna.""},{""sourceColumn"":""solicitacao"",""destinationColumn"":""description"",""status"":""mapped"",""transformation"":""normalize_text"",""nullHandling"":""normalize_empty_to_null_or_quarantine_when_required"",""referenceRole"":""none"",""sensitivity"":""none"",""reason"":""Comportamento legado e contrato atual comprovam este mapeamento de coluna.""}]","{""organization_id"":""e8048d1c-0830-45d7-84de-68e20abd685b"",""process_type"":""Processo técnico para orientação legada"",""status"":""Migrado""}","{""cpf_cnpj"":""Não informado"",""description"":""Orientação legada sem processo correspondente"",""client_pf_id"":null,""task_id"":null}","{""declared"":false,""mode"":""unknown"",""requirements"":[]}","{""kind"":""runtime_classifier"",""decisionSource"":""runtime_classifier"",""conditions"":null,""decisionRequiredPerSourceRow"":true,""omissionPolicy"":""error"",""runtimeClassifierRequired"":true}","{""ruleOrigin"":""v2:tb_regularize.orientaoes_processual"",""stepId"":""guidance-process-derived"",""classifyRef"":""v2:tb_regularize.orientaoes_processual#classifySourceRow"",""emitRef"":""v2:tb_regularize.orientaoes_processual#emitRows""}","{""required"":true,""classifyDigest"":""c1f791b2f2974e70a5b943401585ea06f7d6a82593704d08981980e4a3de5d55"",""emitDigest"":""e9e7a2344d4575044fc207adf91b98c315607329d1a5e4da73b891ce416dadab""}",05edb0e81b1962e2563c25ef249ab757d4b452e0b0b414dcc79b911aadf91ee9,441,0,0,0,441,preflight_blocked,false
tb_regularize.orientaoes_processual,guidance-process-lookup,regularize.process,lookup,lookup,"{""kind"":""lookup"",""criteria"":[{""sourceColumn"":""processo_id"",""destinationColumn"":""id""}],""onZero"":""null"",""onMany"":""quarantine""}",1:N,v2:tb_regularize.orientaoes_processual,tb_regularize.processos,explicit_process_id,"[{""sourceColumn"":""processo_id"",""destinationColumn"":""id"",""status"":""mapped"",""transformation"":""resolve_legacy_process_reference"",""nullHandling"":""normalize_empty_to_null_or_quarantine_when_required"",""referenceRole"":""identity"",""sensitivity"":""none"",""reason"":""Comportamento legado e contrato atual comprovam este mapeamento de coluna.""}]",{},{},"{""declared"":false,""mode"":""unknown"",""requirements"":[]}","{""kind"":""runtime_classifier"",""decisionSource"":""runtime_classifier"",""conditions"":null,""decisionRequiredPerSourceRow"":true,""omissionPolicy"":""error"",""runtimeClassifierRequired"":true}","{""ruleOrigin"":""v2:tb_regularize.orientaoes_processual"",""stepId"":""guidance-process-lookup"",""classifyRef"":""v2:tb_regularize.orientaoes_processual#classifySourceRow"",""emitRef"":""v2:tb_regularize.orientaoes_processual#emitRows""}","{""required"":true,""classifyDigest"":""c1f791b2f2974e70a5b943401585ea06f7d6a82593704d08981980e4a3de5d55"",""emitDigest"":""e9e7a2344d4575044fc207adf91b98c315607329d1a5e4da73b891ce416dadab""}",fe526ad98161d81bb80b59facf67a4eb97b3eb83dac5501510a2d9f53184c0ca,441,0,0,0,441,preflight_blocked,false
tb_regularize.orientaoes_processual.atividades,guidance-activities-aggregate,regularize.proceduralGuidances,aggregate,aggregate,"{""kind"":""aggregate"",""parentSourceTable"":""tb_regularize.orientaoes_processual"",""parentLegacyColumn"":""id"",""childForeignKey"":""op_id""}",N:1,integracao-regularize:tb_regularize.orientaoes_processual.atividades,tb_regularize.orientaoes_processual,explicit_parent|stable_child_order,"[{""sourceColumn"":""id"",""destinationColumn"":""economic_activities"",""status"":""mapped"",""transformation"":""aggregate_activity_uuid"",""nullHandling"":""normalize_or_apply_declared_default"",""referenceRole"":""value"",""sensitivity"":""none"",""reason"":""A evidência legada e o contrato atual comprovam esta transformação sem alterar a semântica.""},{""sourceColumn"":""cliente_id"",""destinationColumn"":null,""status"":""not_preserved"",""transformation"":""not_preserved"",""nullHandling"":""not_applicable"",""referenceRole"":""none"",""sensitivity"":""none"",""reason"":""O cliente é contexto redundante e não é tratado como FK de catálogo.""},{""sourceColumn"":""op_id"",""destinationColumn"":""economic_activities"",""status"":""mapped"",""transformation"":""aggregate_parent_reference"",""nullHandling"":""normalize_or_apply_declared_default"",""referenceRole"":""foreign_key"",""sensitivity"":""none"",""reason"":""A chave é resolvida pelo vínculo legado explícito; zero ou múltiplos candidatos geram quarantine.""},{""sourceColumn"":""atividade"",""destinationColumn"":""economic_activities"",""status"":""mapped"",""transformation"":""aggregate_normalized_economic_activities"",""nullHandling"":""normalize_or_apply_declared_default"",""referenceRole"":""value"",""sensitivity"":""none"",""reason"":""A evidência legada e o contrato atual comprovam esta transformação sem alterar a semântica.""},{""sourceColumn"":""tipo"",""destinationColumn"":""economic_activities"",""status"":""mapped"",""transformation"":""normalize_economic_activity_type"",""nullHandling"":""normalize_or_apply_declared_default"",""referenceRole"":""value"",""sensitivity"":""none"",""reason"":""A evidência legada e o contrato atual comprovam esta transformação sem alterar a semântica.""}]",{},"{""economic_activities"":null}","{""declared"":false,""mode"":""unknown"",""requirements"":[]}","{""kind"":""runtime_classifier"",""decisionSource"":""runtime_classifier"",""conditions"":null,""decisionRequiredPerSourceRow"":true,""omissionPolicy"":""error"",""runtimeClassifierRequired"":true}","{""ruleOrigin"":""integracao-regularize:tb_regularize.orientaoes_processual.atividades"",""stepId"":""guidance-activities-aggregate"",""classifyRef"":""integracao-regularize:tb_regularize.orientaoes_processual.atividades#classifySourceRow"",""emitRef"":""integracao-regularize:tb_regularize.orientaoes_processual.atividades#emitRows""}","{""required"":true,""classifyDigest"":""2c33f3b1deba62833d14fc9ab8d71ea51aa814cce4249fcc71d2ed551955b94c"",""emitDigest"":""618be58ac0ad245d696bf18b8b11d6a020608e5511763834e086b3f548e08643""}",cbb24efa20239ef3b03332c86b66e967d18a89f6a8b27e25125f9c85d5da311a,2546,0,0,0,2546,preflight_blocked,false
tb_regularize.orientaoes_processual.socios,guidance-partners-aggregate,regularize.proceduralGuidances,aggregate,aggregate,"{""kind"":""aggregate"",""parentSourceTable"":""tb_regularize.orientaoes_processual"",""parentLegacyColumn"":""id"",""childForeignKey"":""op_id""}",N:1,v2:tb_regularize.orientaoes_processual.socios,tb_regularize.orientaoes_processual,append_in_legacy_id_order,"[{""sourceColumn"":""id"",""destinationColumn"":""partners"",""status"":""mapped"",""transformation"":""aggregate_partner_uuid"",""nullHandling"":""normalize_empty_to_null_or_quarantine_when_required"",""referenceRole"":""none"",""sensitivity"":""none"",""reason"":""Comportamento legado e contrato atual comprovam este mapeamento de coluna.""},{""sourceColumn"":""op_id"",""destinationColumn"":""partners"",""status"":""mapped"",""transformation"":""aggregate_parent_reference"",""nullHandling"":""normalize_empty_to_null_or_quarantine_when_required"",""referenceRole"":""none"",""sensitivity"":""none"",""reason"":""Comportamento legado e contrato atual comprovam este mapeamento de coluna.""},{""sourceColumn"":""nome"",""destinationColumn"":""partners"",""status"":""mapped"",""transformation"":""aggregate_partner_name"",""nullHandling"":""normalize_empty_to_null_or_quarantine_when_required"",""referenceRole"":""none"",""sensitivity"":""personal"",""reason"":""Comportamento legado e contrato atual comprovam este mapeamento de coluna.""},{""sourceColumn"":""porcent"",""destinationColumn"":""partners"",""status"":""mapped"",""transformation"":""aggregate_partner_share"",""nullHandling"":""normalize_empty_to_null_or_quarantine_when_required"",""referenceRole"":""none"",""sensitivity"":""none"",""reason"":""Comportamento legado e contrato atual comprovam este mapeamento de coluna.""},{""sourceColumn"":""cpf"",""destinationColumn"":""partners"",""status"":""mapped"",""transformation"":""aggregate_partner_cpf"",""nullHandling"":""normalize_empty_to_null_or_quarantine_when_required"",""referenceRole"":""none"",""sensitivity"":""personal"",""reason"":""Comportamento legado e contrato atual comprovam este mapeamento de coluna.""},{""sourceColumn"":""cargo"",""destinationColumn"":""partners"",""status"":""mapped"",""transformation"":""aggregate_partner_role"",""nullHandling"":""normalize_empty_to_null_or_quarantine_when_required"",""referenceRole"":""none"",""sensitivity"":""personal"",""reason"":""Comportamento legado e contrato atual comprovam este mapeamento de coluna.""},{""sourceColumn"":""prof"",""destinationColumn"":null,""status"":""not_preserved"",""transformation"":""discard_without_persisting_value"",""nullHandling"":""not_applicable"",""referenceRole"":""none"",""sensitivity"":""none"",""reason"":""O JSON GuidancePartner atual não possui campo de profissão e não autoriza ampliar o contrato.""},{""sourceColumn"":""civil"",""destinationColumn"":null,""status"":""not_preserved"",""transformation"":""discard_without_persisting_value"",""nullHandling"":""not_applicable"",""referenceRole"":""none"",""sensitivity"":""none"",""reason"":""O JSON GuidancePartner atual não possui campo de estado civil e não autoriza ampliar o contrato.""},{""sourceColumn"":""rg"",""destinationColumn"":null,""status"":""not_preserved"",""transformation"":""discard_without_persisting_value"",""nullHandling"":""not_applicable"",""referenceRole"":""none"",""sensitivity"":""personal"",""reason"":""O JSON GuidancePartner atual não possui campo de RG e não autoriza ampliar o contrato.""},{""sourceColumn"":""cnh"",""destinationColumn"":null,""status"":""not_preserved"",""transformation"":""discard_without_persisting_value"",""nullHandling"":""not_applicable"",""referenceRole"":""none"",""sensitivity"":""none"",""reason"":""O JSON GuidancePartner atual não possui campo de CNH e não autoriza ampliar o contrato.""},{""sourceColumn"":""endereco"",""destinationColumn"":null,""status"":""not_preserved"",""transformation"":""discard_without_persisting_value"",""nullHandling"":""not_applicable"",""referenceRole"":""none"",""sensitivity"":""personal"",""reason"":""O JSON GuidancePartner atual não possui campo de endereço e não autoriza ampliar o contrato.""}]",{},{},"{""declared"":false,""mode"":""unknown"",""requirements"":[]}","{""kind"":""runtime_classifier"",""decisionSource"":""runtime_classifier"",""conditions"":null,""decisionRequiredPerSourceRow"":true,""omissionPolicy"":""error"",""runtimeClassifierRequired"":true}","{""ruleOrigin"":""v2:tb_regularize.orientaoes_processual.socios"",""stepId"":""guidance-partners-aggregate"",""classifyRef"":""v2:tb_regularize.orientaoes_processual.socios#classifySourceRow"",""emitRef"":""v2:tb_regularize.orientaoes_processual.socios#emitRows""}","{""required"":true,""classifyDigest"":""184461ea1ddd180d8c0a444c5bb118f1f3490ee5bd3d3c48cfe884ce0f7e04f0"",""emitDigest"":""91be8f563d441806302d21e00e17c5998f64b58ae9367ba19baf3574223fb616""}",3d79044f2d35b3d576572ae33f28d984de8626b748a7e74001db7f793db08deb,538,0,0,0,538,preflight_blocked,false
tb_regularize.pf,regularize-client-pf-insert,clients.pf,insert,generate,"{""kind"":""generate"",""legacyColumn"":""codigo"",""scope"":""tb_regularize.pf"",""namespace"":""3f68d246-0b54-4a10-9415-a8845a767fb5""}",1:1,integracao-regularize:tb_regularize.pf,,validated_source|authoritative_source_corpus|current_state_preflight_required|signed_unique_owner,"[{""sourceColumn"":""codigo"",""destinationColumn"":""id"",""status"":""mapped"",""transformation"":""uuid_v5_from_full_source_table_and_legacy_id"",""nullHandling"":""normalize_or_apply_declared_default"",""referenceRole"":""value"",""sensitivity"":""none"",""reason"":""A evidência legada e o contrato atual comprovam esta transformação sem alterar a semântica.""},{""sourceColumn"":""codigo"",""destinationColumn"":""code"",""status"":""mapped"",""transformation"":""normalize_required_text"",""nullHandling"":""normalize_or_apply_declared_default"",""referenceRole"":""value"",""sensitivity"":""none"",""reason"":""A evidência legada e o contrato atual comprovam esta transformação sem alterar a semântica.""},{""sourceColumn"":""nome"",""destinationColumn"":""name"",""status"":""mapped"",""transformation"":""normalize_required_text"",""nullHandling"":""normalize_or_apply_declared_default"",""referenceRole"":""value"",""sensitivity"":""personal"",""reason"":""A evidência legada e o contrato atual comprovam esta transformação sem alterar a semântica.""},{""sourceColumn"":""sexo"",""destinationColumn"":""sex"",""status"":""mapped"",""transformation"":""normalize_person_sex"",""nullHandling"":""normalize_or_apply_declared_default"",""referenceRole"":""value"",""sensitivity"":""personal"",""reason"":""A evidência legada e o contrato atual comprovam esta transformação sem alterar a semântica.""},{""sourceColumn"":""endereco"",""destinationColumn"":""address"",""status"":""mapped"",""transformation"":""normalize_required_text"",""nullHandling"":""normalize_or_apply_declared_default"",""referenceRole"":""value"",""sensitivity"":""personal"",""reason"":""A evidência legada e o contrato atual comprovam esta transformação sem alterar a semântica.""},{""sourceColumn"":""cidade"",""destinationColumn"":""city"",""status"":""mapped"",""transformation"":""normalize_required_text"",""nullHandling"":""normalize_or_apply_declared_default"",""referenceRole"":""value"",""sensitivity"":""none"",""reason"":""A evidência legada e o contrato atual comprovam esta transformação sem alterar a semântica.""},{""sourceColumn"":""cep"",""destinationColumn"":""zip_code"",""status"":""mapped"",""transformation"":""normalize_required_digits"",""nullHandling"":""normalize_or_apply_declared_default"",""referenceRole"":""value"",""sensitivity"":""personal"",""reason"":""A evidência legada e o contrato atual comprovam esta transformação sem alterar a semântica.""},{""sourceColumn"":""uf"",""destinationColumn"":""state"",""status"":""mapped"",""transformation"":""normalize_required_state"",""nullHandling"":""normalize_or_apply_declared_default"",""referenceRole"":""value"",""sensitivity"":""none"",""reason"":""A evidência legada e o contrato atual comprovam esta transformação sem alterar a semântica.""},{""sourceColumn"":""profissao"",""destinationColumn"":""profession"",""status"":""mapped"",""transformation"":""normalize_required_text"",""nullHandling"":""normalize_or_apply_declared_default"",""referenceRole"":""value"",""sensitivity"":""personal"",""reason"":""A evidência legada e o contrato atual comprovam esta transformação sem alterar a semântica.""},{""sourceColumn"":""pai"",""destinationColumn"":""father"",""status"":""mapped"",""transformation"":""normalize_required_text"",""nullHandling"":""normalize_or_apply_declared_default"",""referenceRole"":""value"",""sensitivity"":""personal"",""reason"":""A evidência legada e o contrato atual comprovam esta transformação sem alterar a semântica.""},{""sourceColumn"":""mae"",""destinationColumn"":""mother"",""status"":""mapped"",""transformation"":""normalize_required_text"",""nullHandling"":""normalize_or_apply_declared_default"",""referenceRole"":""value"",""sensitivity"":""personal"",""reason"":""A evidência legada e o contrato atual comprovam esta transformação sem alterar a semântica.""},{""sourceColumn"":""estado_civil"",""destinationColumn"":""marital_status"",""status"":""mapped"",""transformation"":""normalize_legacy_marital_status"",""nullHandling"":""normalize_or_apply_declared_default"",""referenceRole"":""value"",""sensitivity"":""personal"",""reason"":""A evidência legada e o contrato atual comprovam esta transformação sem alterar a semântica.""},{""sourceColumn"":""nascimento"",""destinationColumn"":""date_of_birth"",""status"":""mapped"",""transformation"":""normalize_required_date"",""nullHandling"":""normalize_or_apply_declared_default"",""referenceRole"":""value"",""sensitivity"":""personal"",""reason"":""A evidência legada e o contrato atual comprovam esta transformação sem alterar a semântica.""},{""sourceColumn"":""cpf_cnpj"",""destinationColumn"":""cpf"",""status"":""mapped"",""transformation"":""normalize_required_cpf"",""nullHandling"":""normalize_or_apply_declared_default"",""referenceRole"":""value"",""sensitivity"":""personal"",""reason"":""A evidência legada e o contrato atual comprovam esta transformação sem alterar a semântica.""},{""sourceColumn"":""identidade"",""destinationColumn"":""rg"",""status"":""mapped"",""transformation"":""normalize_required_rg"",""nullHandling"":""normalize_or_apply_declared_default"",""referenceRole"":""value"",""sensitivity"":""personal"",""reason"":""A evidência legada e o contrato atual comprovam esta transformação sem alterar a semântica.""},{""sourceColumn"":""reservista"",""destinationColumn"":""military_certificate"",""status"":""mapped"",""transformation"":""normalize_text"",""nullHandling"":""normalize_or_apply_declared_default"",""referenceRole"":""value"",""sensitivity"":""personal"",""reason"":""A evidência legada e o contrato atual comprovam esta transformação sem alterar a semântica.""},{""sourceColumn"":""ctps"",""destinationColumn"":""ctps"",""status"":""mapped"",""transformation"":""normalize_text"",""nullHandling"":""normalize_or_apply_declared_default"",""referenceRole"":""value"",""sensitivity"":""personal"",""reason"":""A evidência legada e o contrato atual comprovam esta transformação sem alterar a semântica.""},{""sourceColumn"":""cnh"",""destinationColumn"":""cnh"",""status"":""mapped"",""transformation"":""normalize_text"",""nullHandling"":""normalize_or_apply_declared_default"",""referenceRole"":""value"",""sensitivity"":""personal"",""reason"":""A evidência legada e o contrato atual comprovam esta transformação sem alterar a semântica.""},{""sourceColumn"":""conjuge"",""destinationColumn"":""spouse"",""status"":""mapped"",""transformation"":""normalize_text"",""nullHandling"":""normalize_or_apply_declared_default"",""referenceRole"":""value"",""sensitivity"":""personal"",""reason"":""A evidência legada e o contrato atual comprovam esta transformação sem alterar a semântica.""},{""sourceColumn"":""status"",""destinationColumn"":""status"",""status"":""mapped"",""transformation"":""normalize_required_status"",""nullHandling"":""normalize_or_apply_declared_default"",""referenceRole"":""value"",""sensitivity"":""none"",""reason"":""A evidência legada e o contrato atual comprovam esta transformação sem alterar a semântica.""},{""sourceColumn"":""obs"",""destinationColumn"":""notes"",""status"":""mapped"",""transformation"":""normalize_text"",""nullHandling"":""normalize_or_apply_declared_default"",""referenceRole"":""value"",""sensitivity"":""personal"",""reason"":""A evidência legada e o contrato atual comprovam esta transformação sem alterar a semântica.""},{""sourceColumn"":""telefone"",""destinationColumn"":null,""status"":""not_preserved"",""transformation"":""not_preserved"",""nullHandling"":""not_applicable"",""referenceRole"":""none"",""sensitivity"":""none"",""reason"":""ClientPF não possui telefone; o dado pessoal não é anexado a notes.""}]","{""organization_id"":""e8048d1c-0830-45d7-84de-68e20abd685b""}","{""military_certificate"":"""",""ctps"":"""",""cnh"":"""",""spouse"":"""",""notes"":""""}","{""declared"":false,""mode"":""unknown"",""requirements"":[]}","{""kind"":""runtime_classifier"",""decisionSource"":""runtime_classifier"",""conditions"":null,""decisionRequiredPerSourceRow"":true,""omissionPolicy"":""error"",""runtimeClassifierRequired"":true}","{""ruleOrigin"":""integracao-regularize:tb_regularize.pf"",""stepId"":""regularize-client-pf-insert"",""classifyRef"":""integracao-regularize:tb_regularize.pf#classifySourceRow"",""emitRef"":""integracao-regularize:tb_regularize.pf#emitRows""}","{""required"":true,""classifyDigest"":""7753af236e0675b5f185b12503610ef864020f8c8a0ba0afe958aaace0f7fad0"",""emitDigest"":""d4636df657a67465c93295637e9b8f84da90abaddaec868a6828ba77f2022723""}",c9897ed87d02448bc23bc45a2e1cbc984d72cf7409ace6a0633ddf6135b766ee,1287,0,0,0,1287,preflight_blocked,false
tb_regularize.pf_empresas,regularize-partner-insert,regularize.partners,insert,generate,"{""kind"":""generate"",""legacyColumn"":""id"",""scope"":""tb_regularize.pf_empresas"",""namespace"":""3f68d246-0b54-4a10-9415-a8845a767fb5""}",1:1,integracao-regularize:tb_regularize.pf_empresas,tb_regularize.pf|tb_regularize.clientes,active_period|latest_entry|lowest_legacy_id,"[{""sourceColumn"":""id"",""destinationColumn"":""id"",""status"":""mapped"",""transformation"":""uuid_v5_from_full_source_table_and_legacy_id"",""nullHandling"":""normalize_or_apply_declared_default"",""referenceRole"":""value"",""sensitivity"":""none"",""reason"":""A evidência legada e o contrato atual comprovam esta transformação sem alterar a semântica.""},{""sourceColumn"":""pf_id"",""destinationColumn"":""pf_id"",""status"":""mapped"",""transformation"":""resolve_explicit_client_pf_reference"",""nullHandling"":""normalize_or_apply_declared_default"",""referenceRole"":""foreign_key"",""sensitivity"":""none"",""reason"":""A chave é resolvida pelo vínculo legado explícito; zero ou múltiplos candidatos geram quarantine.""},{""sourceColumn"":""empresa_id"",""destinationColumn"":""pj_id"",""status"":""mapped"",""transformation"":""resolve_canonical_v2_client_reference"",""nullHandling"":""normalize_or_apply_declared_default"",""referenceRole"":""foreign_key"",""sensitivity"":""none"",""reason"":""A chave é resolvida pelo vínculo legado explícito; zero ou múltiplos candidatos geram quarantine.""},{""sourceColumn"":""parte"",""destinationColumn"":""part"",""status"":""mapped"",""transformation"":""normalize_percentage"",""nullHandling"":""normalize_or_apply_declared_default"",""referenceRole"":""value"",""sensitivity"":""none"",""reason"":""A evidência legada e o contrato atual comprovam esta transformação sem alterar a semântica.""},{""sourceColumn"":""entrada"",""destinationColumn"":""entry"",""status"":""mapped"",""transformation"":""normalize_required_date"",""nullHandling"":""normalize_or_apply_declared_default"",""referenceRole"":""value"",""sensitivity"":""none"",""reason"":""A evidência legada e o contrato atual comprovam esta transformação sem alterar a semântica.""},{""sourceColumn"":""saida"",""destinationColumn"":""exit"",""status"":""mapped"",""transformation"":""normalize_zero_date_to_null"",""nullHandling"":""normalize_or_apply_declared_default"",""referenceRole"":""value"",""sensitivity"":""none"",""reason"":""A evidência legada e o contrato atual comprovam esta transformação sem alterar a semântica.""}]","{""organization_id"":""e8048d1c-0830-45d7-84de-68e20abd685b""}",{},"{""declared"":false,""mode"":""unknown"",""requirements"":[]}","{""kind"":""runtime_classifier"",""decisionSource"":""runtime_classifier"",""conditions"":null,""decisionRequiredPerSourceRow"":true,""omissionPolicy"":""error"",""runtimeClassifierRequired"":true}","{""ruleOrigin"":""integracao-regularize:tb_regularize.pf_empresas"",""stepId"":""regularize-partner-insert"",""classifyRef"":""integracao-regularize:tb_regularize.pf_empresas#classifySourceRow"",""emitRef"":""integracao-regularize:tb_regularize.pf_empresas#emitRows""}","{""required"":true,""classifyDigest"":""3ecc87b20b9ed882d309a6d690ff34b658fc5b6c987ba78d40ed1ca2ca463bda"",""emitDigest"":""c5636a254505ef2f1e8bba77e9756a309d1c4a3e79a9d1206594925f90984d23""}",96a6aaf66344ed5760761d897d50057cf8f85d4207c37528ffb6d9026e1feacc,1437,0,0,0,1437,preflight_blocked,false
tb_regularize.processos,process-insert,regularize.process,insert,generate,"{""kind"":""generate"",""legacyColumn"":""id"",""scope"":""tb_regularize.processos"",""namespace"":""3f68d246-0b54-4a10-9415-a8845a767fb5""}",1:1,v2:tb_regularize.processos,tb_integracao.clientes|tb_regularize.clientes|tb_admin.usuarios,source|defaults,"[{""sourceColumn"":""id"",""destinationColumn"":""id"",""status"":""mapped"",""transformation"":""uuid_v5"",""nullHandling"":""normalize_empty_to_null_or_quarantine_when_required"",""referenceRole"":""identity"",""sensitivity"":""none"",""reason"":""Comportamento legado e contrato atual comprovam este mapeamento de coluna.""},{""sourceColumn"":""cpf_cnpj"",""destinationColumn"":""client_pj_id"",""status"":""mapped"",""transformation"":""lookup_client_by_document"",""nullHandling"":""normalize_empty_to_null_or_quarantine_when_required"",""referenceRole"":""foreign_key"",""sensitivity"":""personal"",""reason"":""Comportamento legado e contrato atual comprovam este mapeamento de coluna.""},{""sourceColumn"":""cliente"",""destinationColumn"":""client_pj_id"",""status"":""mapped"",""transformation"":""lookup_client_by_name_fallback"",""nullHandling"":""normalize_empty_to_null_or_quarantine_when_required"",""referenceRole"":""foreign_key"",""sensitivity"":""none"",""reason"":""Comportamento legado e contrato atual comprovam este mapeamento de coluna.""},{""sourceColumn"":""cpf_cnpj"",""destinationColumn"":""cpf_cnpj"",""status"":""mapped"",""transformation"":""normalize_cpf_cnpj"",""nullHandling"":""normalize_empty_to_null_or_quarantine_when_required"",""referenceRole"":""none"",""sensitivity"":""personal"",""reason"":""Comportamento legado e contrato atual comprovam este mapeamento de coluna.""},{""sourceColumn"":""processo"",""destinationColumn"":""process_type"",""status"":""mapped"",""transformation"":""normalize_text"",""nullHandling"":""normalize_empty_to_null_or_quarantine_when_required"",""referenceRole"":""none"",""sensitivity"":""none"",""reason"":""Comportamento legado e contrato atual comprovam este mapeamento de coluna.""},{""sourceColumn"":""descricao"",""destinationColumn"":""description"",""status"":""mapped"",""transformation"":""normalize_text"",""nullHandling"":""normalize_empty_to_null_or_quarantine_when_required"",""referenceRole"":""none"",""sensitivity"":""none"",""reason"":""Comportamento legado e contrato atual comprovam este mapeamento de coluna.""},{""sourceColumn"":""data_entrada"",""destinationColumn"":""entry_date"",""status"":""mapped"",""transformation"":""normalize_date"",""nullHandling"":""normalize_empty_to_null_or_quarantine_when_required"",""referenceRole"":""none"",""sensitivity"":""none"",""reason"":""Comportamento legado e contrato atual comprovam este mapeamento de coluna.""},{""sourceColumn"":""data_finalizacao"",""destinationColumn"":""completion_date"",""status"":""mapped"",""transformation"":""normalize_date"",""nullHandling"":""normalize_empty_to_null_or_quarantine_when_required"",""referenceRole"":""none"",""sensitivity"":""none"",""reason"":""Comportamento legado e contrato atual comprovam este mapeamento de coluna.""},{""sourceColumn"":""meta"",""destinationColumn"":null,""status"":""not_preserved"",""transformation"":""discard_without_persisting_value"",""nullHandling"":""not_applicable"",""referenceRole"":""none"",""sensitivity"":""none"",""reason"":""Meta é quantidade de dias no legado e não pode ser convertida na expected_date sem uma data base inequívoca.""},{""sourceColumn"":""dias_corridos"",""destinationColumn"":null,""status"":""not_preserved"",""transformation"":""discard_without_persisting_value"",""nullHandling"":""not_applicable"",""referenceRole"":""none"",""sensitivity"":""none"",""reason"":""Dias corridos é contador operacional derivado e não possui campo no contrato Process atual.""},{""sourceColumn"":""status"",""destinationColumn"":""status"",""status"":""mapped"",""transformation"":""normalize_status"",""nullHandling"":""normalize_empty_to_null_or_quarantine_when_required"",""referenceRole"":""none"",""sensitivity"":""none"",""reason"":""Comportamento legado e contrato atual comprovam este mapeamento de coluna.""},{""sourceColumn"":""observacao"",""destinationColumn"":""observation"",""status"":""mapped"",""transformation"":""normalize_text"",""nullHandling"":""normalize_empty_to_null_or_quarantine_when_required"",""referenceRole"":""none"",""sensitivity"":""none"",""reason"":""Comportamento legado e contrato atual comprovam este mapeamento de coluna.""},{""sourceColumn"":""financeiro"",""destinationColumn"":null,""status"":""not_preserved"",""transformation"":""discard_without_persisting_value"",""nullHandling"":""not_applicable"",""referenceRole"":""none"",""sensitivity"":""none"",""reason"":""O estado financeiro legado não possui campo equivalente no contrato Process atual.""},{""sourceColumn"":""data_env_fiscal"",""destinationColumn"":null,""status"":""not_preserved"",""transformation"":""discard_without_persisting_value"",""nullHandling"":""not_applicable"",""referenceRole"":""none"",""sensitivity"":""none"",""reason"":""A data de envio fiscal não possui campo equivalente no contrato Process atual.""},{""sourceColumn"":""data_ret_fiscal"",""destinationColumn"":null,""status"":""not_preserved"",""transformation"":""discard_without_persisting_value"",""nullHandling"":""not_applicable"",""referenceRole"":""none"",""sensitivity"":""none"",""reason"":""A data de retorno fiscal não possui campo equivalente no contrato Process atual.""},{""sourceColumn"":""responsavel_um"",""destinationColumn"":""responsible1_id"",""status"":""mapped"",""transformation"":""resolve_optional_user_reference"",""nullHandling"":""normalize_empty_to_null_or_quarantine_when_required"",""referenceRole"":""foreign_key"",""sensitivity"":""none"",""reason"":""Comportamento legado e contrato atual comprovam este mapeamento de coluna.""},{""sourceColumn"":""responsavel_dois"",""destinationColumn"":""responsible2_id"",""status"":""mapped"",""transformation"":""resolve_optional_user_reference"",""nullHandling"":""normalize_empty_to_null_or_quarantine_when_required"",""referenceRole"":""foreign_key"",""sensitivity"":""none"",""reason"":""Comportamento legado e contrato atual comprovam este mapeamento de coluna.""},{""sourceColumn"":""responsavel_tres"",""destinationColumn"":""responsible3_id"",""status"":""mapped"",""transformation"":""resolve_optional_user_reference"",""nullHandling"":""normalize_empty_to_null_or_quarantine_when_required"",""referenceRole"":""foreign_key"",""sensitivity"":""none"",""reason"":""Comportamento legado e contrato atual comprovam este mapeamento de coluna.""},{""sourceColumn"":""urgencia"",""destinationColumn"":""urgency"",""status"":""mapped"",""transformation"":""normalize_text"",""nullHandling"":""normalize_empty_to_null_or_quarantine_when_required"",""referenceRole"":""none"",""sensitivity"":""personal"",""reason"":""Comportamento legado e contrato atual comprovam este mapeamento de coluna.""},{""sourceColumn"":""tipo"",""destinationColumn"":null,""status"":""not_preserved"",""transformation"":""discard_without_persisting_value"",""nullHandling"":""not_applicable"",""referenceRole"":""none"",""sensitivity"":""none"",""reason"":""A categoria numérica de origem não possui campo equivalente no contrato Process atual.""},{""sourceColumn"":""travamento_cliente_notificacao"",""destinationColumn"":""locking_type"",""status"":""mapped"",""transformation"":""normalize_text"",""nullHandling"":""normalize_empty_to_null_or_quarantine_when_required"",""referenceRole"":""none"",""sensitivity"":""none"",""reason"":""Comportamento legado e contrato atual comprovam este mapeamento de coluna.""}]","{""organization_id"":""e8048d1c-0830-45d7-84de-68e20abd685b""}","{""process_type"":""Não informado"",""description"":""Não informado"",""status"":""Migrado"",""expected_date"":null,""client_pf_id"":null,""task_id"":null}","{""declared"":false,""mode"":""unknown"",""requirements"":[]}","{""kind"":""runtime_classifier"",""decisionSource"":""runtime_classifier"",""conditions"":null,""decisionRequiredPerSourceRow"":true,""omissionPolicy"":""error"",""runtimeClassifierRequired"":true}","{""ruleOrigin"":""v2:tb_regularize.processos"",""stepId"":""process-insert"",""classifyRef"":""v2:tb_regularize.processos#classifySourceRow"",""emitRef"":""v2:tb_regularize.processos#emitRows""}","{""required"":true,""classifyDigest"":""3600dc5cea77f8cd2d181405a6a0332bc5c5ab9fd9c09508cf06d68cd61be240"",""emitDigest"":""b0683094f6cfca02f49cf4faa1ace95aeb65e464a65bbc0f1de6f55554aa1a2a""}",63c9cb46503986d3ee753041f10738009fd0fb910fe10d8cc88894f5d634c2eb,1117,0,0,0,1117,preflight_blocked,false
tb_regularize.taxas_municipais,municipal-tax-insert,regularize.municipalTaxes,insert,generate,"{""kind"":""generate"",""legacyColumn"":""id"",""scope"":""tb_regularize.taxas_municipais"",""namespace"":""3f68d246-0b54-4a10-9415-a8845a767fb5""}",1:1,v2:tb_regularize.taxas_municipais,tb_regularize.clientes|tb_integracao.clientes,source|defaults,"[{""sourceColumn"":""id"",""destinationColumn"":""id"",""status"":""mapped"",""transformation"":""uuid_v5"",""nullHandling"":""normalize_empty_to_null_or_quarantine_when_required"",""referenceRole"":""identity"",""sensitivity"":""none"",""reason"":""Comportamento legado e contrato atual comprovam este mapeamento de coluna.""},{""sourceColumn"":""cliente"",""destinationColumn"":""client_id"",""status"":""mapped"",""transformation"":""resolve_regularize_client_reference"",""nullHandling"":""normalize_empty_to_null_or_quarantine_when_required"",""referenceRole"":""foreign_key"",""sensitivity"":""none"",""reason"":""Comportamento legado e contrato atual comprovam este mapeamento de coluna.""},{""sourceColumn"":""ano"",""destinationColumn"":""year"",""status"":""mapped"",""transformation"":""normalize_integer"",""nullHandling"":""normalize_empty_to_null_or_quarantine_when_required"",""referenceRole"":""none"",""sensitivity"":""none"",""reason"":""Comportamento legado e contrato atual comprovam este mapeamento de coluna.""},{""sourceColumn"":""tff_possui"",""destinationColumn"":""tff_is_applicable"",""status"":""mapped"",""transformation"":""normalize_boolean"",""nullHandling"":""normalize_empty_to_null_or_quarantine_when_required"",""referenceRole"":""none"",""sensitivity"":""none"",""reason"":""Comportamento legado e contrato atual comprovam este mapeamento de coluna.""},{""sourceColumn"":""tff_valor"",""destinationColumn"":""tff_amount"",""status"":""mapped"",""transformation"":""normalize_float"",""nullHandling"":""normalize_empty_to_null_or_quarantine_when_required"",""referenceRole"":""none"",""sensitivity"":""none"",""reason"":""Comportamento legado e contrato atual comprovam este mapeamento de coluna.""},{""sourceColumn"":""tff_obs"",""destinationColumn"":""tff_notes"",""status"":""mapped"",""transformation"":""normalize_text"",""nullHandling"":""normalize_empty_to_null_or_quarantine_when_required"",""referenceRole"":""none"",""sensitivity"":""none"",""reason"":""Comportamento legado e contrato atual comprovam este mapeamento de coluna.""},{""sourceColumn"":""tff_analise_feito"",""destinationColumn"":""tff_analysis_is_done"",""status"":""mapped"",""transformation"":""normalize_boolean"",""nullHandling"":""normalize_empty_to_null_or_quarantine_when_required"",""referenceRole"":""none"",""sensitivity"":""none"",""reason"":""Comportamento legado e contrato atual comprovam este mapeamento de coluna.""},{""sourceColumn"":""tff_analise_obs"",""destinationColumn"":""tff_analysis_notes"",""status"":""mapped"",""transformation"":""normalize_text"",""nullHandling"":""normalize_empty_to_null_or_quarantine_when_required"",""referenceRole"":""none"",""sensitivity"":""none"",""reason"":""Comportamento legado e contrato atual comprovam este mapeamento de coluna.""},{""sourceColumn"":""tff_envio_data"",""destinationColumn"":""tff_sent_date"",""status"":""mapped"",""transformation"":""normalize_date"",""nullHandling"":""normalize_empty_to_null_or_quarantine_when_required"",""referenceRole"":""none"",""sensitivity"":""none"",""reason"":""Comportamento legado e contrato atual comprovam este mapeamento de coluna.""},{""sourceColumn"":""tff_vencimento"",""destinationColumn"":""tff_due_date"",""status"":""mapped"",""transformation"":""normalize_date"",""nullHandling"":""normalize_empty_to_null_or_quarantine_when_required"",""referenceRole"":""none"",""sensitivity"":""none"",""reason"":""Comportamento legado e contrato atual comprovam este mapeamento de coluna.""},{""sourceColumn"":""tlp_possui"",""destinationColumn"":""tlp_is_applicable"",""status"":""mapped"",""transformation"":""normalize_boolean"",""nullHandling"":""normalize_empty_to_null_or_quarantine_when_required"",""referenceRole"":""none"",""sensitivity"":""none"",""reason"":""Comportamento legado e contrato atual comprovam este mapeamento de coluna.""},{""sourceColumn"":""tlp_obs"",""destinationColumn"":""tlp_notes"",""status"":""mapped"",""transformation"":""normalize_text"",""nullHandling"":""normalize_empty_to_null_or_quarantine_when_required"",""referenceRole"":""none"",""sensitivity"":""none"",""reason"":""Comportamento legado e contrato atual comprovam este mapeamento de coluna.""},{""sourceColumn"":""tlp_envio"",""destinationColumn"":""tlp_is_sent"",""status"":""mapped"",""transformation"":""normalize_text"",""nullHandling"":""normalize_empty_to_null_or_quarantine_when_required"",""referenceRole"":""none"",""sensitivity"":""none"",""reason"":""Comportamento legado e contrato atual comprovam este mapeamento de coluna.""},{""sourceColumn"":""tlp_envio_data"",""destinationColumn"":""tlp_sent_date"",""status"":""mapped"",""transformation"":""normalize_date"",""nullHandling"":""normalize_empty_to_null_or_quarantine_when_required"",""referenceRole"":""none"",""sensitivity"":""none"",""reason"":""Comportamento legado e contrato atual comprovam este mapeamento de coluna.""},{""sourceColumn"":""vencimento"",""destinationColumn"":""tlp_due_date"",""status"":""mapped"",""transformation"":""normalize_date"",""nullHandling"":""normalize_empty_to_null_or_quarantine_when_required"",""referenceRole"":""none"",""sensitivity"":""none"",""reason"":""Comportamento legado e contrato atual comprovam este mapeamento de coluna.""},{""sourceColumn"":""email"",""destinationColumn"":""tlp_not_email"",""status"":""mapped"",""transformation"":""normalize_boolean"",""nullHandling"":""normalize_empty_to_null_or_quarantine_when_required"",""referenceRole"":""none"",""sensitivity"":""none"",""reason"":""Comportamento legado e contrato atual comprovam este mapeamento de coluna.""}]","{""organization_id"":""e8048d1c-0830-45d7-84de-68e20abd685b""}","{""tff_is_applicable"":false,""tff_amount"":0,""tff_analysis_is_done"":false,""tlp_is_applicable"":false,""tlp_amount"":0,""tlp_is_sent"":""0"",""tlp_not_email"":false,""tll_is_applicable"":false,""tll_amount"":0,""tll_notes"":null,""tll_is_sent"":""0"",""tll_sent_date"":null,""tll_due_date"":null,""tll_analysis_is_done"":false,""tll_analysis_notes"":null}","{""declared"":false,""mode"":""unknown"",""requirements"":[]}","{""kind"":""runtime_classifier"",""decisionSource"":""runtime_classifier"",""conditions"":null,""decisionRequiredPerSourceRow"":true,""omissionPolicy"":""error"",""runtimeClassifierRequired"":true}","{""ruleOrigin"":""v2:tb_regularize.taxas_municipais"",""stepId"":""municipal-tax-insert"",""classifyRef"":""v2:tb_regularize.taxas_municipais#classifySourceRow"",""emitRef"":""v2:tb_regularize.taxas_municipais#emitRows""}","{""required"":true,""classifyDigest"":""3600dc5cea77f8cd2d181405a6a0332bc5c5ab9fd9c09508cf06d68cd61be240"",""emitDigest"":""b0683094f6cfca02f49cf4faa1ace95aeb65e464a65bbc0f1de6f55554aa1a2a""}",7028601595296e5af667b165bf6b19f29b368485fd32c44d32700649097ca2a9,8,0,0,0,8,preflight_blocked,false
tb_regularize.vencimento,client-pf-cnh-expiration-merge,clients.pf,merge,resolve,"{""kind"":""resolve"",""sourceTable"":""tb_regularize.pf"",""sourceColumn"":""referente"",""targetLegacyColumn"":""codigo""}",N:1,integracao-regularize:tb_regularize.vencimento,tb_regularize.pf,explicit_legacy_link|cnh_type,"[{""sourceColumn"":""id"",""destinationColumn"":null,""status"":""not_preserved"",""transformation"":""not_preserved"",""nullHandling"":""not_applicable"",""referenceRole"":""none"",""sensitivity"":""none"",""reason"":""A identidade auxiliar não substitui a identidade do ClientPF pai.""},{""sourceColumn"":""referente"",""destinationColumn"":""id"",""status"":""mapped"",""transformation"":""resolve_explicit_client_pf_reference"",""nullHandling"":""normalize_or_apply_declared_default"",""referenceRole"":""foreign_key"",""sensitivity"":""none"",""reason"":""A chave é resolvida pelo vínculo legado explícito; zero ou múltiplos candidatos geram quarantine.""},{""sourceColumn"":""data_expedicao"",""destinationColumn"":""cnh_expedition"",""status"":""mapped"",""transformation"":""normalize_zero_date_to_null"",""nullHandling"":""normalize_or_apply_declared_default"",""referenceRole"":""value"",""sensitivity"":""personal"",""reason"":""A evidência legada e o contrato atual comprovam esta transformação sem alterar a semântica.""},{""sourceColumn"":""data_vencimento"",""destinationColumn"":""cnh_validity"",""status"":""mapped"",""transformation"":""normalize_zero_date_to_null"",""nullHandling"":""normalize_or_apply_declared_default"",""referenceRole"":""value"",""sensitivity"":""personal"",""reason"":""A evidência legada e o contrato atual comprovam esta transformação sem alterar a semântica.""},{""sourceColumn"":""tipo"",""destinationColumn"":null,""status"":""not_preserved"",""transformation"":""not_preserved"",""nullHandling"":""not_applicable"",""referenceRole"":""none"",""sensitivity"":""none"",""reason"":""O tipo seleciona os campos CNH e não é persistido como texto.""}]",{},{},"{""declared"":false,""mode"":""unknown"",""requirements"":[]}","{""kind"":""runtime_classifier"",""decisionSource"":""runtime_classifier"",""conditions"":null,""decisionRequiredPerSourceRow"":true,""omissionPolicy"":""error"",""runtimeClassifierRequired"":true}","{""ruleOrigin"":""integracao-regularize:tb_regularize.vencimento"",""stepId"":""client-pf-cnh-expiration-merge"",""classifyRef"":""integracao-regularize:tb_regularize.vencimento#classifySourceRow"",""emitRef"":""integracao-regularize:tb_regularize.vencimento#emitRows""}","{""required"":true,""classifyDigest"":""11950f4041c98334dd2bc1c1f56f82476b7eadbd265f8941084dd54aaa360689"",""emitDigest"":""3536c38abc34138a799f1a22caf001d588d5c950f28c77f949aa90d768a0615a""}",087b1ec843e2e6a19a6a827b40f56762e293408546acaf2aac678215d527b829,181,0,0,0,181,preflight_blocked,false
tb_regularize.vencimento,client-pf-rg-expiration-merge,clients.pf,merge,resolve,"{""kind"":""resolve"",""sourceTable"":""tb_regularize.pf"",""sourceColumn"":""referente"",""targetLegacyColumn"":""codigo""}",N:1,integracao-regularize:tb_regularize.vencimento,tb_regularize.pf,explicit_legacy_link|identity_type,"[{""sourceColumn"":""id"",""destinationColumn"":null,""status"":""not_preserved"",""transformation"":""not_preserved"",""nullHandling"":""not_applicable"",""referenceRole"":""none"",""sensitivity"":""none"",""reason"":""A identidade auxiliar não substitui a identidade do ClientPF pai.""},{""sourceColumn"":""referente"",""destinationColumn"":""id"",""status"":""mapped"",""transformation"":""resolve_explicit_client_pf_reference"",""nullHandling"":""normalize_or_apply_declared_default"",""referenceRole"":""foreign_key"",""sensitivity"":""none"",""reason"":""A chave é resolvida pelo vínculo legado explícito; zero ou múltiplos candidatos geram quarantine.""},{""sourceColumn"":""data_expedicao"",""destinationColumn"":""rg_expedition"",""status"":""mapped"",""transformation"":""normalize_zero_date_to_null"",""nullHandling"":""normalize_or_apply_declared_default"",""referenceRole"":""value"",""sensitivity"":""personal"",""reason"":""A evidência legada e o contrato atual comprovam esta transformação sem alterar a semântica.""},{""sourceColumn"":""data_vencimento"",""destinationColumn"":""rg_validity"",""status"":""mapped"",""transformation"":""normalize_zero_date_to_null"",""nullHandling"":""normalize_or_apply_declared_default"",""referenceRole"":""value"",""sensitivity"":""personal"",""reason"":""A evidência legada e o contrato atual comprovam esta transformação sem alterar a semântica.""},{""sourceColumn"":""tipo"",""destinationColumn"":null,""status"":""not_preserved"",""transformation"":""not_preserved"",""nullHandling"":""not_applicable"",""referenceRole"":""none"",""sensitivity"":""none"",""reason"":""O tipo seleciona os campos RG e não é persistido como texto.""}]",{},{},"{""declared"":false,""mode"":""unknown"",""requirements"":[]}","{""kind"":""runtime_classifier"",""decisionSource"":""runtime_classifier"",""conditions"":null,""decisionRequiredPerSourceRow"":true,""omissionPolicy"":""error"",""runtimeClassifierRequired"":true}","{""ruleOrigin"":""integracao-regularize:tb_regularize.vencimento"",""stepId"":""client-pf-rg-expiration-merge"",""classifyRef"":""integracao-regularize:tb_regularize.vencimento#classifySourceRow"",""emitRef"":""integracao-regularize:tb_regularize.vencimento#emitRows""}","{""required"":true,""classifyDigest"":""11950f4041c98334dd2bc1c1f56f82476b7eadbd265f8941084dd54aaa360689"",""emitDigest"":""3536c38abc34138a799f1a22caf001d588d5c950f28c77f949aa90d768a0615a""}",597c66efa405048c1a7c530b6911e876f94314cbd41dbc89b40c79112640e79d,181,0,0,0,181,preflight_blocked,false
tb_rh.alergias,user-allergies-merge,users,aggregate,aggregate,"{""kind"":""aggregate"",""parentSourceTable"":""tb_rh.colaboradores"",""parentLegacyColumn"":""id"",""childForeignKey"":""colaborador_id""}",N:1,rh-pessoal:tb_rh.alergias,tb_rh.colaboradores|tb_admin.usuarios,explicit_legacy_link|aggregate_child_json|existing_user_value,"[{""sourceColumn"":""id"",""destinationColumn"":null,""status"":""not_preserved"",""transformation"":""not_preserved"",""nullHandling"":""not_applicable"",""referenceRole"":""none"",""sensitivity"":""none"",""reason"":""A identidade da linha filha não substitui a identidade User resolvida pelo colaborador.""},{""sourceColumn"":""colaborador_id"",""destinationColumn"":""id"",""status"":""mapped"",""transformation"":""resolve_collaborator_user_reference"",""nullHandling"":""normalize_empty_to_null_or_quarantine_when_required"",""referenceRole"":""foreign_key"",""sensitivity"":""none"",""reason"":""A referência legada é resolvida por vínculo explícito e falhas nunca fabricam entidade.""},{""sourceColumn"":""nome"",""destinationColumn"":""allergies"",""status"":""mapped"",""transformation"":""aggregate_child_json"",""nullHandling"":""normalize_empty_to_null_or_quarantine_when_required"",""referenceRole"":""none"",""sensitivity"":""personal"",""reason"":""O dado pessoal é preservado somente no destino previsto e nunca integra a quarentena.""},{""sourceColumn"":""fontes"",""destinationColumn"":""allergies"",""status"":""mapped"",""transformation"":""aggregate_child_json"",""nullHandling"":""normalize_empty_to_null_or_quarantine_when_required"",""referenceRole"":""none"",""sensitivity"":""personal"",""reason"":""O dado pessoal é preservado somente no destino previsto e nunca integra a quarentena.""},{""sourceColumn"":""tratativo"",""destinationColumn"":""allergies"",""status"":""mapped"",""transformation"":""aggregate_child_json"",""nullHandling"":""normalize_empty_to_null_or_quarantine_when_required"",""referenceRole"":""none"",""sensitivity"":""personal"",""reason"":""O dado pessoal é preservado somente no destino previsto e nunca integra a quarentena.""}]",{},{},"{""declared"":false,""mode"":""unknown"",""requirements"":[]}","{""kind"":""runtime_classifier"",""decisionSource"":""runtime_classifier"",""conditions"":null,""decisionRequiredPerSourceRow"":true,""omissionPolicy"":""error"",""runtimeClassifierRequired"":true}","{""ruleOrigin"":""rh-pessoal:tb_rh.alergias"",""stepId"":""user-allergies-merge"",""classifyRef"":""rh-pessoal:tb_rh.alergias#classifySourceRow"",""emitRef"":""rh-pessoal:tb_rh.alergias#emitRows""}","{""required"":true,""classifyDigest"":""c5372ba3dc190dc45d3428da0bc28625dc6837db848459d5785ab94e198ab7c3"",""emitDigest"":""8873324e09373e2714e6867985eb11615fc6ac49a867b5bda4825e591c77fa53""}",eab90eb4d63fd4ada72294f78418dc5033c62ca99553746bf0ffc2151f8a5906,24,0,0,0,24,preflight_blocked,false
tb_rh.colaboradores,collaborator-job-title-merge,users,merge,resolve,"{""kind"":""resolve"",""sourceTable"":""tb_admin.usuarios"",""sourceColumn"":""user_id"",""targetLegacyColumn"":""id""}",N:1,v2:tb_rh.colaboradores,tb_admin.usuarios|tb_rh.cargos,explicit_legacy_link|cargo_name_lookup|existing_admin_user,"[{""sourceColumn"":""cargo"",""destinationColumn"":""job_title"",""status"":""mapped"",""transformation"":""resolve_legacy_cargo_name"",""nullHandling"":""not_emit_when_legacy_cargo_is_empty_or_zero"",""referenceRole"":""lookup_key"",""sensitivity"":""personal"",""reason"":""cargo é FK para tb_rh.cargos.id e somente o nome resolvido pode alimentar User.job_title.""}]",{},{},"{""declared"":false,""mode"":""unknown"",""requirements"":[]}","{""kind"":""runtime_classifier"",""decisionSource"":""runtime_classifier"",""conditions"":null,""decisionRequiredPerSourceRow"":true,""omissionPolicy"":""error"",""runtimeClassifierRequired"":true}","{""ruleOrigin"":""v2:tb_rh.colaboradores"",""stepId"":""collaborator-job-title-merge"",""classifyRef"":""v2:tb_rh.colaboradores#classifySourceRow"",""emitRef"":""v2:tb_rh.colaboradores#emitRows""}","{""required"":true,""classifyDigest"":""c2965b92b035628c3047b59ce20de3a09f93db40a1de127b37446524d61e0d3b"",""emitDigest"":""f7b9a26b5107281b06e6a9b6ce311e4f4c56e7351d1357032c5bc550d07febdd""}",2f71909e181abbfddca99c1563cc5b9ace57adc38f9a9feb75ba3692015c8a3d,295,0,0,0,295,preflight_blocked,false
tb_rh.colaboradores,collaborator-user-merge,users,merge,resolve,"{""kind"":""resolve"",""sourceTable"":""tb_admin.usuarios"",""sourceColumn"":""user_id"",""targetLegacyColumn"":""id""}",N:1,v2:tb_rh.colaboradores,tb_admin.usuarios|tb_admin.departamentos,explicit_legacy_link|rh_profile|existing_admin_user,"[{""sourceColumn"":""id"",""destinationColumn"":null,""status"":""not_preserved"",""transformation"":""discard_without_persisting_value"",""nullHandling"":""not_applicable"",""referenceRole"":""none"",""sensitivity"":""none"",""reason"":""O identificador de colaborador não substitui a identidade administrativa ligada por user_id.""},{""sourceColumn"":""user_id"",""destinationColumn"":""id"",""status"":""mapped"",""transformation"":""resolve_explicit_legacy_link"",""nullHandling"":""normalize_empty_to_null_or_quarantine_when_required"",""referenceRole"":""identity"",""sensitivity"":""none"",""reason"":""Comportamento legado e contrato atual comprovam este mapeamento de coluna.""},{""sourceColumn"":""nome"",""destinationColumn"":""full_name"",""status"":""mapped"",""transformation"":""normalize_text"",""nullHandling"":""normalize_empty_to_null_or_quarantine_when_required"",""referenceRole"":""none"",""sensitivity"":""none"",""reason"":""Comportamento legado e contrato atual comprovam este mapeamento de coluna.""},{""sourceColumn"":""data_admissao"",""destinationColumn"":""hire_date"",""status"":""mapped"",""transformation"":""normalize_date"",""nullHandling"":""normalize_empty_to_null_or_quarantine_when_required"",""referenceRole"":""none"",""sensitivity"":""none"",""reason"":""Comportamento legado e contrato atual comprovam este mapeamento de coluna.""},{""sourceColumn"":""data_admissao_dominio"",""destinationColumn"":null,""status"":""not_preserved"",""transformation"":""discard_without_persisting_value"",""nullHandling"":""not_applicable"",""referenceRole"":""none"",""sensitivity"":""none"",""reason"":""A data de admissão no Domínio não possui campo equivalente no contrato User atual.""},{""sourceColumn"":""data_demissao"",""destinationColumn"":""termination_date"",""status"":""mapped"",""transformation"":""normalize_date"",""nullHandling"":""normalize_empty_to_null_or_quarantine_when_required"",""referenceRole"":""none"",""sensitivity"":""none"",""reason"":""Comportamento legado e contrato atual comprovam este mapeamento de coluna.""},{""sourceColumn"":""genero"",""destinationColumn"":""gender"",""status"":""mapped"",""transformation"":""normalize_text"",""nullHandling"":""normalize_empty_to_null_or_quarantine_when_required"",""referenceRole"":""none"",""sensitivity"":""none"",""reason"":""Comportamento legado e contrato atual comprovam este mapeamento de coluna.""},{""sourceColumn"":""data_nascimento"",""destinationColumn"":""birth_date"",""status"":""mapped"",""transformation"":""normalize_date"",""nullHandling"":""normalize_empty_to_null_or_quarantine_when_required"",""referenceRole"":""none"",""sensitivity"":""personal"",""reason"":""Comportamento legado e contrato atual comprovam este mapeamento de coluna.""},{""sourceColumn"":""cpf"",""destinationColumn"":""cpf"",""status"":""mapped"",""transformation"":""normalize_cpf"",""nullHandling"":""normalize_empty_to_null_or_quarantine_when_required"",""referenceRole"":""none"",""sensitivity"":""personal"",""reason"":""Comportamento legado e contrato atual comprovam este mapeamento de coluna.""},{""sourceColumn"":""rg"",""destinationColumn"":""rg"",""status"":""mapped"",""transformation"":""normalize_rg"",""nullHandling"":""normalize_empty_to_null_or_quarantine_when_required"",""referenceRole"":""none"",""sensitivity"":""personal"",""reason"":""Comportamento legado e contrato atual comprovam este mapeamento de coluna.""},{""sourceColumn"":""endereco"",""destinationColumn"":""address"",""status"":""mapped"",""transformation"":""normalize_text"",""nullHandling"":""normalize_empty_to_null_or_quarantine_when_required"",""referenceRole"":""none"",""sensitivity"":""personal"",""reason"":""Comportamento legado e contrato atual comprovam este mapeamento de coluna.""},{""sourceColumn"":""departamento_id"",""destinationColumn"":""department_id"",""status"":""mapped"",""transformation"":""resolve_department_reference"",""nullHandling"":""normalize_empty_to_null_or_quarantine_when_required"",""referenceRole"":""foreign_key"",""sensitivity"":""none"",""reason"":""Comportamento legado e contrato atual comprovam este mapeamento de coluna.""},{""sourceColumn"":""email"",""destinationColumn"":""email"",""status"":""mapped"",""transformation"":""normalize_email"",""nullHandling"":""normalize_empty_to_null_or_quarantine_when_required"",""referenceRole"":""none"",""sensitivity"":""personal"",""reason"":""Comportamento legado e contrato atual comprovam este mapeamento de coluna.""},{""sourceColumn"":""telefone"",""destinationColumn"":""phone"",""status"":""mapped"",""transformation"":""normalize_phone"",""nullHandling"":""normalize_empty_to_null_or_quarantine_when_required"",""referenceRole"":""none"",""sensitivity"":""personal"",""reason"":""Comportamento legado e contrato atual comprovam este mapeamento de coluna.""},{""sourceColumn"":""foto"",""destinationColumn"":""photo_url"",""status"":""mapped"",""transformation"":""normalize_legacy_asset_reference"",""nullHandling"":""normalize_empty_to_null_or_quarantine_when_required"",""referenceRole"":""none"",""sensitivity"":""none"",""reason"":""Comportamento legado e contrato atual comprovam este mapeamento de coluna.""},{""sourceColumn"":""status"",""destinationColumn"":""status"",""status"":""mapped"",""transformation"":""normalize_status"",""nullHandling"":""normalize_empty_to_null_or_quarantine_when_required"",""referenceRole"":""none"",""sensitivity"":""none"",""reason"":""Comportamento legado e contrato atual comprovam este mapeamento de coluna.""}]",{},{},"{""declared"":false,""mode"":""unknown"",""requirements"":[]}","{""kind"":""runtime_classifier"",""decisionSource"":""runtime_classifier"",""conditions"":null,""decisionRequiredPerSourceRow"":true,""omissionPolicy"":""error"",""runtimeClassifierRequired"":true}","{""ruleOrigin"":""v2:tb_rh.colaboradores"",""stepId"":""collaborator-user-merge"",""classifyRef"":""v2:tb_rh.colaboradores#classifySourceRow"",""emitRef"":""v2:tb_rh.colaboradores#emitRows""}","{""required"":true,""classifyDigest"":""c2965b92b035628c3047b59ce20de3a09f93db40a1de127b37446524d61e0d3b"",""emitDigest"":""f7b9a26b5107281b06e6a9b6ce311e4f4c56e7351d1357032c5bc550d07febdd""}",85524ac7c371f7928307738ff0767f6bc73b5a1bb6643e5468d8bb0697072069,295,0,0,0,295,preflight_blocked,false
tb_rh.contatos_emergencia,user-emergency-contacts-merge,users,aggregate,aggregate,"{""kind"":""aggregate"",""parentSourceTable"":""tb_rh.colaboradores"",""parentLegacyColumn"":""id"",""childForeignKey"":""colaborador_id""}",N:1,rh-pessoal:tb_rh.contatos_emergencia,tb_rh.colaboradores|tb_admin.usuarios,explicit_legacy_link|aggregate_child_json|existing_user_value,"[{""sourceColumn"":""id"",""destinationColumn"":null,""status"":""not_preserved"",""transformation"":""not_preserved"",""nullHandling"":""not_applicable"",""referenceRole"":""none"",""sensitivity"":""none"",""reason"":""A identidade da linha filha não substitui a identidade User resolvida pelo colaborador.""},{""sourceColumn"":""colaborador_id"",""destinationColumn"":""id"",""status"":""mapped"",""transformation"":""resolve_collaborator_user_reference"",""nullHandling"":""normalize_empty_to_null_or_quarantine_when_required"",""referenceRole"":""foreign_key"",""sensitivity"":""none"",""reason"":""A referência legada é resolvida por vínculo explícito e falhas nunca fabricam entidade.""},{""sourceColumn"":""nome"",""destinationColumn"":""emergency_contacts"",""status"":""mapped"",""transformation"":""aggregate_child_json"",""nullHandling"":""normalize_empty_to_null_or_quarantine_when_required"",""referenceRole"":""none"",""sensitivity"":""personal"",""reason"":""O dado pessoal é preservado somente no destino previsto e nunca integra a quarentena.""},{""sourceColumn"":""referencia"",""destinationColumn"":""emergency_contacts"",""status"":""mapped"",""transformation"":""aggregate_child_json"",""nullHandling"":""normalize_empty_to_null_or_quarantine_when_required"",""referenceRole"":""none"",""sensitivity"":""personal"",""reason"":""O dado pessoal é preservado somente no destino previsto e nunca integra a quarentena.""},{""sourceColumn"":""numero"",""destinationColumn"":""emergency_contacts"",""status"":""mapped"",""transformation"":""aggregate_child_json"",""nullHandling"":""normalize_empty_to_null_or_quarantine_when_required"",""referenceRole"":""none"",""sensitivity"":""personal"",""reason"":""O dado pessoal é preservado somente no destino previsto e nunca integra a quarentena.""}]",{},{},"{""declared"":false,""mode"":""unknown"",""requirements"":[]}","{""kind"":""runtime_classifier"",""decisionSource"":""runtime_classifier"",""conditions"":null,""decisionRequiredPerSourceRow"":true,""omissionPolicy"":""error"",""runtimeClassifierRequired"":true}","{""ruleOrigin"":""rh-pessoal:tb_rh.contatos_emergencia"",""stepId"":""user-emergency-contacts-merge"",""classifyRef"":""rh-pessoal:tb_rh.contatos_emergencia#classifySourceRow"",""emitRef"":""rh-pessoal:tb_rh.contatos_emergencia#emitRows""}","{""required"":true,""classifyDigest"":""c5372ba3dc190dc45d3428da0bc28625dc6837db848459d5785ab94e198ab7c3"",""emitDigest"":""8873324e09373e2714e6867985eb11615fc6ac49a867b5bda4825e591c77fa53""}",8968c9a67b301fe3ae25f232a7b6c89364dfd380533e5c29dc35b05aca3a1ca6,185,0,0,0,185,preflight_blocked,false
tb_rh.feriados,rh-holiday-insert,rh.holidays,insert,generate,"{""kind"":""generate"",""legacyColumn"":""id"",""scope"":""tb_rh.feriados"",""namespace"":""3f68d246-0b54-4a10-9415-a8845a767fb5""}",1:1,rh-pessoal:tb_rh.feriados,,legacy_identity,"[{""sourceColumn"":""id"",""destinationColumn"":""id"",""status"":""mapped"",""transformation"":""uuid_v5_from_full_source_table_and_legacy_id"",""nullHandling"":""normalize_empty_to_null_or_quarantine_when_required"",""referenceRole"":""none"",""sensitivity"":""none"",""reason"":""A coluna legada id alimenta id conforme o contrato atual validado.""},{""sourceColumn"":""data"",""destinationColumn"":""date"",""status"":""mapped"",""transformation"":""normalize_required_date"",""nullHandling"":""normalize_empty_to_null_or_quarantine_when_required"",""referenceRole"":""none"",""sensitivity"":""none"",""reason"":""A coluna legada data alimenta date conforme o contrato atual validado.""},{""sourceColumn"":""nome"",""destinationColumn"":""name"",""status"":""mapped"",""transformation"":""normalize_required_text"",""nullHandling"":""normalize_empty_to_null_or_quarantine_when_required"",""referenceRole"":""none"",""sensitivity"":""none"",""reason"":""A coluna legada nome alimenta name conforme o contrato atual validado.""}]","{""organization_id"":""e8048d1c-0830-45d7-84de-68e20abd685b""}",{},"{""declared"":false,""mode"":""unknown"",""requirements"":[]}","{""kind"":""runtime_classifier"",""decisionSource"":""runtime_classifier"",""conditions"":null,""decisionRequiredPerSourceRow"":true,""omissionPolicy"":""error"",""runtimeClassifierRequired"":true}","{""ruleOrigin"":""rh-pessoal:tb_rh.feriados"",""stepId"":""rh-holiday-insert"",""classifyRef"":""rh-pessoal:tb_rh.feriados#classifySourceRow"",""emitRef"":""rh-pessoal:tb_rh.feriados#emitRows""}","{""required"":true,""classifyDigest"":""9982f2c2a36f28b910456832be31536306500c1d6bc84ba0b295043c4acc7d7b"",""emitDigest"":""e8e9c84819bf4a69476572c63e03ffa5d5b028b3a32c778b5e2a418ab3d23d56""}",238b4425a805f35a538df3ddae23552ea440b26d0f9f4b4ddb5386fbefb9f85a,0,0,0,0,0,preflight_blocked,false
tb_rh.pontos,rh-point-config-insert,rh.pointConfig,insert,generate,"{""kind"":""generate"",""legacyColumn"":""id"",""scope"":""tb_rh.pontos"",""namespace"":""3f68d246-0b54-4a10-9415-a8845a767fb5""}",1:1,rh-pessoal:tb_rh.pontos,tb_rh.colaboradores,legacy_identity,"[{""sourceColumn"":""id"",""destinationColumn"":""id"",""status"":""mapped"",""transformation"":""uuid_v5_from_full_source_table_and_legacy_id"",""nullHandling"":""normalize_empty_to_null_or_quarantine_when_required"",""referenceRole"":""none"",""sensitivity"":""none"",""reason"":""A coluna legada id alimenta id conforme o contrato atual validado.""},{""sourceColumn"":""colaborador"",""destinationColumn"":""user_id"",""status"":""mapped"",""transformation"":""resolve_collaborator_user_reference"",""nullHandling"":""normalize_empty_to_null_or_quarantine_when_required"",""referenceRole"":""foreign_key"",""sensitivity"":""none"",""reason"":""A referência legada é resolvida por vínculo explícito e falhas nunca fabricam entidade.""},{""sourceColumn"":""entrada"",""destinationColumn"":""start_time"",""status"":""mapped"",""transformation"":""anchor_required_time"",""nullHandling"":""normalize_empty_to_null_or_quarantine_when_required"",""referenceRole"":""none"",""sensitivity"":""none"",""reason"":""A coluna legada entrada alimenta start_time conforme o contrato atual validado.""},{""sourceColumn"":""saida_almoco"",""destinationColumn"":""lunch_break"",""status"":""mapped"",""transformation"":""anchor_required_time"",""nullHandling"":""normalize_empty_to_null_or_quarantine_when_required"",""referenceRole"":""none"",""sensitivity"":""none"",""reason"":""A coluna legada saida_almoco alimenta lunch_break conforme o contrato atual validado.""},{""sourceColumn"":""retorno_almoco"",""destinationColumn"":""lunch_return"",""status"":""mapped"",""transformation"":""anchor_required_time"",""nullHandling"":""normalize_empty_to_null_or_quarantine_when_required"",""referenceRole"":""none"",""sensitivity"":""none"",""reason"":""A coluna legada retorno_almoco alimenta lunch_return conforme o contrato atual validado.""},{""sourceColumn"":""saida"",""destinationColumn"":""end_time"",""status"":""mapped"",""transformation"":""anchor_required_time"",""nullHandling"":""normalize_empty_to_null_or_quarantine_when_required"",""referenceRole"":""none"",""sensitivity"":""none"",""reason"":""A coluna legada saida alimenta end_time conforme o contrato atual validado.""},{""sourceColumn"":""carga_horaria"",""destinationColumn"":null,""status"":""not_preserved"",""transformation"":""not_preserved"",""nullHandling"":""not_applicable"",""referenceRole"":""none"",""sensitivity"":""none"",""reason"":""A configuração atual calcula jornada pelos quatro horários e não possui campo de carga separado.""},{""sourceColumn"":""assinatura"",""destinationColumn"":""signature"",""status"":""mapped"",""transformation"":""normalize_text"",""nullHandling"":""normalize_empty_to_null_or_quarantine_when_required"",""referenceRole"":""none"",""sensitivity"":""personal"",""reason"":""O dado pessoal é preservado somente no destino previsto e nunca integra a quarentena.""},{""sourceColumn"":""banco_horas"",""destinationColumn"":""bank_balance"",""status"":""mapped"",""transformation"":""time_to_minutes"",""nullHandling"":""normalize_empty_to_null_or_quarantine_when_required"",""referenceRole"":""none"",""sensitivity"":""none"",""reason"":""A coluna legada banco_horas alimenta bank_balance conforme o contrato atual validado.""}]","{""organization_id"":""e8048d1c-0830-45d7-84de-68e20abd685b""}","{""bank_balance"":0,""work_days"":""1,2,3,4,5""}","{""declared"":false,""mode"":""unknown"",""requirements"":[]}","{""kind"":""runtime_classifier"",""decisionSource"":""runtime_classifier"",""conditions"":null,""decisionRequiredPerSourceRow"":true,""omissionPolicy"":""error"",""runtimeClassifierRequired"":true}","{""ruleOrigin"":""rh-pessoal:tb_rh.pontos"",""stepId"":""rh-point-config-insert"",""classifyRef"":""rh-pessoal:tb_rh.pontos#classifySourceRow"",""emitRef"":""rh-pessoal:tb_rh.pontos#emitRows""}","{""required"":true,""classifyDigest"":""9982f2c2a36f28b910456832be31536306500c1d6bc84ba0b295043c4acc7d7b"",""emitDigest"":""e8e9c84819bf4a69476572c63e03ffa5d5b028b3a32c778b5e2a418ab3d23d56""}",c866adfce61a1f442e07e0eee43f0ff259befcbe06e4b4223290acd0eb1a11b5,38,0,0,0,38,preflight_blocked,false
tb_rh.pontos_adicionais_folhas,rh-time-bank-release-insert,rh.timeBankReleases,insert,generate,"{""kind"":""generate"",""legacyColumn"":""id"",""scope"":""tb_rh.pontos_adicionais_folhas"",""namespace"":""3f68d246-0b54-4a10-9415-a8845a767fb5""}",1:1,rh-pessoal:tb_rh.pontos_adicionais_folhas,tb_rh.colaboradores,legacy_identity,"[{""sourceColumn"":""id"",""destinationColumn"":""id"",""status"":""mapped"",""transformation"":""uuid_v5_from_full_source_table_and_legacy_id"",""nullHandling"":""normalize_empty_to_null_or_quarantine_when_required"",""referenceRole"":""none"",""sensitivity"":""none"",""reason"":""A coluna legada id alimenta id conforme o contrato atual validado.""},{""sourceColumn"":""colaborador"",""destinationColumn"":""user_id"",""status"":""mapped"",""transformation"":""resolve_collaborator_user_reference"",""nullHandling"":""normalize_empty_to_null_or_quarantine_when_required"",""referenceRole"":""foreign_key"",""sensitivity"":""none"",""reason"":""A referência legada é resolvida por vínculo explícito e falhas nunca fabricam entidade.""},{""sourceColumn"":""data"",""destinationColumn"":""date"",""status"":""mapped"",""transformation"":""normalize_required_date"",""nullHandling"":""normalize_empty_to_null_or_quarantine_when_required"",""referenceRole"":""none"",""sensitivity"":""none"",""reason"":""A coluna legada data alimenta date conforme o contrato atual validado.""},{""sourceColumn"":""horas"",""destinationColumn"":""minutes"",""status"":""mapped"",""transformation"":""time_to_minutes"",""nullHandling"":""normalize_empty_to_null_or_quarantine_when_required"",""referenceRole"":""none"",""sensitivity"":""none"",""reason"":""A coluna legada horas alimenta minutes conforme o contrato atual validado.""},{""sourceColumn"":""motivo"",""destinationColumn"":""reason"",""status"":""mapped"",""transformation"":""normalize_required_text"",""nullHandling"":""normalize_empty_to_null_or_quarantine_when_required"",""referenceRole"":""none"",""sensitivity"":""personal"",""reason"":""O dado pessoal é preservado somente no destino previsto e nunca integra a quarentena.""},{""sourceColumn"":""aprovado"",""destinationColumn"":""is_approved"",""status"":""mapped"",""transformation"":""normalize_boolean"",""nullHandling"":""normalize_empty_to_null_or_quarantine_when_required"",""referenceRole"":""none"",""sensitivity"":""none"",""reason"":""A coluna legada aprovado alimenta is_approved conforme o contrato atual validado.""},{""sourceColumn"":""adicionado_por"",""destinationColumn"":""added_by_user_id"",""status"":""mapped"",""transformation"":""resolve_collaborator_user_reference"",""nullHandling"":""normalize_empty_to_null_or_quarantine_when_required"",""referenceRole"":""foreign_key"",""sensitivity"":""none"",""reason"":""O valor legado referencia tb_rh.colaboradores.id e deve resolver o User explicitamente ligado ao colaborador.""}]","{""organization_id"":""e8048d1c-0830-45d7-84de-68e20abd685b""}",{},"{""declared"":false,""mode"":""unknown"",""requirements"":[]}","{""kind"":""runtime_classifier"",""decisionSource"":""runtime_classifier"",""conditions"":null,""decisionRequiredPerSourceRow"":true,""omissionPolicy"":""error"",""runtimeClassifierRequired"":true}","{""ruleOrigin"":""rh-pessoal:tb_rh.pontos_adicionais_folhas"",""stepId"":""rh-time-bank-release-insert"",""classifyRef"":""rh-pessoal:tb_rh.pontos_adicionais_folhas#classifySourceRow"",""emitRef"":""rh-pessoal:tb_rh.pontos_adicionais_folhas#emitRows""}","{""required"":true,""classifyDigest"":""9982f2c2a36f28b910456832be31536306500c1d6bc84ba0b295043c4acc7d7b"",""emitDigest"":""e8e9c84819bf4a69476572c63e03ffa5d5b028b3a32c778b5e2a418ab3d23d56""}",261324e00c9507ff47ef700b4d9296a508058721bb179742ce40106384972185,2,0,0,0,2,preflight_blocked,false
tb_rh.pontos_folhas,rh-time-sheet-insert,rh.timeSheets,insert,generate,"{""kind"":""generate"",""legacyColumn"":""id"",""scope"":""tb_rh.pontos_folhas"",""namespace"":""3f68d246-0b54-4a10-9415-a8845a767fb5""}",1:1,rh-pessoal:tb_rh.pontos_folhas,tb_rh.colaboradores,legacy_identity,"[{""sourceColumn"":""id"",""destinationColumn"":""id"",""status"":""mapped"",""transformation"":""uuid_v5_from_full_source_table_and_legacy_id"",""nullHandling"":""normalize_empty_to_null_or_quarantine_when_required"",""referenceRole"":""none"",""sensitivity"":""none"",""reason"":""A coluna legada id alimenta id conforme o contrato atual validado.""},{""sourceColumn"":""colaborador"",""destinationColumn"":""user_id"",""status"":""mapped"",""transformation"":""resolve_collaborator_user_reference"",""nullHandling"":""normalize_empty_to_null_or_quarantine_when_required"",""referenceRole"":""foreign_key"",""sensitivity"":""none"",""reason"":""A referência legada é resolvida por vínculo explícito e falhas nunca fabricam entidade.""},{""sourceColumn"":""inicio"",""destinationColumn"":""start_time"",""status"":""mapped"",""transformation"":""normalize_required_date"",""nullHandling"":""normalize_empty_to_null_or_quarantine_when_required"",""referenceRole"":""none"",""sensitivity"":""none"",""reason"":""A coluna legada inicio alimenta start_time conforme o contrato atual validado.""},{""sourceColumn"":""fim"",""destinationColumn"":""end_time"",""status"":""mapped"",""transformation"":""normalize_required_date"",""nullHandling"":""normalize_empty_to_null_or_quarantine_when_required"",""referenceRole"":""none"",""sensitivity"":""none"",""reason"":""A coluna legada fim alimenta end_time conforme o contrato atual validado.""},{""sourceColumn"":""assinatura"",""destinationColumn"":""signature"",""status"":""mapped"",""transformation"":""normalize_text"",""nullHandling"":""normalize_empty_to_null_or_quarantine_when_required"",""referenceRole"":""none"",""sensitivity"":""personal"",""reason"":""O dado pessoal é preservado somente no destino previsto e nunca integra a quarentena.""},{""sourceColumn"":""assinatura"",""destinationColumn"":""status"",""status"":""mapped"",""transformation"":""derive_signature_status"",""nullHandling"":""normalize_empty_to_null_or_quarantine_when_required"",""referenceRole"":""none"",""sensitivity"":""none"",""reason"":""A presença da assinatura legada determina status Assinada; ausência mantém Gerada.""}]","{""organization_id"":""e8048d1c-0830-45d7-84de-68e20abd685b""}","{""status"":""Gerada"",""days"":null,""totals"":null}","{""declared"":false,""mode"":""unknown"",""requirements"":[]}","{""kind"":""runtime_classifier"",""decisionSource"":""runtime_classifier"",""conditions"":null,""decisionRequiredPerSourceRow"":true,""omissionPolicy"":""error"",""runtimeClassifierRequired"":true}","{""ruleOrigin"":""rh-pessoal:tb_rh.pontos_folhas"",""stepId"":""rh-time-sheet-insert"",""classifyRef"":""rh-pessoal:tb_rh.pontos_folhas#classifySourceRow"",""emitRef"":""rh-pessoal:tb_rh.pontos_folhas#emitRows""}","{""required"":true,""classifyDigest"":""9982f2c2a36f28b910456832be31536306500c1d6bc84ba0b295043c4acc7d7b"",""emitDigest"":""e8e9c84819bf4a69476572c63e03ffa5d5b028b3a32c778b5e2a418ab3d23d56""}",7a3e13a8e917974f9716dd3e385815f663a15586138b3f0e03f901cd038f9db1,80,0,0,0,80,preflight_blocked,false
tb_rh.pontos_registros,rh-point-insert,rh.points,insert,generate,"{""kind"":""generate"",""legacyColumn"":""id"",""scope"":""tb_rh.pontos_registros"",""namespace"":""3f68d246-0b54-4a10-9415-a8845a767fb5""}",1:1,rh-pessoal:tb_rh.pontos_registros,tb_rh.colaboradores,legacy_identity,"[{""sourceColumn"":""id"",""destinationColumn"":""id"",""status"":""mapped"",""transformation"":""uuid_v5_from_full_source_table_and_legacy_id"",""nullHandling"":""normalize_empty_to_null_or_quarantine_when_required"",""referenceRole"":""none"",""sensitivity"":""none"",""reason"":""A coluna legada id alimenta id conforme o contrato atual validado.""},{""sourceColumn"":""colaborador"",""destinationColumn"":""user_id"",""status"":""mapped"",""transformation"":""resolve_collaborator_user_reference"",""nullHandling"":""normalize_empty_to_null_or_quarantine_when_required"",""referenceRole"":""foreign_key"",""sensitivity"":""none"",""reason"":""A referência legada é resolvida por vínculo explícito e falhas nunca fabricam entidade.""},{""sourceColumn"":""data"",""destinationColumn"":""clock_in"",""status"":""mapped"",""transformation"":""combine_date_and_required_clock_in"",""nullHandling"":""normalize_empty_to_null_or_quarantine_when_required"",""referenceRole"":""none"",""sensitivity"":""none"",""reason"":""A coluna legada data alimenta clock_in conforme o contrato atual validado.""},{""sourceColumn"":""entrada"",""destinationColumn"":""clock_in"",""status"":""mapped"",""transformation"":""combine_date_and_required_clock_in"",""nullHandling"":""normalize_empty_to_null_or_quarantine_when_required"",""referenceRole"":""none"",""sensitivity"":""none"",""reason"":""A coluna legada entrada alimenta clock_in conforme o contrato atual validado.""},{""sourceColumn"":""saida_almoco"",""destinationColumn"":""lunch_out"",""status"":""mapped"",""transformation"":""combine_date_and_optional_time"",""nullHandling"":""normalize_empty_to_null_or_quarantine_when_required"",""referenceRole"":""none"",""sensitivity"":""none"",""reason"":""A coluna legada saida_almoco alimenta lunch_out conforme o contrato atual validado.""},{""sourceColumn"":""retorno_almoco"",""destinationColumn"":""lunch_in"",""status"":""mapped"",""transformation"":""combine_date_and_optional_time"",""nullHandling"":""normalize_empty_to_null_or_quarantine_when_required"",""referenceRole"":""none"",""sensitivity"":""none"",""reason"":""A coluna legada retorno_almoco alimenta lunch_in conforme o contrato atual validado.""},{""sourceColumn"":""saida"",""destinationColumn"":""clock_out"",""status"":""mapped"",""transformation"":""combine_date_and_optional_time"",""nullHandling"":""normalize_empty_to_null_or_quarantine_when_required"",""referenceRole"":""none"",""sensitivity"":""none"",""reason"":""A coluna legada saida alimenta clock_out conforme o contrato atual validado.""},{""sourceColumn"":""atraso"",""destinationColumn"":null,""status"":""not_preserved"",""transformation"":""not_preserved"",""nullHandling"":""not_applicable"",""referenceRole"":""none"",""sensitivity"":""none"",""reason"":""Atraso é informação derivável dos horários e da configuração, sem coluna própria no destino.""},{""sourceColumn"":""hora_diaria"",""destinationColumn"":""workload_hours"",""status"":""mapped"",""transformation"":""time_to_minutes"",""nullHandling"":""normalize_empty_to_null_or_quarantine_when_required"",""referenceRole"":""none"",""sensitivity"":""none"",""reason"":""A coluna legada hora_diaria alimenta workload_hours conforme o contrato atual validado.""},{""sourceColumn"":""horas_faltantes"",""destinationColumn"":""time_bank_balance"",""status"":""mapped"",""transformation"":""subtract_missing_minutes"",""nullHandling"":""normalize_empty_to_null_or_quarantine_when_required"",""referenceRole"":""none"",""sensitivity"":""none"",""reason"":""A coluna legada horas_faltantes alimenta time_bank_balance conforme o contrato atual validado.""},{""sourceColumn"":""horas_extras"",""destinationColumn"":""time_bank_balance"",""status"":""mapped"",""transformation"":""add_extra_minutes"",""nullHandling"":""normalize_empty_to_null_or_quarantine_when_required"",""referenceRole"":""none"",""sensitivity"":""none"",""reason"":""A coluna legada horas_extras alimenta time_bank_balance conforme o contrato atual validado.""},{""sourceColumn"":""assinado"",""destinationColumn"":""signature"",""status"":""mapped"",""transformation"":""derive_legacy_signed_marker"",""nullHandling"":""normalize_empty_to_null_or_quarantine_when_required"",""referenceRole"":""none"",""sensitivity"":""none"",""reason"":""A coluna legada assinado alimenta signature conforme o contrato atual validado.""}]","{""organization_id"":""e8048d1c-0830-45d7-84de-68e20abd685b""}",{},"{""declared"":false,""mode"":""unknown"",""requirements"":[]}","{""kind"":""runtime_classifier"",""decisionSource"":""runtime_classifier"",""conditions"":null,""decisionRequiredPerSourceRow"":true,""omissionPolicy"":""error"",""runtimeClassifierRequired"":true}","{""ruleOrigin"":""rh-pessoal:tb_rh.pontos_registros"",""stepId"":""rh-point-insert"",""classifyRef"":""rh-pessoal:tb_rh.pontos_registros#classifySourceRow"",""emitRef"":""rh-pessoal:tb_rh.pontos_registros#emitRows""}","{""required"":true,""classifyDigest"":""9982f2c2a36f28b910456832be31536306500c1d6bc84ba0b295043c4acc7d7b"",""emitDigest"":""e8e9c84819bf4a69476572c63e03ffa5d5b028b3a32c778b5e2a418ab3d23d56""}",81cba0e7a48535cfa1fb72bcc21bdd38d45357fcba59f91459b9a702b5c898bb,2289,0,0,0,2289,preflight_blocked,false
tb_rh.pontos_solicitacoes,rh-time-clock-request-insert,rh.timeClockRequest,insert,generate,"{""kind"":""generate"",""legacyColumn"":""id"",""scope"":""tb_rh.pontos_solicitacoes"",""namespace"":""3f68d246-0b54-4a10-9415-a8845a767fb5""}",1:1,rh-pessoal:tb_rh.pontos_solicitacoes,tb_rh.colaboradores|tb_rh.pontos_registros,legacy_identity,"[{""sourceColumn"":""id"",""destinationColumn"":""id"",""status"":""mapped"",""transformation"":""uuid_v5_from_full_source_table_and_legacy_id"",""nullHandling"":""normalize_empty_to_null_or_quarantine_when_required"",""referenceRole"":""none"",""sensitivity"":""none"",""reason"":""A coluna legada id alimenta id conforme o contrato atual validado.""},{""sourceColumn"":""colaborador"",""destinationColumn"":""user_id"",""status"":""mapped"",""transformation"":""resolve_collaborator_user_reference"",""nullHandling"":""normalize_empty_to_null_or_quarantine_when_required"",""referenceRole"":""foreign_key"",""sensitivity"":""none"",""reason"":""A referência legada é resolvida por vínculo explícito e falhas nunca fabricam entidade.""},{""sourceColumn"":""ponto"",""destinationColumn"":""point_id"",""status"":""mapped"",""transformation"":""resolve_point_reference"",""nullHandling"":""normalize_empty_to_null_or_quarantine_when_required"",""referenceRole"":""foreign_key"",""sensitivity"":""none"",""reason"":""A referência legada é resolvida por vínculo explícito e falhas nunca fabricam entidade.""},{""sourceColumn"":""entrada"",""destinationColumn"":""clock_in"",""status"":""mapped"",""transformation"":""combine_date_and_required_clock_in"",""nullHandling"":""normalize_empty_to_null_or_quarantine_when_required"",""referenceRole"":""none"",""sensitivity"":""none"",""reason"":""A coluna legada entrada alimenta clock_in conforme o contrato atual validado.""},{""sourceColumn"":""saida_almoco"",""destinationColumn"":""lunch_out"",""status"":""mapped"",""transformation"":""combine_date_and_optional_time"",""nullHandling"":""normalize_empty_to_null_or_quarantine_when_required"",""referenceRole"":""none"",""sensitivity"":""none"",""reason"":""A coluna legada saida_almoco alimenta lunch_out conforme o contrato atual validado.""},{""sourceColumn"":""retorno_almoco"",""destinationColumn"":""lunch_in"",""status"":""mapped"",""transformation"":""combine_date_and_optional_time"",""nullHandling"":""normalize_empty_to_null_or_quarantine_when_required"",""referenceRole"":""none"",""sensitivity"":""none"",""reason"":""A coluna legada retorno_almoco alimenta lunch_in conforme o contrato atual validado.""},{""sourceColumn"":""saida"",""destinationColumn"":""clock_out"",""status"":""mapped"",""transformation"":""combine_date_and_optional_time"",""nullHandling"":""normalize_empty_to_null_or_quarantine_when_required"",""referenceRole"":""none"",""sensitivity"":""none"",""reason"":""A coluna legada saida alimenta clock_out conforme o contrato atual validado.""},{""sourceColumn"":""justificativa"",""destinationColumn"":""justification"",""status"":""mapped"",""transformation"":""normalize_required_text"",""nullHandling"":""normalize_empty_to_null_or_quarantine_when_required"",""referenceRole"":""none"",""sensitivity"":""personal"",""reason"":""O dado pessoal é preservado somente no destino previsto e nunca integra a quarentena.""},{""sourceColumn"":""anexo"",""destinationColumn"":""attachment"",""status"":""mapped"",""transformation"":""normalize_legacy_asset_reference"",""nullHandling"":""normalize_empty_to_null_or_quarantine_when_required"",""referenceRole"":""none"",""sensitivity"":""personal"",""reason"":""O dado pessoal é preservado somente no destino previsto e nunca integra a quarentena.""},{""sourceColumn"":""data"",""destinationColumn"":""date"",""status"":""mapped"",""transformation"":""normalize_required_date"",""nullHandling"":""normalize_empty_to_null_or_quarantine_when_required"",""referenceRole"":""none"",""sensitivity"":""none"",""reason"":""A coluna legada data alimenta date conforme o contrato atual validado.""},{""sourceColumn"":""status"",""destinationColumn"":""status"",""status"":""mapped"",""transformation"":""normalize_time_clock_request_status"",""nullHandling"":""normalize_empty_to_null_or_quarantine_when_required"",""referenceRole"":""none"",""sensitivity"":""none"",""reason"":""A coluna legada status alimenta status conforme o contrato atual validado.""},{""sourceColumn"":""aprovador"",""destinationColumn"":""approver_user_id"",""status"":""mapped"",""transformation"":""resolve_collaborator_user_reference"",""nullHandling"":""normalize_empty_to_null_or_quarantine_when_required"",""referenceRole"":""foreign_key"",""sensitivity"":""none"",""reason"":""O valor legado referencia tb_rh.colaboradores.id e deve resolver o User explicitamente ligado ao colaborador.""},{""sourceColumn"":""obs_aprovador"",""destinationColumn"":""obs_approver"",""status"":""mapped"",""transformation"":""normalize_text"",""nullHandling"":""normalize_empty_to_null_or_quarantine_when_required"",""referenceRole"":""none"",""sensitivity"":""personal"",""reason"":""O dado pessoal é preservado somente no destino previsto e nunca integra a quarentena.""}]","{""organization_id"":""e8048d1c-0830-45d7-84de-68e20abd685b""}",{},"{""declared"":false,""mode"":""unknown"",""requirements"":[]}","{""kind"":""runtime_classifier"",""decisionSource"":""runtime_classifier"",""conditions"":null,""decisionRequiredPerSourceRow"":true,""omissionPolicy"":""error"",""runtimeClassifierRequired"":true}","{""ruleOrigin"":""rh-pessoal:tb_rh.pontos_solicitacoes"",""stepId"":""rh-time-clock-request-insert"",""classifyRef"":""rh-pessoal:tb_rh.pontos_solicitacoes#classifySourceRow"",""emitRef"":""rh-pessoal:tb_rh.pontos_solicitacoes#emitRows""}","{""required"":true,""classifyDigest"":""9982f2c2a36f28b910456832be31536306500c1d6bc84ba0b295043c4acc7d7b"",""emitDigest"":""e8e9c84819bf4a69476572c63e03ffa5d5b028b3a32c778b5e2a418ab3d23d56""}",a37c6775ac11537d5ed246cb7e1ca2ed8a2d22a8dc9d2699bc4c95a02ad3f8a0,138,0,0,0,138,preflight_blocked,false
tb_rh.score,rh-score-insert,rh.score,insert,generate,"{""kind"":""generate"",""legacyColumn"":""id"",""scope"":""tb_rh.score"",""namespace"":""3f68d246-0b54-4a10-9415-a8845a767fb5""}",1:1,rh-pessoal:tb_rh.score,tb_rh.colaboradores,legacy_identity|unique_user_quarter|score_final|score,"[{""sourceColumn"":""id"",""destinationColumn"":""id"",""status"":""mapped"",""transformation"":""uuid_v5_from_full_source_table_and_legacy_id"",""nullHandling"":""normalize_empty_to_null_or_quarantine_when_required"",""referenceRole"":""none"",""sensitivity"":""none"",""reason"":""A coluna legada id alimenta id conforme o contrato atual validado.""},{""sourceColumn"":""col_id"",""destinationColumn"":""user_id"",""status"":""mapped"",""transformation"":""resolve_collaborator_user_reference"",""nullHandling"":""normalize_empty_to_null_or_quarantine_when_required"",""referenceRole"":""foreign_key"",""sensitivity"":""none"",""reason"":""A referência legada é resolvida por vínculo explícito e falhas nunca fabricam entidade.""},{""sourceColumn"":""trimestre"",""destinationColumn"":""quarter"",""status"":""mapped"",""transformation"":""normalize_required_text"",""nullHandling"":""normalize_empty_to_null_or_quarantine_when_required"",""referenceRole"":""none"",""sensitivity"":""none"",""reason"":""A coluna legada trimestre alimenta quarter conforme o contrato atual validado.""},{""sourceColumn"":""score_comportamental"",""destinationColumn"":""behavioral"",""status"":""mapped"",""transformation"":""normalize_number"",""nullHandling"":""normalize_empty_to_null_or_quarantine_when_required"",""referenceRole"":""none"",""sensitivity"":""none"",""reason"":""A coluna legada score_comportamental alimenta behavioral conforme o contrato atual validado.""},{""sourceColumn"":""score_tecnico"",""destinationColumn"":""technical"",""status"":""mapped"",""transformation"":""normalize_number"",""nullHandling"":""normalize_empty_to_null_or_quarantine_when_required"",""referenceRole"":""none"",""sensitivity"":""none"",""reason"":""A coluna legada score_tecnico alimenta technical conforme o contrato atual validado.""},{""sourceColumn"":""score_ti"",""destinationColumn"":""technology"",""status"":""mapped"",""transformation"":""normalize_number"",""nullHandling"":""normalize_empty_to_null_or_quarantine_when_required"",""referenceRole"":""none"",""sensitivity"":""none"",""reason"":""A coluna legada score_ti alimenta technology conforme o contrato atual validado.""},{""sourceColumn"":""score_lider"",""destinationColumn"":""leadership"",""status"":""mapped"",""transformation"":""normalize_number"",""nullHandling"":""normalize_empty_to_null_or_quarantine_when_required"",""referenceRole"":""none"",""sensitivity"":""none"",""reason"":""A coluna legada score_lider alimenta leadership conforme o contrato atual validado.""},{""sourceColumn"":""score"",""destinationColumn"":""final_score"",""status"":""mapped"",""transformation"":""fallback_when_score_final_empty"",""nullHandling"":""normalize_empty_to_null_or_quarantine_when_required"",""referenceRole"":""none"",""sensitivity"":""none"",""reason"":""A coluna legada score alimenta final_score conforme o contrato atual validado.""},{""sourceColumn"":""score_final"",""destinationColumn"":""final_score"",""status"":""mapped"",""transformation"":""prefer_normalized_score_final"",""nullHandling"":""normalize_empty_to_null_or_quarantine_when_required"",""referenceRole"":""none"",""sensitivity"":""none"",""reason"":""A coluna legada score_final alimenta final_score conforme o contrato atual validado.""}]","{""organization_id"":""e8048d1c-0830-45d7-84de-68e20abd685b""}","{""behavioral"":0,""technical"":0,""technology"":0,""leadership"":0,""final_score"":0}","{""declared"":false,""mode"":""unknown"",""requirements"":[]}","{""kind"":""runtime_classifier"",""decisionSource"":""runtime_classifier"",""conditions"":null,""decisionRequiredPerSourceRow"":true,""omissionPolicy"":""error"",""runtimeClassifierRequired"":true}","{""ruleOrigin"":""rh-pessoal:tb_rh.score"",""stepId"":""rh-score-insert"",""classifyRef"":""rh-pessoal:tb_rh.score#classifySourceRow"",""emitRef"":""rh-pessoal:tb_rh.score#emitRows""}","{""required"":true,""classifyDigest"":""9982f2c2a36f28b910456832be31536306500c1d6bc84ba0b295043c4acc7d7b"",""emitDigest"":""e8e9c84819bf4a69476572c63e03ffa5d5b028b3a32c778b5e2a418ab3d23d56""}",8f494451333601d4e0e4ce569b699564a4b8569f2d4acfa5d59adacab4ecaa9d,154,0,0,0,154,preflight_blocked,false
tb_rh.score_avaliacoes,rh-score-evaluation-insert,rh.score_evaluations,insert,generate,"{""kind"":""generate"",""legacyColumn"":""id"",""scope"":""tb_rh.score_avaliacoes"",""namespace"":""3f68d246-0b54-4a10-9415-a8845a767fb5""}",1:1,rh-pessoal:tb_rh.score_avaliacoes,tb_rh.score|tb_admin.usuarios,legacy_identity,"[{""sourceColumn"":""id"",""destinationColumn"":""id"",""status"":""mapped"",""transformation"":""uuid_v5_from_full_source_table_and_legacy_id"",""nullHandling"":""normalize_empty_to_null_or_quarantine_when_required"",""referenceRole"":""none"",""sensitivity"":""none"",""reason"":""A coluna legada id alimenta id conforme o contrato atual validado.""},{""sourceColumn"":""trimestre"",""destinationColumn"":""score_id"",""status"":""mapped"",""transformation"":""resolve_score_by_collaborator_and_quarter"",""nullHandling"":""normalize_empty_to_null_or_quarantine_when_required"",""referenceRole"":""foreign_key"",""sensitivity"":""none"",""reason"":""A referência legada é resolvida por vínculo explícito e falhas nunca fabricam entidade.""},{""sourceColumn"":""tipo"",""destinationColumn"":""type"",""status"":""mapped"",""transformation"":""normalize_score_question_type"",""nullHandling"":""normalize_empty_to_null_or_quarantine_when_required"",""referenceRole"":""none"",""sensitivity"":""none"",""reason"":""A coluna legada tipo alimenta type conforme o contrato atual validado.""},{""sourceColumn"":""col_id"",""destinationColumn"":""score_id"",""status"":""mapped"",""transformation"":""resolve_score_by_collaborator_and_quarter"",""nullHandling"":""normalize_empty_to_null_or_quarantine_when_required"",""referenceRole"":""foreign_key"",""sensitivity"":""none"",""reason"":""A referência legada é resolvida por vínculo explícito e falhas nunca fabricam entidade.""},{""sourceColumn"":""user_id"",""destinationColumn"":""evaluator_id"",""status"":""mapped"",""transformation"":""resolve_optional_user_reference"",""nullHandling"":""normalize_empty_to_null_or_quarantine_when_required"",""referenceRole"":""foreign_key"",""sensitivity"":""none"",""reason"":""A referência legada é resolvida por vínculo explícito e falhas nunca fabricam entidade.""},{""sourceColumn"":""avaliador"",""destinationColumn"":""evaluator_role"",""status"":""mapped"",""transformation"":""normalize_score_evaluator_role_code"",""nullHandling"":""normalize_empty_to_null_or_quarantine_when_required"",""referenceRole"":""none"",""sensitivity"":""none"",""reason"":""O legado grava o papel em avaliador: 0=SELF, 1=LEADER, 2=RH, 3=DIRECTOR, 4=TI e 5=SUBORDINATE.""},{""sourceColumn"":""status"",""destinationColumn"":""status"",""status"":""mapped"",""transformation"":""normalize_score_evaluation_status"",""nullHandling"":""normalize_empty_to_null_or_quarantine_when_required"",""referenceRole"":""none"",""sensitivity"":""none"",""reason"":""A coluna legada status alimenta status conforme o contrato atual validado.""},{""sourceColumn"":""p1"",""destinationColumn"":""answers"",""status"":""mapped"",""transformation"":""aggregate_score_answers_json"",""nullHandling"":""normalize_empty_to_null_or_quarantine_when_required"",""referenceRole"":""none"",""sensitivity"":""none"",""reason"":""As respostas e observações legadas são agregadas deterministicamente no JSON answers atual.""},{""sourceColumn"":""p2"",""destinationColumn"":""answers"",""status"":""mapped"",""transformation"":""aggregate_score_answers_json"",""nullHandling"":""normalize_empty_to_null_or_quarantine_when_required"",""referenceRole"":""none"",""sensitivity"":""none"",""reason"":""As respostas e observações legadas são agregadas deterministicamente no JSON answers atual.""},{""sourceColumn"":""p3"",""destinationColumn"":""answers"",""status"":""mapped"",""transformation"":""aggregate_score_answers_json"",""nullHandling"":""normalize_empty_to_null_or_quarantine_when_required"",""referenceRole"":""none"",""sensitivity"":""none"",""reason"":""As respostas e observações legadas são agregadas deterministicamente no JSON answers atual.""},{""sourceColumn"":""p4"",""destinationColumn"":""answers"",""status"":""mapped"",""transformation"":""aggregate_score_answers_json"",""nullHandling"":""normalize_empty_to_null_or_quarantine_when_required"",""referenceRole"":""none"",""sensitivity"":""none"",""reason"":""As respostas e observações legadas são agregadas deterministicamente no JSON answers atual.""},{""sourceColumn"":""p5"",""destinationColumn"":""answers"",""status"":""mapped"",""transformation"":""aggregate_score_answers_json"",""nullHandling"":""normalize_empty_to_null_or_quarantine_when_required"",""referenceRole"":""none"",""sensitivity"":""none"",""reason"":""As respostas e observações legadas são agregadas deterministicamente no JSON answers atual.""},{""sourceColumn"":""p6"",""destinationColumn"":""answers"",""status"":""mapped"",""transformation"":""aggregate_score_answers_json"",""nullHandling"":""normalize_empty_to_null_or_quarantine_when_required"",""referenceRole"":""none"",""sensitivity"":""none"",""reason"":""As respostas e observações legadas são agregadas deterministicamente no JSON answers atual.""},{""sourceColumn"":""p7"",""destinationColumn"":""answers"",""status"":""mapped"",""transformation"":""aggregate_score_answers_json"",""nullHandling"":""normalize_empty_to_null_or_quarantine_when_required"",""referenceRole"":""none"",""sensitivity"":""none"",""reason"":""As respostas e observações legadas são agregadas deterministicamente no JSON answers atual.""},{""sourceColumn"":""p8"",""destinationColumn"":""answers"",""status"":""mapped"",""transformation"":""aggregate_score_answers_json"",""nullHandling"":""normalize_empty_to_null_or_quarantine_when_required"",""referenceRole"":""none"",""sensitivity"":""none"",""reason"":""As respostas e observações legadas são agregadas deterministicamente no JSON answers atual.""},{""sourceColumn"":""n1"",""destinationColumn"":""answers"",""status"":""mapped"",""transformation"":""aggregate_score_answers_json"",""nullHandling"":""normalize_empty_to_null_or_quarantine_when_required"",""referenceRole"":""none"",""sensitivity"":""none"",""reason"":""As respostas e observações legadas são agregadas deterministicamente no JSON answers atual.""},{""sourceColumn"":""n2"",""destinationColumn"":""answers"",""status"":""mapped"",""transformation"":""aggregate_score_answers_json"",""nullHandling"":""normalize_empty_to_null_or_quarantine_when_required"",""referenceRole"":""none"",""sensitivity"":""none"",""reason"":""As respostas e observações legadas são agregadas deterministicamente no JSON answers atual.""},{""sourceColumn"":""n3"",""destinationColumn"":""answers"",""status"":""mapped"",""transformation"":""aggregate_score_answers_json"",""nullHandling"":""normalize_empty_to_null_or_quarantine_when_required"",""referenceRole"":""none"",""sensitivity"":""none"",""reason"":""As respostas e observações legadas são agregadas deterministicamente no JSON answers atual.""},{""sourceColumn"":""n4"",""destinationColumn"":""answers"",""status"":""mapped"",""transformation"":""aggregate_score_answers_json"",""nullHandling"":""normalize_empty_to_null_or_quarantine_when_required"",""referenceRole"":""none"",""sensitivity"":""none"",""reason"":""As respostas e observações legadas são agregadas deterministicamente no JSON answers atual.""},{""sourceColumn"":""n5"",""destinationColumn"":""answers"",""status"":""mapped"",""transformation"":""aggregate_score_answers_json"",""nullHandling"":""normalize_empty_to_null_or_quarantine_when_required"",""referenceRole"":""none"",""sensitivity"":""none"",""reason"":""As respostas e observações legadas são agregadas deterministicamente no JSON answers atual.""},{""sourceColumn"":""n6"",""destinationColumn"":""answers"",""status"":""mapped"",""transformation"":""aggregate_score_answers_json"",""nullHandling"":""normalize_empty_to_null_or_quarantine_when_required"",""referenceRole"":""none"",""sensitivity"":""none"",""reason"":""As respostas e observações legadas são agregadas deterministicamente no JSON answers atual.""},{""sourceColumn"":""n7"",""destinationColumn"":""answers"",""status"":""mapped"",""transformation"":""aggregate_score_answers_json"",""nullHandling"":""normalize_empty_to_null_or_quarantine_when_required"",""referenceRole"":""none"",""sensitivity"":""none"",""reason"":""As respostas e observações legadas são agregadas deterministicamente no JSON answers atual.""},{""sourceColumn"":""n8"",""destinationColumn"":""answers"",""status"":""mapped"",""transformation"":""aggregate_score_answers_json"",""nullHandling"":""normalize_empty_to_null_or_quarantine_when_required"",""referenceRole"":""none"",""sensitivity"":""none"",""reason"":""As respostas e observações legadas são agregadas deterministicamente no JSON answers atual.""},{""sourceColumn"":""obs1"",""destinationColumn"":""answers"",""status"":""mapped"",""transformation"":""aggregate_score_answers_json"",""nullHandling"":""normalize_empty_to_null_or_quarantine_when_required"",""referenceRole"":""none"",""sensitivity"":""personal"",""reason"":""As respostas e observações legadas são agregadas deterministicamente no JSON answers atual.""},{""sourceColumn"":""obs2"",""destinationColumn"":""answers"",""status"":""mapped"",""transformation"":""aggregate_score_answers_json"",""nullHandling"":""normalize_empty_to_null_or_quarantine_when_required"",""referenceRole"":""none"",""sensitivity"":""personal"",""reason"":""As respostas e observações legadas são agregadas deterministicamente no JSON answers atual.""},{""sourceColumn"":""obs3"",""destinationColumn"":""answers"",""status"":""mapped"",""transformation"":""aggregate_score_answers_json"",""nullHandling"":""normalize_empty_to_null_or_quarantine_when_required"",""referenceRole"":""none"",""sensitivity"":""personal"",""reason"":""As respostas e observações legadas são agregadas deterministicamente no JSON answers atual.""},{""sourceColumn"":""obs4"",""destinationColumn"":""answers"",""status"":""mapped"",""transformation"":""aggregate_score_answers_json"",""nullHandling"":""normalize_empty_to_null_or_quarantine_when_required"",""referenceRole"":""none"",""sensitivity"":""personal"",""reason"":""As respostas e observações legadas são agregadas deterministicamente no JSON answers atual.""},{""sourceColumn"":""obs5"",""destinationColumn"":""answers"",""status"":""mapped"",""transformation"":""aggregate_score_answers_json"",""nullHandling"":""normalize_empty_to_null_or_quarantine_when_required"",""referenceRole"":""none"",""sensitivity"":""personal"",""reason"":""As respostas e observações legadas são agregadas deterministicamente no JSON answers atual.""},{""sourceColumn"":""obs6"",""destinationColumn"":""answers"",""status"":""mapped"",""transformation"":""aggregate_score_answers_json"",""nullHandling"":""normalize_empty_to_null_or_quarantine_when_required"",""referenceRole"":""none"",""sensitivity"":""personal"",""reason"":""As respostas e observações legadas são agregadas deterministicamente no JSON answers atual.""},{""sourceColumn"":""obs7"",""destinationColumn"":""answers"",""status"":""mapped"",""transformation"":""aggregate_score_answers_json"",""nullHandling"":""normalize_empty_to_null_or_quarantine_when_required"",""referenceRole"":""none"",""sensitivity"":""personal"",""reason"":""As respostas e observações legadas são agregadas deterministicamente no JSON answers atual.""},{""sourceColumn"":""obs8"",""destinationColumn"":""answers"",""status"":""mapped"",""transformation"":""aggregate_score_answers_json"",""nullHandling"":""normalize_empty_to_null_or_quarantine_when_required"",""referenceRole"":""none"",""sensitivity"":""personal"",""reason"":""As respostas e observações legadas são agregadas deterministicamente no JSON answers atual.""},{""sourceColumn"":""p1"",""destinationColumn"":""average_score"",""status"":""mapped"",""transformation"":""derive_average_from_aggregated_answers"",""nullHandling"":""normalize_empty_to_null_or_quarantine_when_required"",""referenceRole"":""none"",""sensitivity"":""none"",""reason"":""A coluna legada p1 alimenta average_score conforme o contrato atual validado.""}]","{""organization_id"":""e8048d1c-0830-45d7-84de-68e20abd685b""}","{""average_score"":0}","{""declared"":false,""mode"":""unknown"",""requirements"":[]}","{""kind"":""runtime_classifier"",""decisionSource"":""runtime_classifier"",""conditions"":null,""decisionRequiredPerSourceRow"":true,""omissionPolicy"":""error"",""runtimeClassifierRequired"":true}","{""ruleOrigin"":""rh-pessoal:tb_rh.score_avaliacoes"",""stepId"":""rh-score-evaluation-insert"",""classifyRef"":""rh-pessoal:tb_rh.score_avaliacoes#classifySourceRow"",""emitRef"":""rh-pessoal:tb_rh.score_avaliacoes#emitRows""}","{""required"":true,""classifyDigest"":""9982f2c2a36f28b910456832be31536306500c1d6bc84ba0b295043c4acc7d7b"",""emitDigest"":""e8e9c84819bf4a69476572c63e03ffa5d5b028b3a32c778b5e2a418ab3d23d56""}",989c85e1fcc3af36ec2cd4f1c00b4ab959f96555ab84a346b5c93ee163b45cef,1158,0,0,0,1158,preflight_blocked,false
tb_rh.score_nitro,rh-score-nitro-insert,rh.score_nitro,insert,generate,"{""kind"":""generate"",""legacyColumn"":""id"",""scope"":""tb_rh.score_nitro"",""namespace"":""3f68d246-0b54-4a10-9415-a8845a767fb5""}",1:1,rh-pessoal:tb_rh.score_nitro,tb_rh.score,legacy_identity|unique_score_id,"[{""sourceColumn"":""id"",""destinationColumn"":""id"",""status"":""mapped"",""transformation"":""uuid_v5_from_full_source_table_and_legacy_id"",""nullHandling"":""normalize_empty_to_null_or_quarantine_when_required"",""referenceRole"":""none"",""sensitivity"":""none"",""reason"":""A coluna legada id alimenta id conforme o contrato atual validado.""},{""sourceColumn"":""col_id"",""destinationColumn"":""score_id"",""status"":""mapped"",""transformation"":""resolve_score_by_collaborator_and_quarter"",""nullHandling"":""normalize_empty_to_null_or_quarantine_when_required"",""referenceRole"":""foreign_key"",""sensitivity"":""none"",""reason"":""A referência legada é resolvida por vínculo explícito e falhas nunca fabricam entidade.""},{""sourceColumn"":""trimestre"",""destinationColumn"":""score_id"",""status"":""mapped"",""transformation"":""resolve_score_by_collaborator_and_quarter"",""nullHandling"":""normalize_empty_to_null_or_quarantine_when_required"",""referenceRole"":""foreign_key"",""sensitivity"":""none"",""reason"":""A referência legada é resolvida por vínculo explícito e falhas nunca fabricam entidade.""},{""sourceColumn"":""avaliacoes"",""destinationColumn"":""hours_score"",""status"":""mapped"",""transformation"":""derive_legacy_nitro_hours_score"",""nullHandling"":""normalize_empty_to_null_or_quarantine_when_required"",""referenceRole"":""none"",""sensitivity"":""none"",""reason"":""Avaliações >= 8 acrescentam 0,5 ao Nitro legado; o bônus é somado ao bônus de horas no campo aditivo hours_score.""},{""sourceColumn"":""ch"",""destinationColumn"":""hours_score"",""status"":""mapped"",""transformation"":""derive_legacy_nitro_hours_score"",""nullHandling"":""normalize_empty_to_null_or_quarantine_when_required"",""referenceRole"":""none"",""sensitivity"":""none"",""reason"":""Carga horária >= 10 acrescenta 1 ao Nitro legado; o bônus é somado ao bônus de avaliações em hours_score.""},{""sourceColumn"":""ch"",""destinationColumn"":""total_hours"",""status"":""mapped"",""transformation"":""normalize_legacy_nitro_total_hours"",""nullHandling"":""normalize_empty_to_null_or_quarantine_when_required"",""referenceRole"":""none"",""sensitivity"":""none"",""reason"":""A coluna legada ch alimenta total_hours conforme o contrato atual validado.""},{""sourceColumn"":""projetos"",""destinationColumn"":""projects_score"",""status"":""mapped"",""transformation"":""normalize_legacy_nitro_projects_score"",""nullHandling"":""normalize_empty_to_null_or_quarantine_when_required"",""referenceRole"":""none"",""sensitivity"":""none"",""reason"":""A coluna legada projetos alimenta projects_score conforme o contrato atual validado.""},{""sourceColumn"":""erros"",""destinationColumn"":""errors_score"",""status"":""mapped"",""transformation"":""normalize_legacy_nitro_errors_score"",""nullHandling"":""normalize_empty_to_null_or_quarantine_when_required"",""referenceRole"":""none"",""sensitivity"":""none"",""reason"":""O legado soma erros negativos; o contrato atual subtrai errors_score, portanto o sinal é invertido para preservar a contribuição.""},{""sourceColumn"":""erros"",""destinationColumn"":""total_errors"",""status"":""mapped"",""transformation"":""normalize_legacy_nitro_total_errors"",""nullHandling"":""normalize_empty_to_null_or_quarantine_when_required"",""referenceRole"":""none"",""sensitivity"":""none"",""reason"":""A coluna legada erros alimenta total_errors conforme o contrato atual validado.""},{""sourceColumn"":""pastas"",""destinationColumn"":""folders_score"",""status"":""mapped"",""transformation"":""normalize_legacy_nitro_folders_score"",""nullHandling"":""normalize_empty_to_null_or_quarantine_when_required"",""referenceRole"":""none"",""sensitivity"":""none"",""reason"":""Pastas positivas acrescentam 0,5, negativas subtraem 0,5 e zero não altera o Nitro.""}]","{""organization_id"":""e8048d1c-0830-45d7-84de-68e20abd685b""}","{""projects_score"":0,""hours_score"":0,""errors_score"":0,""folders_score"":0,""total_hours"":0,""total_errors"":0}","{""declared"":false,""mode"":""unknown"",""requirements"":[]}","{""kind"":""runtime_classifier"",""decisionSource"":""runtime_classifier"",""conditions"":null,""decisionRequiredPerSourceRow"":true,""omissionPolicy"":""error"",""runtimeClassifierRequired"":true}","{""ruleOrigin"":""rh-pessoal:tb_rh.score_nitro"",""stepId"":""rh-score-nitro-insert"",""classifyRef"":""rh-pessoal:tb_rh.score_nitro#classifySourceRow"",""emitRef"":""rh-pessoal:tb_rh.score_nitro#emitRows""}","{""required"":true,""classifyDigest"":""9982f2c2a36f28b910456832be31536306500c1d6bc84ba0b295043c4acc7d7b"",""emitDigest"":""e8e9c84819bf4a69476572c63e03ffa5d5b028b3a32c778b5e2a418ab3d23d56""}",c6987a86d7251aae41f4855be67266536e213de39c7973efe8ff09b26a04e6f9,48,0,0,0,48,preflight_blocked,false
tb_rh.score_perguntas,rh-score-question-insert,rh.score_questions,insert,generate,"{""kind"":""generate"",""legacyColumn"":""id"",""scope"":""tb_rh.score_perguntas"",""namespace"":""3f68d246-0b54-4a10-9415-a8845a767fb5""}",1:1,rh-pessoal:tb_rh.score_perguntas,,legacy_identity,"[{""sourceColumn"":""id"",""destinationColumn"":""id"",""status"":""mapped"",""transformation"":""uuid_v5_from_full_source_table_and_legacy_id"",""nullHandling"":""normalize_empty_to_null_or_quarantine_when_required"",""referenceRole"":""none"",""sensitivity"":""none"",""reason"":""A coluna legada id alimenta id conforme o contrato atual validado.""},{""sourceColumn"":""quesito"",""destinationColumn"":""question"",""status"":""mapped"",""transformation"":""normalize_required_text"",""nullHandling"":""normalize_empty_to_null_or_quarantine_when_required"",""referenceRole"":""none"",""sensitivity"":""none"",""reason"":""A coluna legada quesito alimenta question conforme o contrato atual validado.""},{""sourceColumn"":""avaliacao"",""destinationColumn"":""type"",""status"":""mapped"",""transformation"":""normalize_score_question_type"",""nullHandling"":""normalize_empty_to_null_or_quarantine_when_required"",""referenceRole"":""none"",""sensitivity"":""none"",""reason"":""A coluna legada avaliacao alimenta type conforme o contrato atual validado.""},{""sourceColumn"":""status"",""destinationColumn"":""active"",""status"":""mapped"",""transformation"":""normalize_boolean"",""nullHandling"":""normalize_empty_to_null_or_quarantine_when_required"",""referenceRole"":""none"",""sensitivity"":""none"",""reason"":""A coluna legada status alimenta active conforme o contrato atual validado.""},{""sourceColumn"":""id"",""destinationColumn"":""question_id"",""status"":""mapped"",""transformation"":""stringify_legacy_id"",""nullHandling"":""normalize_empty_to_null_or_quarantine_when_required"",""referenceRole"":""none"",""sensitivity"":""none"",""reason"":""A coluna legada id alimenta question_id conforme o contrato atual validado.""}]","{""organization_id"":""e8048d1c-0830-45d7-84de-68e20abd685b""}","{""active"":true}","{""declared"":false,""mode"":""unknown"",""requirements"":[]}","{""kind"":""runtime_classifier"",""decisionSource"":""runtime_classifier"",""conditions"":null,""decisionRequiredPerSourceRow"":true,""omissionPolicy"":""error"",""runtimeClassifierRequired"":true}","{""ruleOrigin"":""rh-pessoal:tb_rh.score_perguntas"",""stepId"":""rh-score-question-insert"",""classifyRef"":""rh-pessoal:tb_rh.score_perguntas#classifySourceRow"",""emitRef"":""rh-pessoal:tb_rh.score_perguntas#emitRows""}","{""required"":true,""classifyDigest"":""9982f2c2a36f28b910456832be31536306500c1d6bc84ba0b295043c4acc7d7b"",""emitDigest"":""e8e9c84819bf4a69476572c63e03ffa5d5b028b3a32c778b5e2a418ab3d23d56""}",4043ca43733fe7b48afb1ce978fe09bd32838fa5eb5426afff07ff90421e8135,26,0,0,0,26,preflight_blocked,false
tb_rh.solicitacoes,rh-request-insert,rh.requests,insert,generate,"{""kind"":""generate"",""legacyColumn"":""id"",""scope"":""tb_rh.solicitacoes"",""namespace"":""3f68d246-0b54-4a10-9415-a8845a767fb5""}",1:1,rh-pessoal:tb_rh.solicitacoes,tb_rh.colaboradores|tb_admin.usuarios|tb_rh.solicitacoes_categorias,legacy_identity|explicit_assignee_user|unassigned_null,"[{""sourceColumn"":""id"",""destinationColumn"":""id"",""status"":""mapped"",""transformation"":""uuid_v5_from_full_source_table_and_legacy_id"",""nullHandling"":""normalize_empty_to_null_or_quarantine_when_required"",""referenceRole"":""none"",""sensitivity"":""none"",""reason"":""A coluna legada id alimenta id conforme o contrato atual validado.""},{""sourceColumn"":""titulo"",""destinationColumn"":""title"",""status"":""mapped"",""transformation"":""normalize_required_text"",""nullHandling"":""normalize_empty_to_null_or_quarantine_when_required"",""referenceRole"":""none"",""sensitivity"":""none"",""reason"":""A coluna legada titulo alimenta title conforme o contrato atual validado.""},{""sourceColumn"":""descricao"",""destinationColumn"":""description"",""status"":""mapped"",""transformation"":""normalize_required_text"",""nullHandling"":""normalize_empty_to_null_or_quarantine_when_required"",""referenceRole"":""none"",""sensitivity"":""personal"",""reason"":""O dado pessoal é preservado somente no destino previsto e nunca integra a quarentena.""},{""sourceColumn"":""status"",""destinationColumn"":""status"",""status"":""mapped"",""transformation"":""normalize_rh_request_status"",""nullHandling"":""normalize_empty_to_null_or_quarantine_when_required"",""referenceRole"":""none"",""sensitivity"":""none"",""reason"":""A coluna legada status alimenta status conforme o contrato atual validado.""},{""sourceColumn"":""requerente"",""destinationColumn"":""requester_user_id"",""status"":""mapped"",""transformation"":""resolve_collaborator_user_reference"",""nullHandling"":""normalize_empty_to_null_or_quarantine_when_required"",""referenceRole"":""foreign_key"",""sensitivity"":""none"",""reason"":""requerente referencia tb_rh.colaboradores.id e deve resolver o User ligado, nunca o mesmo id em tb_admin.usuarios.""},{""sourceColumn"":""atribuido"",""destinationColumn"":""assigned_to_user_id"",""status"":""mapped"",""transformation"":""resolve_optional_collaborator_rh_assignee"",""nullHandling"":""zero_empty_or_missing_to_null"",""referenceRole"":""foreign_key"",""sensitivity"":""none"",""reason"":""atribuido referencia tb_rh.colaboradores quando não zero; 0, vazio ou ausência representam solicitação ainda sem responsável e mapeiam para NULL.""},{""sourceColumn"":""categoria"",""destinationColumn"":""category_id"",""status"":""mapped"",""transformation"":""resolve_request_category_reference"",""nullHandling"":""normalize_empty_to_null_or_quarantine_when_required"",""referenceRole"":""foreign_key"",""sensitivity"":""none"",""reason"":""A referência legada é resolvida por vínculo explícito e falhas nunca fabricam entidade.""},{""sourceColumn"":""urgencia"",""destinationColumn"":""urgency"",""status"":""mapped"",""transformation"":""normalize_rh_request_urgency"",""nullHandling"":""normalize_empty_to_null_or_quarantine_when_required"",""referenceRole"":""none"",""sensitivity"":""none"",""reason"":""A coluna legada urgencia alimenta urgency conforme o contrato atual validado.""},{""sourceColumn"":""data_cadastro"",""destinationColumn"":""created_at"",""status"":""mapped"",""transformation"":""normalize_required_date"",""nullHandling"":""normalize_empty_to_null_or_quarantine_when_required"",""referenceRole"":""none"",""sensitivity"":""none"",""reason"":""A coluna legada data_cadastro alimenta created_at conforme o contrato atual validado.""},{""sourceColumn"":""data_atualizacao"",""destinationColumn"":""updated_at"",""status"":""mapped"",""transformation"":""normalize_required_date_with_created_fallback"",""nullHandling"":""normalize_empty_to_null_or_quarantine_when_required"",""referenceRole"":""none"",""sensitivity"":""none"",""reason"":""A coluna legada data_atualizacao alimenta updated_at conforme o contrato atual validado.""}]","{""organization_id"":""e8048d1c-0830-45d7-84de-68e20abd685b""}","{""urgency"":""Low"",""status"":""New""}","{""declared"":false,""mode"":""unknown"",""requirements"":[]}","{""kind"":""runtime_classifier"",""decisionSource"":""runtime_classifier"",""conditions"":null,""decisionRequiredPerSourceRow"":true,""omissionPolicy"":""error"",""runtimeClassifierRequired"":true}","{""ruleOrigin"":""rh-pessoal:tb_rh.solicitacoes"",""stepId"":""rh-request-insert"",""classifyRef"":""rh-pessoal:tb_rh.solicitacoes#classifySourceRow"",""emitRef"":""rh-pessoal:tb_rh.solicitacoes#emitRows""}","{""required"":true,""classifyDigest"":""48731fd94ddda0234fb75dadc6068eda658c7c0895b8c8520c0204101c54f805"",""emitDigest"":""84718a557db3083559525af8f2a2c358229960cf52007be18a455a73ba33fca6""}",eabe828efcfe047d8f9c891fabe6bda2f01baedcb64d823e3b794fe5c032271a,915,0,0,0,915,preflight_blocked,false
tb_rh.solicitacoes_categorias,rh-request-category-insert,rh.request_categories,insert,generate,"{""kind"":""generate"",""legacyColumn"":""id"",""scope"":""tb_rh.solicitacoes_categorias"",""namespace"":""3f68d246-0b54-4a10-9415-a8845a767fb5""}",1:1,rh-pessoal:tb_rh.solicitacoes_categorias,,legacy_identity,"[{""sourceColumn"":""id"",""destinationColumn"":""id"",""status"":""mapped"",""transformation"":""uuid_v5_from_full_source_table_and_legacy_id"",""nullHandling"":""normalize_empty_to_null_or_quarantine_when_required"",""referenceRole"":""none"",""sensitivity"":""none"",""reason"":""A coluna legada id alimenta id conforme o contrato atual validado.""},{""sourceColumn"":""categoria"",""destinationColumn"":""name"",""status"":""mapped"",""transformation"":""normalize_required_text"",""nullHandling"":""normalize_empty_to_null_or_quarantine_when_required"",""referenceRole"":""none"",""sensitivity"":""none"",""reason"":""A coluna legada categoria alimenta name conforme o contrato atual validado.""},{""sourceColumn"":""status"",""destinationColumn"":""active"",""status"":""mapped"",""transformation"":""normalize_boolean"",""nullHandling"":""normalize_empty_to_null_or_quarantine_when_required"",""referenceRole"":""none"",""sensitivity"":""none"",""reason"":""A coluna legada status alimenta active conforme o contrato atual validado.""}]","{""organization_id"":""e8048d1c-0830-45d7-84de-68e20abd685b""}","{""active"":true}","{""declared"":false,""mode"":""unknown"",""requirements"":[]}","{""kind"":""runtime_classifier"",""decisionSource"":""runtime_classifier"",""conditions"":null,""decisionRequiredPerSourceRow"":true,""omissionPolicy"":""error"",""runtimeClassifierRequired"":true}","{""ruleOrigin"":""rh-pessoal:tb_rh.solicitacoes_categorias"",""stepId"":""rh-request-category-insert"",""classifyRef"":""rh-pessoal:tb_rh.solicitacoes_categorias#classifySourceRow"",""emitRef"":""rh-pessoal:tb_rh.solicitacoes_categorias#emitRows""}","{""required"":true,""classifyDigest"":""9982f2c2a36f28b910456832be31536306500c1d6bc84ba0b295043c4acc7d7b"",""emitDigest"":""e8e9c84819bf4a69476572c63e03ffa5d5b028b3a32c778b5e2a418ab3d23d56""}",2597519e5505bba6a2360aa063a3e633c12faf4906e789b7499dfeadaa48d1d4,7,0,0,0,7,preflight_blocked,false
tb_rh.solicitacoes_mensagens,rh-request-message-insert,rh.request_messages,insert,generate,"{""kind"":""generate"",""legacyColumn"":""id"",""scope"":""tb_rh.solicitacoes_mensagens"",""namespace"":""3f68d246-0b54-4a10-9415-a8845a767fb5""}",1:1,rh-pessoal:tb_rh.solicitacoes_mensagens,tb_rh.solicitacoes|tb_rh.colaboradores,legacy_identity,"[{""sourceColumn"":""id"",""destinationColumn"":""id"",""status"":""mapped"",""transformation"":""uuid_v5_from_full_source_table_and_legacy_id"",""nullHandling"":""normalize_empty_to_null_or_quarantine_when_required"",""referenceRole"":""none"",""sensitivity"":""none"",""reason"":""A coluna legada id alimenta id conforme o contrato atual validado.""},{""sourceColumn"":""solicitacao"",""destinationColumn"":""request_id"",""status"":""mapped"",""transformation"":""resolve_request_reference"",""nullHandling"":""normalize_empty_to_null_or_quarantine_when_required"",""referenceRole"":""foreign_key"",""sensitivity"":""none"",""reason"":""A referência legada é resolvida por vínculo explícito e falhas nunca fabricam entidade.""},{""sourceColumn"":""tipo"",""destinationColumn"":""type"",""status"":""mapped"",""transformation"":""normalize_rh_message_type"",""nullHandling"":""normalize_empty_to_null_or_quarantine_when_required"",""referenceRole"":""none"",""sensitivity"":""none"",""reason"":""A coluna legada tipo alimenta type conforme o contrato atual validado.""},{""sourceColumn"":""remetente"",""destinationColumn"":""sender_user_id"",""status"":""mapped"",""transformation"":""resolve_collaborator_user_reference"",""nullHandling"":""normalize_empty_to_null_or_quarantine_when_required"",""referenceRole"":""foreign_key"",""sensitivity"":""none"",""reason"":""O valor legado referencia tb_rh.colaboradores.id e deve resolver o User explicitamente ligado ao colaborador.""},{""sourceColumn"":""destinatario"",""destinationColumn"":null,""status"":""not_preserved"",""transformation"":""not_preserved"",""nullHandling"":""not_applicable"",""referenceRole"":""none"",""sensitivity"":""personal"",""reason"":""O destinatário é derivado dos participantes da solicitação atual e não é persistido na mensagem.""},{""sourceColumn"":""lida"",""destinationColumn"":""is_read"",""status"":""mapped"",""transformation"":""normalize_boolean"",""nullHandling"":""normalize_empty_to_null_or_quarantine_when_required"",""referenceRole"":""none"",""sensitivity"":""none"",""reason"":""A coluna legada lida alimenta is_read conforme o contrato atual validado.""},{""sourceColumn"":""data_envio"",""destinationColumn"":""created_at"",""status"":""mapped"",""transformation"":""normalize_required_date"",""nullHandling"":""normalize_empty_to_null_or_quarantine_when_required"",""referenceRole"":""none"",""sensitivity"":""none"",""reason"":""A coluna legada data_envio alimenta created_at conforme o contrato atual validado.""},{""sourceColumn"":""mensagem"",""destinationColumn"":""message"",""status"":""mapped"",""transformation"":""normalize_required_text"",""nullHandling"":""normalize_empty_to_null_or_quarantine_when_required"",""referenceRole"":""none"",""sensitivity"":""personal"",""reason"":""O dado pessoal é preservado somente no destino previsto e nunca integra a quarentena.""}]","{""organization_id"":""e8048d1c-0830-45d7-84de-68e20abd685b""}","{""attachment"":null,""is_read"":false}","{""declared"":false,""mode"":""unknown"",""requirements"":[]}","{""kind"":""runtime_classifier"",""decisionSource"":""runtime_classifier"",""conditions"":null,""decisionRequiredPerSourceRow"":true,""omissionPolicy"":""error"",""runtimeClassifierRequired"":true}","{""ruleOrigin"":""rh-pessoal:tb_rh.solicitacoes_mensagens"",""stepId"":""rh-request-message-insert"",""classifyRef"":""rh-pessoal:tb_rh.solicitacoes_mensagens#classifySourceRow"",""emitRef"":""rh-pessoal:tb_rh.solicitacoes_mensagens#emitRows""}","{""required"":true,""classifyDigest"":""9982f2c2a36f28b910456832be31536306500c1d6bc84ba0b295043c4acc7d7b"",""emitDigest"":""e8e9c84819bf4a69476572c63e03ffa5d5b028b3a32c778b5e2a418ab3d23d56""}",fa3058e5a8a11c9b500a6f3259bf35396f8ed9e7960e9f4022ccd000fb5b8d03,1906,0,0,0,1906,preflight_blocked,false
tb_tecnologia.estoque,technology-stock-category-derived,stock.categories,derived,generate,"{""kind"":""generate"",""legacyColumn"":""categoria"",""scope"":""stock.categories:organization-name"",""namespace"":""3f68d246-0b54-4a10-9415-a8845a767fb5""}",1:N,technology:tb_tecnologia.estoque,tb_admin.departamentos,organization_id|normalized_name|first_legacy_row,"[{""sourceColumn"":""categoria"",""destinationColumn"":""id"",""status"":""mapped"",""transformation"":""uuid_v5_from_organization_and_normalized_name"",""nullHandling"":""normalize_empty_to_null_or_quarantine_when_required"",""referenceRole"":""none"",""sensitivity"":""none"",""reason"":""A coluna legada categoria alimenta id conforme o contrato atual validado.""},{""sourceColumn"":""categoria"",""destinationColumn"":""name"",""status"":""mapped"",""transformation"":""normalize_required_name"",""nullHandling"":""normalize_empty_to_null_or_quarantine_when_required"",""referenceRole"":""none"",""sensitivity"":""none"",""reason"":""A coluna legada categoria alimenta name conforme o contrato atual validado.""},{""sourceColumn"":null,""destinationColumn"":""department_id"",""status"":""mapped"",""transformation"":""resolve_technology_department"",""nullHandling"":""normalize_empty_to_null_or_quarantine_when_required"",""referenceRole"":""foreign_key"",""sensitivity"":""none"",""reason"":""A referência legada exige resolução explícita e nunca fabrica entidade ausente.""}]","{""organization_id"":""e8048d1c-0830-45d7-84de-68e20abd685b""}","{""status"":true}","{""declared"":false,""mode"":""unknown"",""requirements"":[]}","{""kind"":""runtime_classifier"",""decisionSource"":""runtime_classifier"",""conditions"":null,""decisionRequiredPerSourceRow"":true,""omissionPolicy"":""error"",""runtimeClassifierRequired"":true}","{""ruleOrigin"":""technology:tb_tecnologia.estoque"",""stepId"":""technology-stock-category-derived"",""classifyRef"":""technology:tb_tecnologia.estoque#classifySourceRow"",""emitRef"":""technology:tb_tecnologia.estoque#emitRows""}","{""required"":true,""classifyDigest"":""5c5352980917beef926042a6830874ad0f0640106d741f9451886f437ae00faa"",""emitDigest"":""b5c804baa6722201cea8da6e950bfa36ca5373c5b73feff096cc8dfbe4c452ab""}",0e934cf047deb507627a52c47f1741a90d160d3c26293c3488a4a913d384fe32,179,0,0,0,179,preflight_blocked,false
tb_tecnologia.estoque,technology-stock-item-insert,stock,insert,generate,"{""kind"":""generate"",""legacyColumn"":""id"",""scope"":""tb_tecnologia.estoque"",""namespace"":""3f68d246-0b54-4a10-9415-a8845a767fb5""}",1:N,technology:tb_tecnologia.estoque,tb_cbs.estoque_localizacoes|tb_admin.departamentos,legacy_identity|derived_category|derived_location,"[{""sourceColumn"":""id"",""destinationColumn"":""id"",""status"":""mapped"",""transformation"":""uuid_v5_from_full_source_table_and_legacy_id"",""nullHandling"":""normalize_empty_to_null_or_quarantine_when_required"",""referenceRole"":""none"",""sensitivity"":""none"",""reason"":""A coluna legada id alimenta id conforme o contrato atual validado.""},{""sourceColumn"":""categoria"",""destinationColumn"":""category_id"",""status"":""mapped"",""transformation"":""resolve_derived_category"",""nullHandling"":""normalize_empty_to_null_or_quarantine_when_required"",""referenceRole"":""foreign_key"",""sensitivity"":""none"",""reason"":""A referência legada exige resolução explícita e nunca fabrica entidade ausente.""},{""sourceColumn"":""localizacao"",""destinationColumn"":""location_id"",""status"":""mapped"",""transformation"":""resolve_derived_location"",""nullHandling"":""normalize_empty_to_null_or_quarantine_when_required"",""referenceRole"":""foreign_key"",""sensitivity"":""none"",""reason"":""A referência legada exige resolução explícita e nunca fabrica entidade ausente.""},{""sourceColumn"":""quantidade"",""destinationColumn"":""quantity"",""status"":""mapped"",""transformation"":""normalize_non_negative_integer"",""nullHandling"":""normalize_empty_to_null_or_quarantine_when_required"",""referenceRole"":""none"",""sensitivity"":""none"",""reason"":""A coluna legada quantidade alimenta quantity conforme o contrato atual validado.""},{""sourceColumn"":""categoria"",""destinationColumn"":""name"",""status"":""mapped"",""transformation"":""normalize_required_stock_name"",""nullHandling"":""normalize_empty_to_null_or_quarantine_when_required"",""referenceRole"":""none"",""sensitivity"":""none"",""reason"":""A coluna legada categoria alimenta name conforme o contrato atual validado.""},{""sourceColumn"":""descricao"",""destinationColumn"":""description"",""status"":""mapped"",""transformation"":""normalize_optional_text"",""nullHandling"":""normalize_empty_to_null_or_quarantine_when_required"",""referenceRole"":""none"",""sensitivity"":""none"",""reason"":""A coluna legada descricao alimenta description conforme o contrato atual validado.""},{""sourceColumn"":""criado"",""destinationColumn"":null,""status"":""not_preserved"",""transformation"":""not_preserved"",""nullHandling"":""not_applicable"",""referenceRole"":""none"",""sensitivity"":""none"",""reason"":""O indicador legado 0/1 separa itens automáticos dos cadastrados na tela, mas não possui coluna equivalente em stock.""},{""sourceColumn"":""status"",""destinationColumn"":""status"",""status"":""mapped"",""transformation"":""normalize_stock_status"",""nullHandling"":""normalize_empty_to_null_or_quarantine_when_required"",""referenceRole"":""none"",""sensitivity"":""none"",""reason"":""A coluna legada status alimenta status conforme o contrato atual validado.""},{""sourceColumn"":null,""destinationColumn"":""department_id"",""status"":""mapped"",""transformation"":""resolve_technology_department"",""nullHandling"":""normalize_empty_to_null_or_quarantine_when_required"",""referenceRole"":""foreign_key"",""sensitivity"":""none"",""reason"":""A referência legada exige resolução explícita e nunca fabrica entidade ausente.""}]","{""organization_id"":""e8048d1c-0830-45d7-84de-68e20abd685b""}",{},"{""declared"":false,""mode"":""unknown"",""requirements"":[]}","{""kind"":""runtime_classifier"",""decisionSource"":""runtime_classifier"",""conditions"":null,""decisionRequiredPerSourceRow"":true,""omissionPolicy"":""error"",""runtimeClassifierRequired"":true}","{""ruleOrigin"":""technology:tb_tecnologia.estoque"",""stepId"":""technology-stock-item-insert"",""classifyRef"":""technology:tb_tecnologia.estoque#classifySourceRow"",""emitRef"":""technology:tb_tecnologia.estoque#emitRows""}","{""required"":true,""classifyDigest"":""5c5352980917beef926042a6830874ad0f0640106d741f9451886f437ae00faa"",""emitDigest"":""b5c804baa6722201cea8da6e950bfa36ca5373c5b73feff096cc8dfbe4c452ab""}",b1fba3cbb7a614f32583af27ae97a724e16abcf97b0fddf37295629d2720b505,179,0,0,0,179,preflight_blocked,false
tb_tecnologia.estoque,technology-stock-location-derived,stock.locations,derived,generate,"{""kind"":""generate"",""legacyColumn"":""localizacao"",""scope"":""stock.locations:organization-resolved-name"",""namespace"":""3f68d246-0b54-4a10-9415-a8845a767fb5""}",1:N,technology:tb_tecnologia.estoque,tb_cbs.estoque_localizacoes|tb_admin.departamentos,resolved_legacy_location|organization_id|normalized_name|first_legacy_row,"[{""sourceColumn"":""localizacao"",""destinationColumn"":""id"",""status"":""mapped"",""transformation"":""uuid_v5_from_organization_and_resolved_normalized_location_name"",""nullHandling"":""normalize_empty_to_null_or_quarantine_when_required"",""referenceRole"":""none"",""sensitivity"":""none"",""reason"":""A coluna legada localizacao alimenta id conforme o contrato atual validado.""},{""sourceColumn"":""localizacao"",""destinationColumn"":""name"",""status"":""mapped"",""transformation"":""resolve_stock_location_name"",""nullHandling"":""normalize_empty_to_null_or_quarantine_when_required"",""referenceRole"":""none"",""sensitivity"":""none"",""reason"":""A coluna legada localizacao alimenta name conforme o contrato atual validado.""},{""sourceColumn"":""localizacao"",""destinationColumn"":""floor"",""status"":""mapped"",""transformation"":""resolve_stock_location_floor"",""nullHandling"":""normalize_empty_to_null_or_quarantine_when_required"",""referenceRole"":""none"",""sensitivity"":""none"",""reason"":""A coluna legada localizacao alimenta floor conforme o contrato atual validado.""},{""sourceColumn"":null,""destinationColumn"":""department_id"",""status"":""mapped"",""transformation"":""resolve_technology_department"",""nullHandling"":""normalize_empty_to_null_or_quarantine_when_required"",""referenceRole"":""foreign_key"",""sensitivity"":""none"",""reason"":""A referência legada exige resolução explícita e nunca fabrica entidade ausente.""}]","{""organization_id"":""e8048d1c-0830-45d7-84de-68e20abd685b""}","{""status"":true}","{""declared"":false,""mode"":""unknown"",""requirements"":[]}","{""kind"":""runtime_classifier"",""decisionSource"":""runtime_classifier"",""conditions"":null,""decisionRequiredPerSourceRow"":true,""omissionPolicy"":""error"",""runtimeClassifierRequired"":true}","{""ruleOrigin"":""technology:tb_tecnologia.estoque"",""stepId"":""technology-stock-location-derived"",""classifyRef"":""technology:tb_tecnologia.estoque#classifySourceRow"",""emitRef"":""technology:tb_tecnologia.estoque#emitRows""}","{""required"":true,""classifyDigest"":""5c5352980917beef926042a6830874ad0f0640106d741f9451886f437ae00faa"",""emitDigest"":""b5c804baa6722201cea8da6e950bfa36ca5373c5b73feff096cc8dfbe4c452ab""}",be3d51c33323af2a74b476a4d18c0e9f21cd131110ecb3dcd49bedaa828ee600,179,0,0,0,179,preflight_blocked,false
tb_tecnologia.estoque_entradas,technology-stock-entry-insert,stock.entries,insert,generate,"{""kind"":""generate"",""legacyColumn"":""id"",""scope"":""tb_tecnologia.estoque_entradas"",""namespace"":""3f68d246-0b54-4a10-9415-a8845a767fb5""}",1:1,technology:tb_tecnologia.estoque_entradas,tb_tecnologia.estoque|tb_admin.usuarios,legacy_identity,"[{""sourceColumn"":""id"",""destinationColumn"":""id"",""status"":""mapped"",""transformation"":""uuid_v5_from_full_source_table_and_legacy_id"",""nullHandling"":""normalize_empty_to_null_or_quarantine_when_required"",""referenceRole"":""none"",""sensitivity"":""none"",""reason"":""A coluna legada id alimenta id conforme o contrato atual validado.""},{""sourceColumn"":""produto_id"",""destinationColumn"":""stock_id"",""status"":""mapped"",""transformation"":""resolve_stock_reference"",""nullHandling"":""normalize_empty_to_null_or_quarantine_when_required"",""referenceRole"":""foreign_key"",""sensitivity"":""none"",""reason"":""A referência legada exige resolução explícita e nunca fabrica entidade ausente.""},{""sourceColumn"":""quantidade"",""destinationColumn"":""quantity"",""status"":""mapped"",""transformation"":""normalize_positive_integer"",""nullHandling"":""normalize_empty_to_null_or_quarantine_when_required"",""referenceRole"":""none"",""sensitivity"":""none"",""reason"":""A coluna legada quantidade alimenta quantity conforme o contrato atual validado.""},{""sourceColumn"":""data_entrada"",""destinationColumn"":""entry_date"",""status"":""mapped"",""transformation"":""normalize_required_date"",""nullHandling"":""normalize_empty_to_null_or_quarantine_when_required"",""referenceRole"":""none"",""sensitivity"":""none"",""reason"":""A coluna legada data_entrada alimenta entry_date conforme o contrato atual validado.""},{""sourceColumn"":""repositor"",""destinationColumn"":""entry_by_user_id"",""status"":""mapped"",""transformation"":""resolve_user_reference"",""nullHandling"":""normalize_empty_to_null_or_quarantine_when_required"",""referenceRole"":""foreign_key"",""sensitivity"":""none"",""reason"":""A referência legada exige resolução explícita e nunca fabrica entidade ausente.""},{""sourceColumn"":""estoque"",""destinationColumn"":null,""status"":""not_preserved"",""transformation"":""not_preserved"",""nullHandling"":""not_applicable"",""referenceRole"":""none"",""sensitivity"":""none"",""reason"":""O saldo posterior é derivado dos movimentos e do item atual; copiá-lo criaria uma segunda fonte de verdade.""}]","{""organization_id"":""e8048d1c-0830-45d7-84de-68e20abd685b""}",{},"{""declared"":false,""mode"":""unknown"",""requirements"":[]}","{""kind"":""runtime_classifier"",""decisionSource"":""runtime_classifier"",""conditions"":null,""decisionRequiredPerSourceRow"":true,""omissionPolicy"":""error"",""runtimeClassifierRequired"":true}","{""ruleOrigin"":""technology:tb_tecnologia.estoque_entradas"",""stepId"":""technology-stock-entry-insert"",""classifyRef"":""technology:tb_tecnologia.estoque_entradas#classifySourceRow"",""emitRef"":""technology:tb_tecnologia.estoque_entradas#emitRows""}","{""required"":true,""classifyDigest"":""76c51a5230e6f13faf1cda0dbc4f4d3a98467a40b81aeae3a6b438b0abd4db39"",""emitDigest"":""7bc5b858cacf99b539b6d1350a89abd2772dce91051976884d3128d1aa3e0091""}",63014870a9d2e20b5e1a9fd004f3b92cec141fb474674af346a8c44f48a4df23,865,0,0,0,865,preflight_blocked,false
tb_tecnologia.estoque_saidas,technology-stock-exit-insert,stock.exits,insert,generate,"{""kind"":""generate"",""legacyColumn"":""id"",""scope"":""tb_tecnologia.estoque_saidas"",""namespace"":""3f68d246-0b54-4a10-9415-a8845a767fb5""}",1:1,technology:tb_tecnologia.estoque_saidas,tb_tecnologia.estoque|tb_admin.usuarios,legacy_identity,"[{""sourceColumn"":""id"",""destinationColumn"":""id"",""status"":""mapped"",""transformation"":""uuid_v5_from_full_source_table_and_legacy_id"",""nullHandling"":""normalize_empty_to_null_or_quarantine_when_required"",""referenceRole"":""none"",""sensitivity"":""none"",""reason"":""A coluna legada id alimenta id conforme o contrato atual validado.""},{""sourceColumn"":""produto_id"",""destinationColumn"":""stock_id"",""status"":""mapped"",""transformation"":""resolve_stock_reference"",""nullHandling"":""normalize_empty_to_null_or_quarantine_when_required"",""referenceRole"":""foreign_key"",""sensitivity"":""none"",""reason"":""A referência legada exige resolução explícita e nunca fabrica entidade ausente.""},{""sourceColumn"":""quantidade"",""destinationColumn"":""quantity"",""status"":""mapped"",""transformation"":""normalize_positive_integer"",""nullHandling"":""normalize_empty_to_null_or_quarantine_when_required"",""referenceRole"":""none"",""sensitivity"":""none"",""reason"":""A coluna legada quantidade alimenta quantity conforme o contrato atual validado.""},{""sourceColumn"":""data_saida"",""destinationColumn"":""exit_date"",""status"":""mapped"",""transformation"":""normalize_required_date"",""nullHandling"":""normalize_empty_to_null_or_quarantine_when_required"",""referenceRole"":""none"",""sensitivity"":""none"",""reason"":""A coluna legada data_saida alimenta exit_date conforme o contrato atual validado.""},{""sourceColumn"":""destino"",""destinationColumn"":""destination"",""status"":""mapped"",""transformation"":""normalize_optional_text"",""nullHandling"":""normalize_empty_to_null_or_quarantine_when_required"",""referenceRole"":""none"",""sensitivity"":""none"",""reason"":""A coluna legada destino alimenta destination conforme o contrato atual validado.""},{""sourceColumn"":""solicitante"",""destinationColumn"":""requester_id"",""status"":""mapped"",""transformation"":""resolve_collaborator_user_reference"",""nullHandling"":""normalize_empty_to_null_or_quarantine_when_required"",""referenceRole"":""foreign_key"",""sensitivity"":""none"",""reason"":""A referência legada exige resolução explícita e nunca fabrica entidade ausente.""},{""sourceColumn"":""autorizador"",""destinationColumn"":""approver_id"",""status"":""mapped"",""transformation"":""resolve_optional_user_reference"",""nullHandling"":""normalize_empty_to_null_or_quarantine_when_required"",""referenceRole"":""foreign_key"",""sensitivity"":""none"",""reason"":""A referência legada exige resolução explícita e nunca fabrica entidade ausente.""},{""sourceColumn"":""operador"",""destinationColumn"":""operator_id"",""status"":""mapped"",""transformation"":""resolve_optional_user_reference"",""nullHandling"":""normalize_empty_to_null_or_quarantine_when_required"",""referenceRole"":""foreign_key"",""sensitivity"":""none"",""reason"":""A referência legada exige resolução explícita e nunca fabrica entidade ausente.""},{""sourceColumn"":""estoque"",""destinationColumn"":null,""status"":""not_preserved"",""transformation"":""not_preserved"",""nullHandling"":""not_applicable"",""referenceRole"":""none"",""sensitivity"":""none"",""reason"":""O saldo posterior é derivado dos movimentos e do item atual; não é uma coluna do evento de saída.""},{""sourceColumn"":""obs"",""destinationColumn"":null,""status"":""not_preserved"",""transformation"":""not_preserved"",""nullHandling"":""not_applicable"",""referenceRole"":""none"",""sensitivity"":""personal"",""reason"":""O contrato stock.exits atual não possui observação; o texto não será deslocado para destination sem equivalência semântica.""}]","{""organization_id"":""e8048d1c-0830-45d7-84de-68e20abd685b""}","{""approver_id"":null,""operator_id"":null,""location_destination_id"":null}","{""declared"":false,""mode"":""unknown"",""requirements"":[]}","{""kind"":""runtime_classifier"",""decisionSource"":""runtime_classifier"",""conditions"":null,""decisionRequiredPerSourceRow"":true,""omissionPolicy"":""error"",""runtimeClassifierRequired"":true}","{""ruleOrigin"":""technology:tb_tecnologia.estoque_saidas"",""stepId"":""technology-stock-exit-insert"",""classifyRef"":""technology:tb_tecnologia.estoque_saidas#classifySourceRow"",""emitRef"":""technology:tb_tecnologia.estoque_saidas#emitRows""}","{""required"":true,""classifyDigest"":""83de15d387c344a68aa7f1f98e5d9dda9af6ecf9d9d24d9118c5aa5b4c086fe6"",""emitDigest"":""7bc5b858cacf99b539b6d1350a89abd2772dce91051976884d3128d1aa3e0091""}",199c3174ee277ebbf627c0c66cd4c5382d8f699ec6c57f4de5fe3e141d58bf40,850,0,0,0,850,preflight_blocked,false
tb_tecnologia.inventario,technology-inventory-assigned-insert,tecnologia.inventory,insert,generate,"{""kind"":""generate"",""legacyColumn"":""id"",""scope"":""tb_tecnologia.inventario"",""namespace"":""3f68d246-0b54-4a10-9415-a8845a767fb5""}",1:1,technology:tb_tecnologia.inventario,tb_tecnologia.opcoes|tb_admin.usuarios,legacy_identity,"[{""sourceColumn"":""id"",""destinationColumn"":""id"",""status"":""mapped"",""transformation"":""uuid_v5_from_full_source_table_and_legacy_id"",""nullHandling"":""normalize_empty_to_null_or_quarantine_when_required"",""referenceRole"":""none"",""sensitivity"":""none"",""reason"":""A coluna legada id alimenta id conforme o contrato atual validado.""},{""sourceColumn"":""usuario_id"",""destinationColumn"":""user_id"",""status"":""mapped"",""transformation"":""resolve_optional_user_reference"",""nullHandling"":""normalize_empty_to_null_or_quarantine_when_required"",""referenceRole"":""foreign_key"",""sensitivity"":""none"",""reason"":""A referência legada exige resolução explícita e nunca fabrica entidade ausente.""},{""sourceColumn"":""cod"",""destinationColumn"":""asset_code"",""status"":""mapped"",""transformation"":""normalize_required_asset_code"",""nullHandling"":""normalize_empty_to_null_or_quarantine_when_required"",""referenceRole"":""none"",""sensitivity"":""none"",""reason"":""A coluna legada cod alimenta asset_code conforme o contrato atual validado.""},{""sourceColumn"":""tipo"",""destinationColumn"":""category_id"",""status"":""mapped"",""transformation"":""resolve_inventory_category_by_name"",""nullHandling"":""normalize_empty_to_null_or_quarantine_when_required"",""referenceRole"":""foreign_key"",""sensitivity"":""none"",""reason"":""A referência legada exige resolução explícita e nunca fabrica entidade ausente.""},{""sourceColumn"":""obs"",""destinationColumn"":""notes"",""status"":""mapped"",""transformation"":""normalize_optional_text"",""nullHandling"":""normalize_empty_to_null_or_quarantine_when_required"",""referenceRole"":""none"",""sensitivity"":""personal"",""reason"":""A coluna legada obs alimenta notes conforme o contrato atual validado.""},{""sourceColumn"":""data_entrega"",""destinationColumn"":""delivery_date"",""status"":""mapped"",""transformation"":""normalize_optional_legacy_date"",""nullHandling"":""normalize_empty_to_null_or_quarantine_when_required"",""referenceRole"":""none"",""sensitivity"":""none"",""reason"":""A coluna legada data_entrega alimenta delivery_date conforme o contrato atual validado.""},{""sourceColumn"":""data_devolucao"",""destinationColumn"":""return_date"",""status"":""mapped"",""transformation"":""normalize_optional_legacy_date"",""nullHandling"":""normalize_empty_to_null_or_quarantine_when_required"",""referenceRole"":""none"",""sensitivity"":""none"",""reason"":""A coluna legada data_devolucao alimenta return_date conforme o contrato atual validado.""},{""sourceColumn"":""ti_responsavel"",""destinationColumn"":""responsible_it_staff_id"",""status"":""mapped"",""transformation"":""resolve_optional_user_reference"",""nullHandling"":""normalize_empty_to_null_or_quarantine_when_required"",""referenceRole"":""foreign_key"",""sensitivity"":""none"",""reason"":""A referência legada exige resolução explícita e nunca fabrica entidade ausente.""},{""sourceColumn"":""termo"",""destinationColumn"":null,""status"":""not_preserved"",""transformation"":""not_preserved"",""nullHandling"":""not_applicable"",""referenceRole"":""none"",""sensitivity"":""none"",""reason"":""O indicador legado de termo não substitui a entidade tecnologia.terms nem sua identidade própria.""},{""sourceColumn"":""data_registro"",""destinationColumn"":""created_at"",""status"":""mapped"",""transformation"":""normalize_required_date"",""nullHandling"":""normalize_empty_to_null_or_quarantine_when_required"",""referenceRole"":""none"",""sensitivity"":""none"",""reason"":""A coluna legada data_registro alimenta created_at conforme o contrato atual validado.""}]","{""organization_id"":""e8048d1c-0830-45d7-84de-68e20abd685b""}","{""location_id"":null}","{""declared"":false,""mode"":""unknown"",""requirements"":[]}","{""kind"":""runtime_classifier"",""decisionSource"":""runtime_classifier"",""conditions"":null,""decisionRequiredPerSourceRow"":true,""omissionPolicy"":""error"",""runtimeClassifierRequired"":true}","{""ruleOrigin"":""technology:tb_tecnologia.inventario"",""stepId"":""technology-inventory-assigned-insert"",""classifyRef"":""technology:tb_tecnologia.inventario#classifySourceRow"",""emitRef"":""technology:tb_tecnologia.inventario#emitRows""}","{""required"":true,""classifyDigest"":""09d936a983bf6f9d91876abe86deb1b172462c827175471dc76dab98f808451e"",""emitDigest"":""7bc5b858cacf99b539b6d1350a89abd2772dce91051976884d3128d1aa3e0091""}",b2131d867009af13fe10ff1a6ac848e291f50900b65f349a936989c960dbc424,660,0,0,0,660,preflight_blocked,false
tb_tecnologia.inventario_itens,technology-inventory-location-item-insert,tecnologia.inventory,insert,generate,"{""kind"":""generate"",""legacyColumn"":""id"",""scope"":""tb_tecnologia.inventario_itens"",""namespace"":""3f68d246-0b54-4a10-9415-a8845a767fb5""}",1:1,technology:tb_tecnologia.inventario_itens,tb_tecnologia.inventario_loc|tb_tecnologia.opcoes|tb_admin.usuarios,legacy_identity,"[{""sourceColumn"":""id"",""destinationColumn"":""id"",""status"":""mapped"",""transformation"":""uuid_v5_from_full_source_table_and_legacy_id"",""nullHandling"":""normalize_empty_to_null_or_quarantine_when_required"",""referenceRole"":""none"",""sensitivity"":""none"",""reason"":""A coluna legada id alimenta id conforme o contrato atual validado.""},{""sourceColumn"":""local_id"",""destinationColumn"":""location_id"",""status"":""mapped"",""transformation"":""resolve_inventory_location_reference"",""nullHandling"":""normalize_empty_to_null_or_quarantine_when_required"",""referenceRole"":""foreign_key"",""sensitivity"":""none"",""reason"":""A referência legada exige resolução explícita e nunca fabrica entidade ausente.""},{""sourceColumn"":""cod"",""destinationColumn"":""asset_code"",""status"":""mapped"",""transformation"":""normalize_required_asset_code"",""nullHandling"":""normalize_empty_to_null_or_quarantine_when_required"",""referenceRole"":""none"",""sensitivity"":""none"",""reason"":""A coluna legada cod alimenta asset_code conforme o contrato atual validado.""},{""sourceColumn"":""tipo"",""destinationColumn"":""category_id"",""status"":""mapped"",""transformation"":""resolve_inventory_category_by_name"",""nullHandling"":""normalize_empty_to_null_or_quarantine_when_required"",""referenceRole"":""foreign_key"",""sensitivity"":""none"",""reason"":""A referência legada exige resolução explícita e nunca fabrica entidade ausente.""},{""sourceColumn"":""obs"",""destinationColumn"":""notes"",""status"":""mapped"",""transformation"":""normalize_optional_text"",""nullHandling"":""normalize_empty_to_null_or_quarantine_when_required"",""referenceRole"":""none"",""sensitivity"":""personal"",""reason"":""A coluna legada obs alimenta notes conforme o contrato atual validado.""},{""sourceColumn"":""data_entrega"",""destinationColumn"":""delivery_date"",""status"":""mapped"",""transformation"":""normalize_optional_legacy_date"",""nullHandling"":""normalize_empty_to_null_or_quarantine_when_required"",""referenceRole"":""none"",""sensitivity"":""none"",""reason"":""A coluna legada data_entrega alimenta delivery_date conforme o contrato atual validado.""},{""sourceColumn"":""id_responsavel"",""destinationColumn"":""responsible_it_staff_id"",""status"":""mapped"",""transformation"":""resolve_optional_user_reference"",""nullHandling"":""normalize_empty_to_null_or_quarantine_when_required"",""referenceRole"":""foreign_key"",""sensitivity"":""none"",""reason"":""A referência legada exige resolução explícita e nunca fabrica entidade ausente.""},{""sourceColumn"":""data_registro"",""destinationColumn"":""created_at"",""status"":""mapped"",""transformation"":""normalize_required_date"",""nullHandling"":""normalize_empty_to_null_or_quarantine_when_required"",""referenceRole"":""none"",""sensitivity"":""none"",""reason"":""A coluna legada data_registro alimenta created_at conforme o contrato atual validado.""}]","{""organization_id"":""e8048d1c-0830-45d7-84de-68e20abd685b""}","{""user_id"":null,""return_date"":null}","{""declared"":false,""mode"":""unknown"",""requirements"":[]}","{""kind"":""runtime_classifier"",""decisionSource"":""runtime_classifier"",""conditions"":null,""decisionRequiredPerSourceRow"":true,""omissionPolicy"":""error"",""runtimeClassifierRequired"":true}","{""ruleOrigin"":""technology:tb_tecnologia.inventario_itens"",""stepId"":""technology-inventory-location-item-insert"",""classifyRef"":""technology:tb_tecnologia.inventario_itens#classifySourceRow"",""emitRef"":""technology:tb_tecnologia.inventario_itens#emitRows""}","{""required"":true,""classifyDigest"":""8d673746d288bb4c3a0fb7593335b23b71b1558de4e54dc7e2c84a57ea652b80"",""emitDigest"":""7bc5b858cacf99b539b6d1350a89abd2772dce91051976884d3128d1aa3e0091""}",b12842b2defe720f3a0bc1d8c1ce09f3a5d679324ed2ed8f3cae7fd1ef780e77,41,0,0,0,41,preflight_blocked,false
tb_tecnologia.inventario_loc,technology-inventory-location-insert,tecnologia.inventoryLocations,insert,generate,"{""kind"":""generate"",""legacyColumn"":""nome"",""scope"":""tecnologia.inventoryLocations:organization-name"",""namespace"":""3f68d246-0b54-4a10-9415-a8845a767fb5""}",1:1,technology:tb_tecnologia.inventario_loc,,organization_id|normalized_name|first_legacy_row,"[{""sourceColumn"":""id"",""destinationColumn"":""id"",""status"":""mapped"",""transformation"":""uuid_v5_from_organization_and_normalized_name"",""nullHandling"":""normalize_empty_to_null_or_quarantine_when_required"",""referenceRole"":""none"",""sensitivity"":""none"",""reason"":""A coluna legada id alimenta id conforme o contrato atual validado.""},{""sourceColumn"":""nome"",""destinationColumn"":""name"",""status"":""mapped"",""transformation"":""normalize_required_name"",""nullHandling"":""normalize_empty_to_null_or_quarantine_when_required"",""referenceRole"":""none"",""sensitivity"":""none"",""reason"":""A coluna legada nome alimenta name conforme o contrato atual validado.""},{""sourceColumn"":""andar"",""destinationColumn"":null,""status"":""not_preserved"",""transformation"":""not_preserved"",""nullHandling"":""not_applicable"",""referenceRole"":""none"",""sensitivity"":""none"",""reason"":""A localização de inventário atual não possui andar; o campo não será confundido com stock.locations.floor.""}]","{""organization_id"":""e8048d1c-0830-45d7-84de-68e20abd685b""}","{""active"":true}","{""declared"":false,""mode"":""unknown"",""requirements"":[]}","{""kind"":""runtime_classifier"",""decisionSource"":""runtime_classifier"",""conditions"":null,""decisionRequiredPerSourceRow"":true,""omissionPolicy"":""error"",""runtimeClassifierRequired"":true}","{""ruleOrigin"":""technology:tb_tecnologia.inventario_loc"",""stepId"":""technology-inventory-location-insert"",""classifyRef"":""technology:tb_tecnologia.inventario_loc#classifySourceRow"",""emitRef"":""technology:tb_tecnologia.inventario_loc#emitRows""}","{""required"":true,""classifyDigest"":""be4861ef8433ef7bc9c09302339910a5efd2cd4af9b10fbf15fcee85ec946b44"",""emitDigest"":""7bc5b858cacf99b539b6d1350a89abd2772dce91051976884d3128d1aa3e0091""}",3b21a00ae099372b33348a9de14b06368bf121a156392f945691a403c0fa43d8,21,0,0,0,21,preflight_blocked,false
tb_tecnologia.opcoes,technology-inventory-category-insert,tecnologia.inventoryCategories,insert,generate,"{""kind"":""generate"",""legacyColumn"":""categoria"",""scope"":""tecnologia.inventoryCategories:organization-name"",""namespace"":""3f68d246-0b54-4a10-9415-a8845a767fb5""}",1:1,technology:tb_tecnologia.opcoes,,organization_id|normalized_name|first_legacy_row,"[{""sourceColumn"":""id"",""destinationColumn"":""id"",""status"":""mapped"",""transformation"":""uuid_v5_from_organization_and_normalized_name"",""nullHandling"":""normalize_empty_to_null_or_quarantine_when_required"",""referenceRole"":""none"",""sensitivity"":""none"",""reason"":""A coluna legada id alimenta id conforme o contrato atual validado.""},{""sourceColumn"":""tipo"",""destinationColumn"":null,""status"":""not_preserved"",""transformation"":""not_preserved"",""nullHandling"":""not_applicable"",""referenceRole"":""none"",""sensitivity"":""none"",""reason"":""tipo distingue as duas telas legadas, mas ambas usam o mesmo catálogo atual de categorias.""},{""sourceColumn"":""categoria"",""destinationColumn"":""name"",""status"":""mapped"",""transformation"":""normalize_required_name"",""nullHandling"":""normalize_empty_to_null_or_quarantine_when_required"",""referenceRole"":""none"",""sensitivity"":""none"",""reason"":""A coluna legada categoria alimenta name conforme o contrato atual validado.""}]","{""organization_id"":""e8048d1c-0830-45d7-84de-68e20abd685b""}","{""tag"":null,""active"":true}","{""declared"":false,""mode"":""unknown"",""requirements"":[]}","{""kind"":""runtime_classifier"",""decisionSource"":""runtime_classifier"",""conditions"":null,""decisionRequiredPerSourceRow"":true,""omissionPolicy"":""error"",""runtimeClassifierRequired"":true}","{""ruleOrigin"":""technology:tb_tecnologia.opcoes"",""stepId"":""technology-inventory-category-insert"",""classifyRef"":""technology:tb_tecnologia.opcoes#classifySourceRow"",""emitRef"":""technology:tb_tecnologia.opcoes#emitRows""}","{""required"":true,""classifyDigest"":""bbbdeb5a0424056eda639072292157806d52f8c0cdec6f130b92a409d4824bca"",""emitDigest"":""7bc5b858cacf99b539b6d1350a89abd2772dce91051976884d3128d1aa3e0091""}",ea81282b977a969a2649ab6cc8cb56693eb1b23d8a0619a00741bc2644f2bd5f,31,0,0,0,31,preflight_blocked,false
tb_tecnologia.senhas,technology-password-insert,tecnologia.passwords_users,insert,generate,"{""kind"":""generate"",""legacyColumn"":""id"",""scope"":""tb_tecnologia.senhas"",""namespace"":""3f68d246-0b54-4a10-9415-a8845a767fb5""}",1:1,technology:tb_tecnologia.senhas,tb_admin.usuarios,legacy_identity,"[{""sourceColumn"":""id"",""destinationColumn"":""id"",""status"":""mapped"",""transformation"":""uuid_v5_from_full_source_table_and_legacy_id"",""nullHandling"":""normalize_empty_to_null_or_quarantine_when_required"",""referenceRole"":""none"",""sensitivity"":""none"",""reason"":""A coluna legada id alimenta id conforme o contrato atual validado.""},{""sourceColumn"":""id_usuario"",""destinationColumn"":""user_id"",""status"":""mapped"",""transformation"":""resolve_user_reference"",""nullHandling"":""normalize_empty_to_null_or_quarantine_when_required"",""referenceRole"":""foreign_key"",""sensitivity"":""none"",""reason"":""A referência legada exige resolução explícita e nunca fabrica entidade ausente.""},{""sourceColumn"":""local"",""destinationColumn"":""local"",""status"":""mapped"",""transformation"":""normalize_required_text"",""nullHandling"":""normalize_empty_to_null_or_quarantine_when_required"",""referenceRole"":""none"",""sensitivity"":""none"",""reason"":""A coluna legada local alimenta local conforme o contrato atual validado.""},{""sourceColumn"":""user"",""destinationColumn"":null,""status"":""not_preserved"",""transformation"":""redact_and_not_preserve"",""nullHandling"":""not_applicable"",""referenceRole"":""none"",""sensitivity"":""credential"",""reason"":""O contrato atual não possui login textual; copiar a credencial para notes a exporia nas listagens.""},{""sourceColumn"":""password"",""destinationColumn"":""password"",""status"":""mapped"",""transformation"":""encrypt_credential"",""nullHandling"":""required_encrypted_value"",""referenceRole"":""none"",""sensitivity"":""credential"",""reason"":""A credencial somente pode ser persistida após criptografia verificada.""},{""sourceColumn"":""obs"",""destinationColumn"":null,""status"":""not_preserved"",""transformation"":""redact_and_not_preserve"",""nullHandling"":""not_applicable"",""referenceRole"":""none"",""sensitivity"":""credential"",""reason"":""A observação legada contém credencial não estruturada e notes é exposto e pesquisável; sem canal criptografado comprovado, o texto não pode ser preservado.""},{""sourceColumn"":""item"",""destinationColumn"":null,""status"":""not_preserved"",""transformation"":""not_preserved"",""nullHandling"":""not_applicable"",""referenceRole"":""none"",""sensitivity"":""none"",""reason"":""O vínculo Anydesk com item de inventário não existe no contrato atual de senhas de usuário.""},{""sourceColumn"":""tipo"",""destinationColumn"":null,""status"":""not_preserved"",""transformation"":""not_preserved"",""nullHandling"":""not_applicable"",""referenceRole"":""none"",""sensitivity"":""none"",""reason"":""tipo 0 identifica User e tipo 1 identifica localização; somente tipo 0 é compatível com user_id atual.""}]","{""organization_id"":""e8048d1c-0830-45d7-84de-68e20abd685b""}","{""active"":true}","{""declared"":false,""mode"":""unknown"",""requirements"":[]}","{""kind"":""runtime_classifier"",""decisionSource"":""runtime_classifier"",""conditions"":null,""decisionRequiredPerSourceRow"":true,""omissionPolicy"":""error"",""runtimeClassifierRequired"":true}","{""ruleOrigin"":""technology:tb_tecnologia.senhas"",""stepId"":""technology-password-insert"",""classifyRef"":""technology:tb_tecnologia.senhas#classifySourceRow"",""emitRef"":""technology:tb_tecnologia.senhas#emitRows""}","{""required"":true,""classifyDigest"":""0f54474c5c91e2b25c3727352e06c7f005a40de54ae1fcfa471e3b0a3e251b0a"",""emitDigest"":""7bc5b858cacf99b539b6d1350a89abd2772dce91051976884d3128d1aa3e0091""}",84c199d19f8ca6dcf06d8f3759689b78f1b4d3cf206c5fc9833cb052ec88589c,179,0,0,0,179,preflight_blocked,false
tb_tecnologia.termos,technology-term-insert,tecnologia.terms,insert,generate,"{""kind"":""generate"",""legacyColumn"":""id"",""scope"":""tb_tecnologia.termos"",""namespace"":""3f68d246-0b54-4a10-9415-a8845a767fb5""}",1:1,technology:tb_tecnologia.termos,tb_admin.usuarios|tb_admin.departamentos,legacy_identity,"[{""sourceColumn"":""id"",""destinationColumn"":""id"",""status"":""mapped"",""transformation"":""uuid_v5_from_full_source_table_and_legacy_id"",""nullHandling"":""normalize_empty_to_null_or_quarantine_when_required"",""referenceRole"":""none"",""sensitivity"":""none"",""reason"":""A coluna legada id alimenta id conforme o contrato atual validado.""},{""sourceColumn"":""user_id"",""destinationColumn"":""user_id"",""status"":""mapped"",""transformation"":""resolve_optional_user_reference"",""nullHandling"":""normalize_empty_to_null_or_quarantine_when_required"",""referenceRole"":""foreign_key"",""sensitivity"":""none"",""reason"":""A referência legada exige resolução explícita e nunca fabrica entidade ausente.""},{""sourceColumn"":""data"",""destinationColumn"":""date"",""status"":""mapped"",""transformation"":""normalize_required_date"",""nullHandling"":""normalize_empty_to_null_or_quarantine_when_required"",""referenceRole"":""none"",""sensitivity"":""none"",""reason"":""A coluna legada data alimenta date conforme o contrato atual validado.""},{""sourceColumn"":""nome"",""destinationColumn"":""user_name"",""status"":""mapped"",""transformation"":""normalize_required_text"",""nullHandling"":""normalize_empty_to_null_or_quarantine_when_required"",""referenceRole"":""none"",""sensitivity"":""personal"",""reason"":""A coluna legada nome alimenta user_name conforme o contrato atual validado.""},{""sourceColumn"":""cpf"",""destinationColumn"":""user_cpf"",""status"":""mapped"",""transformation"":""normalize_required_document"",""nullHandling"":""normalize_empty_to_null_or_quarantine_when_required"",""referenceRole"":""none"",""sensitivity"":""personal"",""reason"":""A coluna legada cpf alimenta user_cpf conforme o contrato atual validado.""},{""sourceColumn"":""departamento"",""destinationColumn"":""department_id"",""status"":""mapped"",""transformation"":""resolve_optional_department_reference"",""nullHandling"":""normalize_empty_to_null_or_quarantine_when_required"",""referenceRole"":""foreign_key"",""sensitivity"":""none"",""reason"":""A referência legada exige resolução explícita e nunca fabrica entidade ausente.""},{""sourceColumn"":""endereco"",""destinationColumn"":""address"",""status"":""mapped"",""transformation"":""normalize_optional_text"",""nullHandling"":""normalize_empty_to_null_or_quarantine_when_required"",""referenceRole"":""none"",""sensitivity"":""personal"",""reason"":""A coluna legada endereco alimenta address conforme o contrato atual validado.""},{""sourceColumn"":""motivo"",""destinationColumn"":""reason"",""status"":""mapped"",""transformation"":""normalize_optional_text"",""nullHandling"":""normalize_empty_to_null_or_quarantine_when_required"",""referenceRole"":""none"",""sensitivity"":""personal"",""reason"":""A coluna legada motivo alimenta reason conforme o contrato atual validado.""},{""sourceColumn"":""equipamentos"",""destinationColumn"":""equipament_list"",""status"":""mapped"",""transformation"":""normalize_optional_text"",""nullHandling"":""normalize_empty_to_null_or_quarantine_when_required"",""referenceRole"":""none"",""sensitivity"":""none"",""reason"":""A coluna legada equipamentos alimenta equipament_list conforme o contrato atual validado.""},{""sourceColumn"":""marca"",""destinationColumn"":""brand"",""status"":""mapped"",""transformation"":""normalize_optional_text"",""nullHandling"":""normalize_empty_to_null_or_quarantine_when_required"",""referenceRole"":""none"",""sensitivity"":""none"",""reason"":""A coluna legada marca alimenta brand conforme o contrato atual validado.""},{""sourceColumn"":""codigo"",""destinationColumn"":""asset_code"",""status"":""mapped"",""transformation"":""normalize_optional_text"",""nullHandling"":""normalize_empty_to_null_or_quarantine_when_required"",""referenceRole"":""none"",""sensitivity"":""none"",""reason"":""A coluna legada codigo alimenta asset_code conforme o contrato atual validado.""},{""sourceColumn"":""imei"",""destinationColumn"":""imei"",""status"":""mapped"",""transformation"":""normalize_optional_text"",""nullHandling"":""normalize_empty_to_null_or_quarantine_when_required"",""referenceRole"":""none"",""sensitivity"":""personal"",""reason"":""A coluna legada imei alimenta imei conforme o contrato atual validado.""},{""sourceColumn"":""assinatura"",""destinationColumn"":null,""status"":""not_preserved"",""transformation"":""redact_and_not_preserve"",""nullHandling"":""not_applicable"",""referenceRole"":""none"",""sensitivity"":""secret"",""reason"":""A assinatura legada é um arquivo; signed_at registra evento temporal e não pode receber nome ou conteúdo do arquivo.""}]","{""organization_id"":""e8048d1c-0830-45d7-84de-68e20abd685b""}","{""signed_at"":null}","{""declared"":false,""mode"":""unknown"",""requirements"":[]}","{""kind"":""runtime_classifier"",""decisionSource"":""runtime_classifier"",""conditions"":null,""decisionRequiredPerSourceRow"":true,""omissionPolicy"":""error"",""runtimeClassifierRequired"":true}","{""ruleOrigin"":""technology:tb_tecnologia.termos"",""stepId"":""technology-term-insert"",""classifyRef"":""technology:tb_tecnologia.termos#classifySourceRow"",""emitRef"":""technology:tb_tecnologia.termos#emitRows""}","{""required"":true,""classifyDigest"":""526179fb52d3305d0bcc97a1ef951c0a34b61c1b2f868fa7e9df88a7a322b231"",""emitDigest"":""7bc5b858cacf99b539b6d1350a89abd2772dce91051976884d3128d1aa3e0091""}",f541ab22d55640bd4664eeebce630c01ae5b72196a9768dda3aa92cbff98d508,200,0,0,0,200,preflight_blocked,false
tb_triagem.campos,triage-fiscal-config-insert,triagem.configs,insert,generate,"{""kind"":""generate"",""legacyColumn"":""id"",""scope"":""tb_triagem.campos"",""namespace"":""3f68d246-0b54-4a10-9415-a8845a767fb5""}",N:1,remaining:tb_triagem.campos,tb_regularize.clientes,legacy_identity,"[{""sourceColumn"":""id"",""destinationColumn"":""id"",""status"":""mapped"",""transformation"":""uuid_v5_from_full_source_table_and_legacy_id"",""nullHandling"":""normalize_empty_to_null_or_quarantine_when_required"",""referenceRole"":""none"",""sensitivity"":""none"",""reason"":""A coluna id alimenta id conforme o contrato atual validado.""},{""sourceColumn"":""cliente_id"",""destinationColumn"":""client_id"",""status"":""mapped"",""transformation"":""resolve_authoritative_v2_client_from_regularize_code"",""nullHandling"":""normalize_empty_to_null_or_quarantine_when_required"",""referenceRole"":""foreign_key"",""sensitivity"":""none"",""reason"":""A referência é resolvida exclusivamente pelo vínculo legado explícito.""},{""sourceColumn"":""nfce"",""destinationColumn"":""active_items"",""status"":""mapped"",""transformation"":""aggregate_enabled_fiscal_field_nfce_documents"",""nullHandling"":""normalize_empty_to_null_or_quarantine_when_required"",""referenceRole"":""none"",""sensitivity"":""none"",""reason"":""A coluna nfce alimenta active_items conforme o contrato atual validado.""},{""sourceColumn"":""sped"",""destinationColumn"":""active_items"",""status"":""mapped"",""transformation"":""aggregate_enabled_fiscal_field_sped_fiscal"",""nullHandling"":""normalize_empty_to_null_or_quarantine_when_required"",""referenceRole"":""none"",""sensitivity"":""none"",""reason"":""A coluna sped alimenta active_items conforme o contrato atual validado.""},{""sourceColumn"":""spedContribuicoes"",""destinationColumn"":""active_items"",""status"":""mapped"",""transformation"":""aggregate_enabled_fiscal_field_sped_contributions"",""nullHandling"":""normalize_empty_to_null_or_quarantine_when_required"",""referenceRole"":""none"",""sensitivity"":""none"",""reason"":""A coluna spedContribuicoes alimenta active_items conforme o contrato atual validado.""},{""sourceColumn"":""nfce_tomados"",""destinationColumn"":""active_items"",""status"":""mapped"",""transformation"":""aggregate_enabled_fiscal_field_nfse_received"",""nullHandling"":""normalize_empty_to_null_or_quarantine_when_required"",""referenceRole"":""none"",""sensitivity"":""none"",""reason"":""A coluna nfce_tomados alimenta active_items conforme o contrato atual validado.""},{""sourceColumn"":""modelo_21"",""destinationColumn"":""active_items"",""status"":""mapped"",""transformation"":""aggregate_enabled_fiscal_field_model_21_invoice"",""nullHandling"":""normalize_empty_to_null_or_quarantine_when_required"",""referenceRole"":""none"",""sensitivity"":""none"",""reason"":""A coluna modelo_21 alimenta active_items conforme o contrato atual validado.""},{""sourceColumn"":""cte_emitente"",""destinationColumn"":""active_items"",""status"":""mapped"",""transformation"":""aggregate_enabled_fiscal_field_cte_as_issuer"",""nullHandling"":""normalize_empty_to_null_or_quarantine_when_required"",""referenceRole"":""none"",""sensitivity"":""none"",""reason"":""A coluna cte_emitente alimenta active_items conforme o contrato atual validado.""},{""sourceColumn"":""prestadas_mei"",""destinationColumn"":""active_items"",""status"":""mapped"",""transformation"":""aggregate_enabled_fiscal_field_services_provided_as_mei"",""nullHandling"":""normalize_empty_to_null_or_quarantine_when_required"",""referenceRole"":""none"",""sensitivity"":""none"",""reason"":""A coluna prestadas_mei alimenta active_items conforme o contrato atual validado.""},{""sourceColumn"":""faturamento"",""destinationColumn"":null,""status"":""not_preserved"",""transformation"":""not_emitted_no_equivalent_current_column"",""nullHandling"":""A coluna não produz valor de destino."",""referenceRole"":""none"",""sensitivity"":""none"",""reason"":""FISCAL_FIELDS não possui token para faturamento; somente linhas com zero podem prosseguir e qualquer valor funcional coloca a linha integral em quarentena.""},{""sourceColumn"":""envio"",""destinationColumn"":null,""status"":""not_preserved"",""transformation"":""not_emitted_no_equivalent_current_column"",""nullHandling"":""A coluna não produz valor de destino."",""referenceRole"":""none"",""sensitivity"":""none"",""reason"":""A preferência legada de envio não integra o checklist fiscal atual; somente valor vazio pode prosseguir e qualquer preferência funcional coloca a linha integral em quarentena.""}]","{""organization_id"":""e8048d1c-0830-45d7-84de-68e20abd685b"",""type"":""FISCAL""}",{},"{""declared"":false,""mode"":""unknown"",""requirements"":[]}","{""kind"":""runtime_classifier"",""decisionSource"":""runtime_classifier"",""conditions"":null,""decisionRequiredPerSourceRow"":true,""omissionPolicy"":""error"",""runtimeClassifierRequired"":true}","{""ruleOrigin"":""remaining:tb_triagem.campos"",""stepId"":""triage-fiscal-config-insert"",""classifyRef"":""remaining:tb_triagem.campos#classifySourceRow"",""emitRef"":""remaining:tb_triagem.campos#emitRows""}","{""required"":true,""classifyDigest"":""7125f396c9a5a8968aeb04abcc5f7953801a4c11650c4857dd543358f41d5d0b"",""emitDigest"":""eba81454c362f26b8ea0ead57bfbb00e371e48091600f798b9f10d318f64f959""}",01ca1044328be8a3c9de5255443d7533be99d927c0645adba66ecf192bacd034,553,0,0,0,553,preflight_blocked,false
tb_workspace.solicitacoes,workspace-ti-request-insert,tecnologia.requests,insert,generate,"{""kind"":""generate"",""legacyColumn"":""id"",""scope"":""tb_workspace.solicitacoes"",""namespace"":""3f68d246-0b54-4a10-9415-a8845a767fb5""}",1:1,remaining:tb_workspace.solicitacoes,tb_workspace.solicitacoes_categorias|tb_admin.departamentos|tb_admin.usuarios,legacy_identity,"[{""sourceColumn"":""id"",""destinationColumn"":""id"",""status"":""mapped"",""transformation"":""uuid_v5_from_full_source_table_and_legacy_id"",""nullHandling"":""normalize_empty_to_null_or_quarantine_when_required"",""referenceRole"":""none"",""sensitivity"":""none"",""reason"":""A coluna id alimenta id conforme o contrato atual validado.""},{""sourceColumn"":""titulo"",""destinationColumn"":""title"",""status"":""mapped"",""transformation"":""normalize_required_text"",""nullHandling"":""normalize_empty_to_null_or_quarantine_when_required"",""referenceRole"":""none"",""sensitivity"":""none"",""reason"":""A coluna titulo alimenta title conforme o contrato atual validado.""},{""sourceColumn"":""descricao"",""destinationColumn"":""description"",""status"":""mapped"",""transformation"":""normalize_required_text"",""nullHandling"":""normalize_empty_to_null_or_quarantine_when_required"",""referenceRole"":""none"",""sensitivity"":""personal"",""reason"":""A coluna descricao alimenta description conforme o contrato atual validado.""},{""sourceColumn"":""status"",""destinationColumn"":""status"",""status"":""mapped"",""transformation"":""map_workspace_status_to_ti_status"",""nullHandling"":""normalize_empty_to_null_or_quarantine_when_required"",""referenceRole"":""none"",""sensitivity"":""none"",""reason"":""A coluna status alimenta status conforme o contrato atual validado.""},{""sourceColumn"":""requerente"",""destinationColumn"":""requester_id"",""status"":""mapped"",""transformation"":""resolve_explicit_user_reference"",""nullHandling"":""normalize_empty_to_null_or_quarantine_when_required"",""referenceRole"":""foreign_key"",""sensitivity"":""none"",""reason"":""A referência é resolvida exclusivamente pelo vínculo legado explícito.""},{""sourceColumn"":""atribuido"",""destinationColumn"":""assigned_to_id"",""status"":""mapped"",""transformation"":""resolve_optional_ti_user_reference"",""nullHandling"":""normalize_empty_to_null_or_quarantine_when_required"",""referenceRole"":""foreign_key"",""sensitivity"":""none"",""reason"":""A referência é resolvida exclusivamente pelo vínculo legado explícito.""},{""sourceColumn"":""categoria"",""destinationColumn"":""category_id"",""status"":""mapped"",""transformation"":""resolve_workspace_ti_category_reference"",""nullHandling"":""normalize_empty_to_null_or_quarantine_when_required"",""referenceRole"":""foreign_key"",""sensitivity"":""none"",""reason"":""A referência é resolvida exclusivamente pelo vínculo legado explícito.""},{""sourceColumn"":""urgencia"",""destinationColumn"":""urgency"",""status"":""mapped"",""transformation"":""map_workspace_urgency_to_ti_urgency"",""nullHandling"":""normalize_empty_to_null_or_quarantine_when_required"",""referenceRole"":""none"",""sensitivity"":""none"",""reason"":""A coluna urgencia alimenta urgency conforme o contrato atual validado.""},{""sourceColumn"":""data_cadastro"",""destinationColumn"":""created_at"",""status"":""mapped"",""transformation"":""normalize_required_datetime"",""nullHandling"":""normalize_empty_to_null_or_quarantine_when_required"",""referenceRole"":""none"",""sensitivity"":""none"",""reason"":""A coluna data_cadastro alimenta created_at conforme o contrato atual validado.""},{""sourceColumn"":""data_atualizacao"",""destinationColumn"":""updated_at"",""status"":""mapped"",""transformation"":""normalize_required_datetime"",""nullHandling"":""normalize_empty_to_null_or_quarantine_when_required"",""referenceRole"":""none"",""sensitivity"":""none"",""reason"":""A coluna data_atualizacao alimenta updated_at conforme o contrato atual validado.""},{""sourceColumn"":""departamento"",""destinationColumn"":null,""status"":""not_preserved"",""transformation"":""not_emitted_no_equivalent_current_column"",""nullHandling"":""A coluna não produz valor de destino."",""referenceRole"":""none"",""sensitivity"":""none"",""reason"":""O departamento é validado como Tecnologia; o chamado atual é inerentemente TI.""}]","{""organization_id"":""e8048d1c-0830-45d7-84de-68e20abd685b""}","{""attachment"":null}","{""declared"":false,""mode"":""unknown"",""requirements"":[]}","{""kind"":""runtime_classifier"",""decisionSource"":""runtime_classifier"",""conditions"":null,""decisionRequiredPerSourceRow"":true,""omissionPolicy"":""error"",""runtimeClassifierRequired"":true}","{""ruleOrigin"":""remaining:tb_workspace.solicitacoes"",""stepId"":""workspace-ti-request-insert"",""classifyRef"":""remaining:tb_workspace.solicitacoes#classifySourceRow"",""emitRef"":""remaining:tb_workspace.solicitacoes#emitRows""}","{""required"":true,""classifyDigest"":""94c02c1d25f2b919ce61a8d10b815d8bf722961784d00ed63cf5711ca23a7e73"",""emitDigest"":""eba81454c362f26b8ea0ead57bfbb00e371e48091600f798b9f10d318f64f959""}",95e1cf93b678250db2ae3deaadc5c7da25f56a7d0317dfe17b5d7fcd8158f6a8,5,0,0,0,5,preflight_blocked,false
tb_workspace.solicitacoes_categorias,workspace-ti-category-insert,tecnologia.request_categories,insert,generate,"{""kind"":""generate"",""legacyColumn"":""id"",""scope"":""tb_workspace.solicitacoes_categorias"",""namespace"":""3f68d246-0b54-4a10-9415-a8845a767fb5""}",1:1,remaining:tb_workspace.solicitacoes_categorias,tb_admin.departamentos,legacy_identity,"[{""sourceColumn"":""id"",""destinationColumn"":""id"",""status"":""mapped"",""transformation"":""uuid_v5_from_full_source_table_and_legacy_id"",""nullHandling"":""normalize_empty_to_null_or_quarantine_when_required"",""referenceRole"":""none"",""sensitivity"":""none"",""reason"":""A coluna id alimenta id conforme o contrato atual validado.""},{""sourceColumn"":""nome"",""destinationColumn"":""name"",""status"":""mapped"",""transformation"":""normalize_required_text"",""nullHandling"":""normalize_empty_to_null_or_quarantine_when_required"",""referenceRole"":""none"",""sensitivity"":""none"",""reason"":""A coluna nome alimenta name conforme o contrato atual validado.""},{""sourceColumn"":""departamento_id"",""destinationColumn"":null,""status"":""not_preserved"",""transformation"":""not_emitted_no_equivalent_current_column"",""nullHandling"":""A coluna não produz valor de destino."",""referenceRole"":""none"",""sensitivity"":""none"",""reason"":""O departamento é validado como Tecnologia e não existe no catálogo atual de categorias.""},{""sourceColumn"":""status"",""destinationColumn"":""active"",""status"":""mapped"",""transformation"":""normalize_boolean"",""nullHandling"":""normalize_empty_to_null_or_quarantine_when_required"",""referenceRole"":""none"",""sensitivity"":""none"",""reason"":""A coluna status alimenta active conforme o contrato atual validado.""}]","{""organization_id"":""e8048d1c-0830-45d7-84de-68e20abd685b""}",{},"{""declared"":false,""mode"":""unknown"",""requirements"":[]}","{""kind"":""runtime_classifier"",""decisionSource"":""runtime_classifier"",""conditions"":null,""decisionRequiredPerSourceRow"":true,""omissionPolicy"":""error"",""runtimeClassifierRequired"":true}","{""ruleOrigin"":""remaining:tb_workspace.solicitacoes_categorias"",""stepId"":""workspace-ti-category-insert"",""classifyRef"":""remaining:tb_workspace.solicitacoes_categorias#classifySourceRow"",""emitRef"":""remaining:tb_workspace.solicitacoes_categorias#emitRows""}","{""required"":true,""classifyDigest"":""3b175e19b773278be60c0bd6aa438b66ebda5ab91b67481c2f74324cf7d21ec7"",""emitDigest"":""eba81454c362f26b8ea0ead57bfbb00e371e48091600f798b9f10d318f64f959""}",cc8fc4484f9b1fcb015a8ed1676e3bfb3fc1354373a82295d51ceb90c00fe668,1,0,0,0,1,preflight_blocked,false
tb_workspace.solicitacoes_mensagens,workspace-ti-message-insert,tecnologia.request_messages,insert,generate,"{""kind"":""generate"",""legacyColumn"":""id"",""scope"":""tb_workspace.solicitacoes_mensagens"",""namespace"":""3f68d246-0b54-4a10-9415-a8845a767fb5""}",1:1,remaining:tb_workspace.solicitacoes_mensagens,tb_workspace.solicitacoes|tb_admin.usuarios,legacy_identity,"[{""sourceColumn"":""id"",""destinationColumn"":""id"",""status"":""mapped"",""transformation"":""uuid_v5_from_full_source_table_and_legacy_id"",""nullHandling"":""normalize_empty_to_null_or_quarantine_when_required"",""referenceRole"":""none"",""sensitivity"":""none"",""reason"":""A coluna id alimenta id conforme o contrato atual validado.""},{""sourceColumn"":""solicitacao"",""destinationColumn"":""request_id"",""status"":""mapped"",""transformation"":""resolve_workspace_ti_request_reference"",""nullHandling"":""normalize_empty_to_null_or_quarantine_when_required"",""referenceRole"":""foreign_key"",""sensitivity"":""none"",""reason"":""A referência é resolvida exclusivamente pelo vínculo legado explícito.""},{""sourceColumn"":""tipo"",""destinationColumn"":""type"",""status"":""mapped"",""transformation"":""map_workspace_message_type"",""nullHandling"":""normalize_empty_to_null_or_quarantine_when_required"",""referenceRole"":""none"",""sensitivity"":""none"",""reason"":""A coluna tipo alimenta type conforme o contrato atual validado.""},{""sourceColumn"":""remetente"",""destinationColumn"":""sender_id"",""status"":""mapped"",""transformation"":""resolve_explicit_user_reference"",""nullHandling"":""normalize_empty_to_null_or_quarantine_when_required"",""referenceRole"":""foreign_key"",""sensitivity"":""none"",""reason"":""A referência é resolvida exclusivamente pelo vínculo legado explícito.""},{""sourceColumn"":""destinatario"",""destinationColumn"":null,""status"":""not_preserved"",""transformation"":""not_emitted_no_equivalent_current_column"",""nullHandling"":""A coluna não produz valor de destino."",""referenceRole"":""none"",""sensitivity"":""none"",""reason"":""TIMessage não persiste destinatário; somente zero pode prosseguir e qualquer destinatário funcional coloca a linha integral em quarentena.""},{""sourceColumn"":""lida"",""destinationColumn"":null,""status"":""not_preserved"",""transformation"":""not_emitted_no_equivalent_current_column"",""nullHandling"":""A coluna não produz valor de destino."",""referenceRole"":""none"",""sensitivity"":""none"",""reason"":""TIMessage não possui recibo de leitura; somente zero pode prosseguir e qualquer indicador funcional coloca a linha integral em quarentena.""},{""sourceColumn"":""data_envio"",""destinationColumn"":""created_at"",""status"":""mapped"",""transformation"":""normalize_required_datetime"",""nullHandling"":""normalize_empty_to_null_or_quarantine_when_required"",""referenceRole"":""none"",""sensitivity"":""none"",""reason"":""A coluna data_envio alimenta created_at conforme o contrato atual validado.""},{""sourceColumn"":""mensagem"",""destinationColumn"":""message"",""status"":""mapped"",""transformation"":""normalize_required_non_attachment_message"",""nullHandling"":""normalize_empty_to_null_or_quarantine_when_required"",""referenceRole"":""none"",""sensitivity"":""personal"",""reason"":""A coluna mensagem alimenta message conforme o contrato atual validado.""},{""sourceColumn"":""mensagem"",""destinationColumn"":null,""status"":""not_preserved"",""transformation"":""not_emitted_no_equivalent_current_column"",""nullHandling"":""A coluna não produz valor de destino."",""referenceRole"":""none"",""sensitivity"":""personal"",""reason"":""Anexos tipo 6 só poderiam alimentar attachment após correlação inequívoca e MIME JPEG/PNG/WEBP; o PDF real não possui vínculo pelo nome vazio do backup.""}]","{""organization_id"":""e8048d1c-0830-45d7-84de-68e20abd685b""}","{""attachment"":null}","{""declared"":false,""mode"":""unknown"",""requirements"":[]}","{""kind"":""runtime_classifier"",""decisionSource"":""runtime_classifier"",""conditions"":null,""decisionRequiredPerSourceRow"":true,""omissionPolicy"":""error"",""runtimeClassifierRequired"":true}","{""ruleOrigin"":""remaining:tb_workspace.solicitacoes_mensagens"",""stepId"":""workspace-ti-message-insert"",""classifyRef"":""remaining:tb_workspace.solicitacoes_mensagens#classifySourceRow"",""emitRef"":""remaining:tb_workspace.solicitacoes_mensagens#emitRows""}","{""required"":true,""classifyDigest"":""88bd67b58675887a74b4b712dec5d1b1cf098d7131122576e6f05ead91c28b56"",""emitDigest"":""eba81454c362f26b8ea0ead57bfbb00e371e48091600f798b9f10d318f64f959""}",8bf30c95c9bdb7b72de7c3ffb09735b99b31c3f4b962164687e8cf66e67f4201,2,0,0,0,2,preflight_blocked,false
